#
# A fatal error has been detected by the Java Runtime Environment:
#
#  SIGSEGV (0xb) at pc=0x00007f0cfbd114be, pid=14462, tid=14508
#
# JRE version: OpenJDK Runtime Environment Temurin-25.0.3+9 (25.0.3+9) (build 25.0.3+9-LTS)
# Java VM: OpenJDK 64-Bit Server VM Temurin-25.0.3+9 (25.0.3+9-LTS, mixed mode, tiered, compressed oops, compressed class ptrs, g1 gc, linux-amd64)
# Problematic frame:
# C  [libc.so.6+0xf54be]  __tfind+0x4e
#
# Core dump will be written. Default location: Determined by the following: "/usr/lib/systemd/systemd-coredump %P %u %g %s %t %c %h %d %F" (alternatively, falling back to /home/caleb/AndroidStudioProjects/openflix-desktop/core.14462)
#
# If you would like to submit a bug report, please visit:
#   https://github.com/adoptium/adoptium-support/issues
# The crash happened outside the Java Virtual Machine in native code.
# See problematic frame for where to report the bug.
#

---------------  S U M M A R Y ------------

Command Line: -Djpackage.app-version=1.0.0 -Dcompose.application.resources.dir=/tmp/.mount_openflCl8K9q/lib/app/resources -Dcompose.application.configure.swing.globals=true -Dskiko.library.path=/tmp/.mount_openflCl8K9q/lib/app -Djpackage.app-path=/tmp/.mount_openflCl8K9q/bin/OpenFlixDesktop com.calebms.openflix.desktop.MainKt

Host: Intel(R) Core(TM) i5-8350U CPU @ 1.70GHz, 8 cores, 11G, Fedora release 44 (Forty Four)
Time: Thu Sep 10 18:26:44 2026 EAT elapsed time: 18.166739 seconds (0d 0h 0m 18s)

---------------  T H R E A D  ---------------

Current thread (0x00007f0cf477dc70):  JavaThread "AWT-EventQueue-0"        [_thread_in_native, id=14508, stack(0x00007f0c7cc78000,0x00007f0c7cd78000) (1024K)]

Stack: [0x00007f0c7cc78000,0x00007f0c7cd78000],  sp=0x00007f0c7cd74f50,  free space=1011k
Native frames: (J=compiled Java code, j=interpreted, Vv=VM code, C=native code)
C  [libc.so.6+0xf54be]  __tfind+0x4e
C  [libvlccore.so.9+0x8a1b4]  var_SetChecked+0x54
C  [libvlc.so.5.6.1+0xdb61]  libvlc_media_player_set_equalizer+0x1c1
C  [jna13300285577492237966.tmp+0x16052]
Java frames: (J=compiled Java code, j=interpreted, Vv=VM code)
j  uk.co.caprica.vlcj.binding.lib.LibVlc.libvlc_media_player_set_equalizer(Luk/co/caprica/vlcj/binding/internal/libvlc_media_player_t;Luk/co/caprica/vlcj/binding/internal/libvlc_equalizer_t;)I+0
j  uk.co.caprica.vlcj.player.base.AudioApi.applyEqualizer()V+74
j  uk.co.caprica.vlcj.player.base.AudioApi.setEqualizer(Luk/co/caprica/vlcj/player/base/Equalizer;)V+55
j  uk.co.caprica.vlcj.player.base.AudioApi.release()V+2
j  uk.co.caprica.vlcj.player.base.MediaPlayer.release()V+15
j  uk.co.caprica.vlcj.player.component.EmbeddedMediaPlayerComponent.release()V+40
j  com.calebms.openflix.desktop.ComposableSingletons$MainKt$lambda-6$1$invoke$lambda$48$lambda$47$$inlined$onDispose$1.dispose()V+6
j  androidx.compose.runtime.DisposableEffectImpl.onForgotten()V+8
j  androidx.compose.runtime.CompositionImpl$RememberEventDispatcher.dispatchRememberObservers()V+109
j  androidx.compose.runtime.CompositionImpl.applyChangesInLocked(Landroidx/compose/runtime/changelist/ChangeList;)V+175
j  androidx.compose.runtime.CompositionImpl.applyChanges()V+41
j  androidx.compose.runtime.Recomposer$runRecomposeAndApplyChanges$2$1.invoke(J)V+915
j  androidx.compose.runtime.Recomposer$runRecomposeAndApplyChanges$2$1.invoke(Ljava/lang/Object;)Ljava/lang/Object;+8
j  androidx.compose.ui.window.YieldFrameClock.withFrameNanos(Lkotlin/jvm/functions/Function1;Lkotlin/coroutines/Continuation;)Ljava/lang/Object;+140
j  androidx.compose.ui.window.YieldFrameClock$withFrameNanos$1.invokeSuspend(Ljava/lang/Object;)Ljava/lang/Object;+25
J 2269 c1 kotlin.coroutines.jvm.internal.BaseContinuationImpl.resumeWith(Ljava/lang/Object;)V (124 bytes) @ 0x00007f0ce1cbf29c [0x00007f0ce1cbef00+0x000000000000039c]
J 2195 c1 kotlinx.coroutines.DispatchedTask.run()V (400 bytes) @ 0x00007f0ce1ca21cc [0x00007f0ce1ca0c00+0x00000000000015cc]
J 2260 c1 java.awt.event.InvocationEvent.dispatch()V java.desktop@25.0.3 (69 bytes) @ 0x00007f0ce1cbb684 [0x00007f0ce1cbb480+0x0000000000000204]
J 2278 c1 java.awt.EventQueue.dispatchEventImpl(Ljava/awt/AWTEvent;Ljava/lang/Object;)V java.desktop@25.0.3 (139 bytes) @ 0x00007f0ce1cc50dc [0x00007f0ce1cc3480+0x0000000000001c5c]
J 2277 c1 java.awt.EventQueue.dispatchEvent(Ljava/awt/AWTEvent;)V java.desktop@25.0.3 (48 bytes) @ 0x00007f0ce1cc3134 [0x00007f0ce1cc2f00+0x0000000000000234]
J 2282 c1 java.awt.EventDispatchThread.pumpOneEventForFilters(I)V java.desktop@25.0.3 (106 bytes) @ 0x00007f0ce1cc94e4 [0x00007f0ce1cc8d00+0x00000000000007e4]
j  java.awt.EventDispatchThread.pumpEventsForFilter(ILjava/awt/Conditional;Ljava/awt/EventFilter;)V+35 java.desktop@25.0.3
j  java.awt.EventDispatchThread.pumpEventsForHierarchy(ILjava/awt/Conditional;Ljava/awt/Component;)V+11 java.desktop@25.0.3
j  java.awt.EventDispatchThread.pumpEvents(ILjava/awt/Conditional;)V+4 java.desktop@25.0.3
j  java.awt.EventDispatchThread.pumpEvents(Ljava/awt/Conditional;)V+3 java.desktop@25.0.3
j  java.awt.EventDispatchThread.run()V+9 java.desktop@25.0.3
v  ~StubRoutines::call_stub 0x00007f0ce8f36fa6

siginfo: si_signo: 11 (SIGSEGV), si_code: 128 (SI_KERNEL), si_addr: 0x0000000000000000

Registers:
RAX=0x0000000000000016, RBX=0x3bc3e0b9a8489fe8, RCX=0x00007f0cdc0b63e6, RDX=0x00007f0cada998b0
RSP=0x00007f0c7cd74f50, RBP=0x00007f0c7cd74f70, RSI=0x00007f0c5c303ac8, RDI=0x00007f0c7cd74f90
R8 =0x00007f0cbce3bc60, R9 =0x0000000000000002, R10=0x0000000000000000, R11=0x00007f0cdc0a89a0
R12=0x00007f0c7cd74f90, R13=0x00007f0cada998b0, R14=0x00007f0c5c303b80, R15=0x00007f0cdc0b68b3
RIP=0x00007f0cfbd114be, EFLAGS=0x0000000000010206, CSGSFS=0x002b000000000033, ERR=0x0000000000000000
  TRAPNO=0x000000000000000d

XMM[0]=0x0000000000000000 0x0000000000000000
XMM[1]=0x0000000000000000 0x0000000000000002
XMM[2]=0x0000000000000000 0x00007f0cf477dc70
XMM[3]=0x0000000000000000 0x406d600000000000
XMM[4]=0x0000000000000000 0x00007f0c90183bb0
XMM[5]=0x0000000000000000 0x00007f0cf477dc70
XMM[6]=0x0000000000000000 0x0000000000000000
XMM[7]=0x0000000000000000 0x0000000000000000
XMM[8]=0x0000000000000000 0x0000000000000000
XMM[9]=0x0000000000000000 0x0000000000000001
XMM[10]=0x0000000000000000 0x0000000000000002
XMM[11]=0x0000000000000000 0xffffffffffffffff
XMM[12]=0x0000000000000000 0x0000000000000001
XMM[13]=0x0000000000000000 0x0000000000000000
XMM[14]=0x0000000000000000 0x0000000000000000
XMM[15]=0x0000000000000000 0x0000000000000000
  MXCSR=0x00001fa6


Register to memory mapping:

RAX=0x0000000000000016 is an unknown value
RBX=0x3bc3e0b9a8489fe8 is an unknown value
RCX=0x00007f0cdc0b63e6: <offset 0x000000000001b3e6> in /usr/lib64/libvlc.so.5.6.1 at 0x00007f0cdc09b000
RDX=0x00007f0cada998b0: <offset 0x00000000000848b0> in /lib64/libvlccore.so.9 at 0x00007f0cada15000
RSP=0x00007f0c7cd74f50 is pointing into the stack for thread: 0x00007f0cf477dc70
RBP=0x00007f0c7cd74f70 is pointing into the stack for thread: 0x00007f0cf477dc70
RSI=0x00007f0c5c303ac8 points into unknown readable memory: 0x3bc3e0b9a8489fe8 | e8 9f 48 a8 b9 e0 c3 3b
RDI=0x00007f0c7cd74f90 is pointing into the stack for thread: 0x00007f0cf477dc70
R8 =0x00007f0cbce3bc60 is pointing into metadata
R9 =0x0000000000000002 is an unknown value
R10=0x0 is null
R11=0x00007f0cdc0a89a0: libvlc_media_player_set_equalizer+0x0000000000000000 in /usr/lib64/libvlc.so.5.6.1 at 0x00007f0cdc09b000
R12=0x00007f0c7cd74f90 is pointing into the stack for thread: 0x00007f0cf477dc70
R13=0x00007f0cada998b0: <offset 0x00000000000848b0> in /lib64/libvlccore.so.9 at 0x00007f0cada15000
R14=0x00007f0c5c303b80 points into unknown readable memory: 0x00007f0cadac6dd6 | d6 6d ac ad 0c 7f 00 00
R15=0x00007f0cdc0b68b3: <offset 0x000000000001b8b3> in /usr/lib64/libvlc.so.5.6.1 at 0x00007f0cdc09b000

Top of Stack: (sp=0x00007f0c7cd74f50)
0x00007f0c7cd74f50:   00007f0cf459f510 0000000000000010   ..Y.............
0x00007f0c7cd74f60:   00007f0cf459f510 00007f0c5c303b80   ..Y......;0\....
0x00007f0c7cd74f70:   00007f0c7cd74fd0 00007f0cada9f1b4   .O.|............
0x00007f0c7cd74f80:   0000000749606cd0 00007f0cdc0b63e6   .l`I.....c......
0x00007f0c7cd74f90:   00007f0cdc0b68b3 b47e4677e8468e00   .h........F.wF~.
0x00007f0c7cd74fa0:   00007f0c7cd75188 00007f0c7cd75770   .Q.|....pW.|....
0x00007f0c7cd74fb0:   00007f0c7cd74fe0 00007f0cadc14afb   .O.|.....J......
0x00007f0c7cd74fc0:   00007f0cdc0b68b3 00007f0cdc0b63e6   .h.......c......
0x00007f0c7cd74fd0:   00007f0c7cd750a0 00007f0cdc0a8b61   .P.|....a.......
0x00007f0c7cd74fe0:   00007f0c7cd751c0 00007f0cadc1511c   .Q.|.....Q......
0x00007f0c7cd74ff0:   00007f0c5c303b80 0000000000000000   .;0\............
0x00007f0c7cd75000:   0000000000030001 fffffffffffffff7   ................
0x00007f0c7cd75010:   00007f0cbce3bc60 0000000000000002   `...............
0x00007f0c7cd75020:   00007f0cbce3de80 00007f0cbe03f750   ........P.......
0x00007f0c7cd75030:   00000007481e63c8 00007f0cbce3bc80   .c.H............
0x00007f0c7cd75040:   0000000749606af0 0000000749606b08   .j`I.....k`I....
0x00007f0c7cd75050:   00007f0c7cd750b0 00007f0ce8f3e426   .P.|....&.......
0x00007f0c7cd75060:   00007f0c7cd75258 b47e4677e8468e00   XR.|......F.wF~.
0x00007f0c7cd75070:   00007f0cbce3aec8 0000000000000010   ................
0x00007f0c7cd75080:   0000000748e6b248 0000000000000008   H..H............
0x00007f0c7cd75090:   0000000000000002 00007f0c7cd75770   ........pW.|....
0x00007f0c7cd750a0:   00007f0c7cd750b0 00007f0cadc16052   .P.|....R`......
0x00007f0c7cd750b0:   0000000000000006 00007f0c7cd75900   .........Y.|....
0x00007f0c7cd750c0:   00007f0c7cd751c0 00007f0cadc1511c   .Q.|.....Q......
0x00007f0c7cd750d0:   0000000749606cd0 fffffffffffffff7   .l`I............
0x00007f0c7cd750e0:   00007f0c00000000 00007f0c7cd74ff0   .........O.|....
0x00007f0c7cd750f0:   00007f0c7cd75868 0000000000000000   hX.|............
0x00007f0c7cd75100:   0000000000000001 00007f0cdc0a89a0   ................
0x00007f0c7cd75110:   00000006fffffff6 00007f0c7cd74ff0   .........O.|....
0x00007f0c7cd75120:   00007f0c7cd75900 0000000049606b28   .Y.|....(k`I....
0x00007f0c7cd75130:   00007f0cf459f470 00007f0c7cd74ff0   p.Y......O.|....
0x00007f0c7cd75140:   000000027cd75258 00007f0c7cd75170   XR.|....pQ.|....

Instructions: (pc=0x00007f0cfbd114be)
  0x00007f0cfbd113be:   00 00 bf 18 00 00 00 48 89 4d c8 e8 52 b7 f0 ff
  0x00007f0cfbd113ce:   48 89 c3 48 85 c0 74 62 48 8b 4d c8 66 0f 6f 05
  0x00007f0cfbd113de:   7e 91 0c 00 48 8b 01 83 e0 01 48 09 d8 48 89 01
  0x00007f0cfbd113ee:   48 8b 45 b8 0f 11 43 08 48 89 03 49 39 ce 74 3a
  0x00007f0cfbd113fe:   48 8b 39 45 89 e0 44 89 f9 4c 89 ea 4c 89 f6 41
  0x00007f0cfbd1140e:   b9 01 00 00 00 e8 18 fd ff ff 48 89 d8 4c 8b 65
  0x00007f0cfbd1141e:   e0 4c 8b 6d e8 4c 8b 75 f0 4c 8b 7d f8 48 8b 5d
  0x00007f0cfbd1142e:   d8 c9 c3 0f 1f 80 00 00 00 00 4c 8b 65 e0 4c 8b
  0x00007f0cfbd1143e:   6d e8 4c 8b 75 f0 4c 8b 7d f8 48 89 d8 48 8b 5d
  0x00007f0cfbd1144e:   d8 c9 c3 0f 1f 80 00 00 00 00 45 89 e7 4c 89 f1
  0x00007f0cfbd1145e:   e9 5d ff ff ff 31 db eb e1 66 0f 1f 84 00 00 00
  0x00007f0cfbd1146e:   00 00 f3 0f 1e fa 55 48 89 e5 48 83 ec 20 48 89
  0x00007f0cfbd1147e:   5d e8 48 85 f6 74 6e 48 8b 1e 4c 89 65 f0 49 89
  0x00007f0cfbd1148e:   fc 4c 89 6d f8 49 89 d5 48 83 fb 01 77 1b eb 42
  0x00007f0cfbd1149e:   66 90 48 8d 53 08 48 83 c3 10 85 c0 48 0f 48 da
  0x00007f0cfbd114ae:   48 8b 1b 48 83 fb 01 76 29 48 83 e3 fe 4c 89 e7
=>0x00007f0cfbd114be:   48 8b 33 41 ff d5 85 c0 75 d8 4c 8b 65 f0 4c 8b
  0x00007f0cfbd114ce:   6d f8 48 89 d8 48 8b 5d e8 c9 c3 0f 1f 80 00 00
  0x00007f0cfbd114de:   00 00 31 db 4c 8b 65 f0 4c 8b 6d f8 48 89 d8 48
  0x00007f0cfbd114ee:   8b 5d e8 c9 c3 31 db eb d9 66 0f 1f 84 00 00 00
  0x00007f0cfbd114fe:   00 00 f3 0f 1e fa 55 48 89 e5 41 57 41 56 41 55
  0x00007f0cfbd1150e:   49 89 fd 41 54 49 89 f4 53 48 83 ec 48 64 4c 8b
  0x00007f0cfbd1151e:   34 25 28 00 00 00 4c 89 75 c8 49 89 d6 48 89 e0
  0x00007f0cfbd1152e:   48 39 c4 74 14 48 81 ec 00 10 00 00 80 8c 24 f8
  0x00007f0cfbd1153e:   0f 00 00 00 48 39 c4 75 ec 48 81 ec 50 01 00 00
  0x00007f0cfbd1154e:   80 8c 24 48 01 00 00 00 48 8d 5c 24 0f 48 83 e3
  0x00007f0cfbd1155e:   f0 48 89 5d b0 4d 85 e4 74 7c 49 8b 04 24 48 83
  0x00007f0cfbd1156e:   f8 01 76 72 48 83 e0 fe c7 45 bc 28 00 00 00 31
  0x00007f0cfbd1157e:   db 49 89 c7 eb 15 0f 1f 40 00 49 8b 47 10 4d 8d
  0x00007f0cfbd1158e:   67 10 48 83 c3 01 48 85 c0 74 4b 48 8b 30 4c 89
  0x00007f0cfbd1159e:   ef 41 ff d6 41 89 c2 85 c0 0f 84 e3 00 00 00 4c
  0x00007f0cfbd115ae:   8d 3c dd 00 00 00 00 39 5d bc 74 56 48 8b 45 b0


Stack slot to memory mapping:

stack at sp + 0 slots: 0x00007f0cf459f510 points into unknown readable memory: 0x00007f0cadc1b130 | 30 b1 c1 ad 0c 7f 00 00
stack at sp + 1 slots: 0x0000000000000010 is an unknown value
stack at sp + 2 slots: 0x00007f0cf459f510 points into unknown readable memory: 0x00007f0cadc1b130 | 30 b1 c1 ad 0c 7f 00 00
stack at sp + 3 slots: 0x00007f0c5c303b80 points into unknown readable memory: 0x00007f0cadac6dd6 | d6 6d ac ad 0c 7f 00 00
stack at sp + 4 slots: 0x00007f0c7cd74fd0 is pointing into the stack for thread: 0x00007f0cf477dc70
stack at sp + 5 slots: 0x00007f0cada9f1b4: var_SetChecked+0x0000000000000054 in /lib64/libvlccore.so.9 at 0x00007f0cada15000
stack at sp + 6 slots: 0x0000000749606cd0 is an oop: kotlinx.coroutines.channels.ChannelSegment 
{0x0000000749606cd0} - klass: 'kotlinx/coroutines/channels/ChannelSegment' - flags: 

 - ---- fields (total size 5 words):
 - private volatile synthetic '_next$volatile' 'Ljava/lang/Object;' @12  null (0x00000000)
 - private volatile synthetic '_prev$volatile' 'Ljava/lang/Object;' @16  null (0x00000000)
 - private volatile synthetic 'cleanedAndPointers$volatile' 'I' @20  196609 (0x00030001)
 - public final 'id' 'J' @24  0 (0x0000000000000000)
 - private final '_channel' 'Lkotlinx/coroutines/channels/BufferedChannel;' @32  a 'kotlinx/coroutines/channels/BufferedChannel'{0x0000000749606c80} (0xe92c0d90)
 - private final synthetic 'data' 'Ljava/util/concurrent/atomic/AtomicReferenceArray;' @36  a 'java/util/concurrent/atomic/AtomicReferenceArray'{0x0000000749606cf8} (0xe92c0d9f)
stack at sp + 7 slots: 0x00007f0cdc0b63e6: <offset 0x000000000001b3e6> in /usr/lib64/libvlc.so.5.6.1 at 0x00007f0cdc09b000

Lock stack of current Java thread (top to bottom):


Compiled method (c1) 18188 2269   !   3       kotlin.coroutines.jvm.internal.BaseContinuationImpl::resumeWith (124 bytes)
 total in heap  [0x00007f0ce1cbee08,0x00007f0ce1cc0b70] = 7528
 main code      [0x00007f0ce1cbef00,0x00007f0ce1cc0aa0] = 7072
 stub code      [0x00007f0ce1cc0aa0,0x00007f0ce1cc0b50] = 176
 oops           [0x00007f0ce1cc0b50,0x00007f0ce1cc0b70] = 32
 mutable data [0x00007f0c942776b0,0x00007f0c942779a8] = 760
 relocation     [0x00007f0c942776b0,0x00007f0c94277940] = 656
 metadata       [0x00007f0c94277940,0x00007f0c942779a8] = 104
 immutable data [0x00007f0c94276d70,0x00007f0c942776a8] = 2360
 dependencies   [0x00007f0c94276d70,0x00007f0c94276d90] = 32
 nul chk table  [0x00007f0c94276d90,0x00007f0c94276dc8] = 56
 handler table  [0x00007f0c94276dc8,0x00007f0c94276de0] = 24
 scopes pcs     [0x00007f0c94276de0,0x00007f0c94277210] = 1072
 scopes data    [0x00007f0c94277210,0x00007f0c942776a8] = 1176

[Constant Pool (empty)]

[MachCode]
[Instructions begin]
  0x00007f0ce1cbef00: 6666 660f | 1f84 0000 | 0000 0066 | 6666 9066 | 6690 448b | 5608 443b 

  0x00007f0ce1cbef18: ;   {runtime_call Shared Runtime ic_miss_blob}
  0x00007f0ce1cbef18: 5008 0f85 | c054 2c07 
[Verified Entry Point]
  0x00007f0ce1cbef20: 8984 2400 | c0fe ff55 | 4881 ec10 | 0100 0090 | 4181 7f20 | 0500 0000 

  0x00007f0ce1cbef38: ;   {runtime_call Stub::method_entry_barrier}
  0x00007f0ce1cbef38: 7405 e801 

  0x00007f0ce1cbef3c: ;   {metadata(method data for {method} {0x00007f0cbcd39320} 'resumeWith' '(Ljava/lang/Object;)V' in 'kotlin/coroutines/jvm/internal/BaseContinuationImpl')}
  0x00007f0ce1cbef3c: d02a 0748 | bfc8 bc1a | be0c 7f00 | 008b 9f90 | 0000 0083 | c302 899f | 9000 0000 | 81e3 fe07 
  0x00007f0ce1cbef5c: 0000 85db | 0f84 7916 | 0000 6690 

  0x00007f0ce1cbef68: ;   {metadata(method data for {method} {0x00007f0cbcd39320} 'resumeWith' '(Ljava/lang/Object;)V' in 'kotlin/coroutines/jvm/internal/BaseContinuationImpl')}
  0x00007f0ce1cbef68: 4885 f648 | b8c8 bc1a | be0c 7f00 | 0075 0c80 | 88d1 0000 | 0001 e9af | 0000 008b | 4e08 483b 
  0x00007f0ce1cbef88: 88e0 0000 | 0075 0d48 | 8380 e800 | 0000 01e9 | 6000 0000 | 483b 88f0 | 0000 0075 | 0d48 8380 
  0x00007f0ce1cbefa8: f800 0000 | 01e9 4a00 | 0000 4883 | b8e0 0000 | 0000 7517 | 4889 88e0 | 0000 0048 | c780 e800 
  0x00007f0ce1cbefc8: 0000 0100 | 0000 e929 | 0000 0048 | 83b8 f000 | 0000 0075 | 1748 8988 | f000 0000 | 48c7 80f8 
  0x00007f0ce1cbefe8: 0000 0001 | 0000 00e9 | 0800 0000 | 4883 80d8 | 0000 0001 

  0x00007f0ce1cbeffc: ;   {metadata('kotlin/coroutines/Continuation')}
  0x00007f0ce1cbeffc: 48b9 8059 | 18b8 0000 | 0000 8b46 | 0848 3b48 | 200f 841f | 0000 0048 | 3bc1 0f84 | 1600 0000 
  0x00007f0ce1cbf01c: ;   {runtime_call C1 Runtime slow_subtype_check_blob}
  0x00007f0ce1cbf01c: 5051 e8bd | 2539 0758 | 5885 c00f | 84d3 1500 | 00e9 0000 | 0000 488b 

  0x00007f0ce1cbf034: ;   {metadata(method data for {method} {0x00007f0cbcd39320} 'resumeWith' '(Ljava/lang/Object;)V' in 'kotlin/coroutines/jvm/internal/BaseContinuationImpl')}
  0x00007f0ce1cbf034: fe48 bbc8 | bc1a be0c | 7f00 0048 | 8383 0801 

  0x00007f0ce1cbf044: ;   {metadata(method data for {method} {0x00007f0cbcd60360} 'probeCoroutineResumed' '(Lkotlin/coroutines/Continuation;)V' in 'kotlin/coroutines/jvm/internal/DebugProbesKt')}
  0x00007f0ce1cbf044: 0000 0148 | bb28 c819 | be0c 7f00 | 008b 8390 | 0000 0083 | c002 8983 | 9000 0000 | 25fe ff1f 
  0x00007f0ce1cbf064: 0085 c00f | 849c 1500 

  0x00007f0ce1cbf06c: ;   {metadata(method data for {method} {0x00007f0cbcd60360} 'probeCoroutineResumed' '(Lkotlin/coroutines/Continuation;)V' in 'kotlin/coroutines/jvm/internal/DebugProbesKt')}
  0x00007f0ce1cbf06c: 0048 bb28 | c819 be0c | 7f00 0048 | 8383 d800 

  0x00007f0ce1cbf07c: ;   {metadata(method data for {method} {0x00007f0cbc8587e8} 'checkNotNullParameter' '(Ljava/lang/Object;Ljava/lang/String;)V' in 'kotlin/jvm/internal/Intrinsics')}
  0x00007f0ce1cbf07c: 0000 0148 | bb80 3de1 | bc0c 7f00 | 008b 8390 | 0000 0083 | c002 8983 | 9000 0000 | 25fe ff1f 
  0x00007f0ce1cbf09c: 0085 c00f | 8485 1500 | 0048 85ff 

  0x00007f0ce1cbf0a8: ;   {metadata(method data for {method} {0x00007f0cbc8587e8} 'checkNotNullParameter' '(Ljava/lang/Object;Ljava/lang/String;)V' in 'kotlin/jvm/internal/Intrinsics')}
  0x00007f0ce1cbf0a8: 48bf 803d | e1bc 0c7f | 0000 bbe8 | 0000 0074 | 05bb d800 | 0000 488b | 041f 488d | 4001 4889 
  0x00007f0ce1cbf0c8: 041f 0f84 | 040e 0000 

  0x00007f0ce1cbf0d0: ;   {metadata(method data for {method} {0x00007f0cbcd39320} 'resumeWith' '(Ljava/lang/Object;)V' in 'kotlin/coroutines/jvm/internal/BaseContinuationImpl')}
  0x00007f0ce1cbf0d0: 4885 f648 | bbc8 bc1a | be0c 7f00 | 0075 0c80 | 8b11 0100 | 0001 e995 | 0000 008b | 4608 483b 
  0x00007f0ce1cbf0f0: 8320 0100 | 0075 0d48 | 8383 2801 | 0000 01e9 | 6000 0000 | 483b 8330 | 0100 0075 | 0d48 8383 
  0x00007f0ce1cbf110: 3801 0000 | 01e9 4a00 | 0000 4883 | bb20 0100 | 0000 7517 | 4889 8320 | 0100 0048 | c783 2801 
  0x00007f0ce1cbf130: 0000 0100 | 0000 e929 | 0000 0048 | 83bb 3001 | 0000 0075 | 1748 8983 | 3001 0000 | 48c7 8338 
  0x00007f0ce1cbf150: 0100 0001 | 0000 00e9 | 0800 0000 | 4883 8318 | 0100 0001 

  0x00007f0ce1cbf164: ;   {metadata('kotlin/coroutines/jvm/internal/BaseContinuationImpl')}
  0x00007f0ce1cbf164: 48b8 905d | 18b8 0000 | 0000 8b5e | 0848 3b43 | 380f 85d0 | 1400 00e9 | 0000 0000 | 488b fe8b 
  0x00007f0ce1cbf184: 5f0c 48c1 | e303 4889 | 9c24 b000 

  0x00007f0ce1cbf190: ;   {metadata(method data for {method} {0x00007f0cbcd39320} 'resumeWith' '(Ljava/lang/Object;)V' in 'kotlin/coroutines/jvm/internal/BaseContinuationImpl')}
  0x00007f0ce1cbf190: 0000 48be | c8bc 1abe | 0c7f 0000 | 4883 8648 | 0100 0001 

  0x00007f0ce1cbf1a4: ;   {metadata(method data for {method} {0x00007f0cbc857798} 'checkNotNull' '(Ljava/lang/Object;)V' in 'kotlin/jvm/internal/Intrinsics')}
  0x00007f0ce1cbf1a4: 48be 3056 | 7bbd 0c7f | 0000 8b86 | 9000 0000 | 83c0 0289 | 8690 0000 | 0025 feff | 1f00 85c0 
  0x00007f0ce1cbf1c4: 0f84 8f14 | 0000 4885 

  0x00007f0ce1cbf1cc: ;   {metadata(method data for {method} {0x00007f0cbc857798} 'checkNotNull' '(Ljava/lang/Object;)V' in 'kotlin/jvm/internal/Intrinsics')}
  0x00007f0ce1cbf1cc: db48 be30 | 567b bd0c | 7f00 00b8 | e800 0000 | 7405 b8d8 | 0000 0048 | 8b0c 0648 | 8d49 0148 
  0x00007f0ce1cbf1ec: 890c 060f | 849f 0a00 | 0048 8bf7 

  0x00007f0ce1cbf1f8: ;   {metadata(method data for {method} {0x00007f0cbcd39320} 'resumeWith' '(Ljava/lang/Object;)V' in 'kotlin/coroutines/jvm/internal/BaseContinuationImpl')}
  0x00007f0ce1cbf1f8: 48b8 c8bc | 1abe 0c7f | 0000 8b76 | 0848 3bb0 | 6001 0000 | 750d 4883 | 8068 0100 | 0001 e960 
  0x00007f0ce1cbf218: 0000 0048 | 3bb0 7001 | 0000 750d | 4883 8078 | 0100 0001 | e94a 0000 | 0048 83b8 | 6001 0000 
  0x00007f0ce1cbf238: 0075 1748 | 89b0 6001 | 0000 48c7 | 8068 0100 | 0001 0000 | 00e9 2900 | 0000 4883 | b870 0100 
  0x00007f0ce1cbf258: 0000 7517 | 4889 b070 | 0100 0048 | c780 7801 | 0000 0100 | 0000 e908 | 0000 0048 | 8380 5801 
  0x00007f0ce1cbf278: 0000 0148 | 8bf7 4889 | bc24 a800 | 0000 0f1f | 8000 0000 | 0048 b8d0 | 7f27 940c 

  0x00007f0ce1cbf294: ;   {virtual_call}
  0x00007f0ce1cbf294: 7f00 00e8 

  0x00007f0ce1cbf298: ; ImmutableOopMap {[168]=Oop [176]=Oop }
                      ;*invokevirtual invokeSuspend {reexecute=0 rethrow=0 return_oop=0}
                      ; - kotlin.coroutines.jvm.internal.BaseContinuationImpl::resumeWith@40 (line 33)
  0x00007f0ce1cbf298: a4e3 3907 

  0x00007f0ce1cbf29c: ;   {post_call_nop}
  0x00007f0ce1cbf29c: 0f1f 8400 | 9404 0000 

  0x00007f0ce1cbf2a4: ;   {metadata(method data for {method} {0x00007f0cbcd39320} 'resumeWith' '(Ljava/lang/Object;)V' in 'kotlin/coroutines/jvm/internal/BaseContinuationImpl')}
  0x00007f0ce1cbf2a4: 48ba c8bc | 1abe 0c7f | 0000 4883 | 8288 0100 

  0x00007f0ce1cbf2b4: ;   {metadata(method data for {method} {0x00007f0cbcd5e4d0} 'getCOROUTINE_SUSPENDED' '()Ljava/lang/Object;' in 'kotlin/coroutines/intrinsics/IntrinsicsKt__IntrinsicsKt')}
  0x00007f0ce1cbf2b4: 0001 48ba | 40d5 e4bd | 0c7f 0000 | 8bb2 9000 | 0000 83c6 | 0289 b290 | 0000 0081 | e6fe ff1f 
  0x00007f0ce1cbf2d4: 0085 f60f | 849d 1300 

  0x00007f0ce1cbf2dc: ;   {oop(a 'kotlin/coroutines/intrinsics/CoroutineSingletons'{0x00000007481e3978})}
  0x00007f0ce1cbf2dc: 0049 ba78 | 391e 4807 | 0000 0049 

  0x00007f0ce1cbf2e8: ;   {metadata(method data for {method} {0x00007f0cbcd39320} 'resumeWith' '(Ljava/lang/Object;)V' in 'kotlin/coroutines/jvm/internal/BaseContinuationImpl')}
  0x00007f0ce1cbf2e8: 3bc2 48ba | c8bc 1abe | 0c7f 0000 | bea8 0100 | 0074 05be | 9801 0000 | 488b 3c32 | 488d 7f01 
  0x00007f0ce1cbf308: 4889 3c32 | 0f84 050f 

  0x00007f0ce1cbf310: ;   {metadata(method data for {method} {0x00007f0cbcd39320} 'resumeWith' '(Ljava/lang/Object;)V' in 'kotlin/coroutines/jvm/internal/BaseContinuationImpl')}
  0x00007f0ce1cbf310: 0000 48ba | c8bc 1abe | 0c7f 0000 | 4883 82b8 | 0100 0001 

  0x00007f0ce1cbf324: ;   {metadata(method data for {method} {0x00007f0cbcd6b6d0} 'constructor-impl' '(Ljava/lang/Object;)Ljava/lang/Object;' in 'kotlin/Result')}
  0x00007f0ce1cbf324: 48ba c0bd | 19be 0c7f | 0000 8bb2 | 9000 0000 | 83c6 0289 | b290 0000 | 0081 e6fe | ff1f 0085 
  0x00007f0ce1cbf344: f60f 8450 

  0x00007f0ce1cbf348: ;   {metadata(method data for {method} {0x00007f0cbcd39320} 'resumeWith' '(Ljava/lang/Object;)V' in 'kotlin/coroutines/jvm/internal/BaseContinuationImpl')}
  0x00007f0ce1cbf348: 1300 0048 | bac8 bc1a | be0c 7f00 | 00ff 82c8 | 0100 00e9 | 3b02 0000 | 498b 87e0 | 0500 004d 
  0x00007f0ce1cbf368: 33d2 4d89 | 97e0 0500 | 004d 33d2 | 4d89 97e8 

  0x00007f0ce1cbf378: ;   {metadata(method data for {method} {0x00007f0cbcd39320} 'resumeWith' '(Ljava/lang/Object;)V' in 'kotlin/coroutines/jvm/internal/BaseContinuationImpl')}
  0x00007f0ce1cbf378: 0500 0048 | bac8 bc1a | be0c 7f00 | 0048 8382 | e001 0000 

  0x00007f0ce1cbf38c: ;   {metadata(method data for {method} {0x00007f0cbcd813d8} 'createFailure' '(Ljava/lang/Throwable;)Ljava/lang/Object;' in 'kotlin/ResultKt')}
  0x00007f0ce1cbf38c: 0148 ba38 | 471a be0c | 7f00 008b | b290 0000 | 0083 c602 | 89b2 9000 | 0000 81e6 | feff 1f00 
  0x00007f0ce1cbf3ac: 85f6 0f84 | 0813 0000 

  0x00007f0ce1cbf3b4: ;   {metadata(method data for {method} {0x00007f0cbcd813d8} 'createFailure' '(Ljava/lang/Throwable;)Ljava/lang/Object;' in 'kotlin/ResultKt')}
  0x00007f0ce1cbf3b4: 48ba 3847 | 1abe 0c7f | 0000 4883 | 82d8 0000 

  0x00007f0ce1cbf3c4: ;   {metadata(method data for {method} {0x00007f0cbc8587e8} 'checkNotNullParameter' '(Ljava/lang/Object;Ljava/lang/String;)V' in 'kotlin/jvm/internal/Intrinsics')}
  0x00007f0ce1cbf3c4: 0001 48ba | 803d e1bc | 0c7f 0000 | 8bb2 9000 | 0000 83c6 | 0289 b290 | 0000 0081 | e6fe ff1f 
  0x00007f0ce1cbf3e4: 0085 f60f | 84f0 1200 | 0048 85c0 

  0x00007f0ce1cbf3f0: ;   {metadata(method data for {method} {0x00007f0cbc8587e8} 'checkNotNullParameter' '(Ljava/lang/Object;Ljava/lang/String;)V' in 'kotlin/jvm/internal/Intrinsics')}
  0x00007f0ce1cbf3f0: 48ba 803d | e1bc 0c7f | 0000 bee8 | 0000 0074 | 05be d800 | 0000 488b | 3c32 488d | 7f01 4889 
  0x00007f0ce1cbf410: 3c32 0f84 | 0406 0000 

  0x00007f0ce1cbf418: ;   {metadata('kotlin/Result$Failure')}
  0x00007f0ce1cbf418: 48ba 98b7 | 18b8 0000 | 0000 488b | d849 8b87 | c801 0000 | 488d 7810 | 493b bfd8 | 0100 000f 
  0x00007f0ce1cbf438: 87c1 1200 | 0049 89bf | c801 0000 | 48c7 0001 | 0000 0048 | 8bca 8948 | 0848 33c9 | 8948 0c48 
  0x00007f0ce1cbf458: 33c9 488b 

  0x00007f0ce1cbf45c: ;   {metadata(method data for {method} {0x00007f0cbcd813d8} 'createFailure' '(Ljava/lang/Throwable;)Ljava/lang/Object;' in 'kotlin/ResultKt')}
  0x00007f0ce1cbf45c: f048 bf38 | 471a be0c | 7f00 0048 | 8387 e800 

  0x00007f0ce1cbf46c: ;   {metadata(method data for {method} {0x00007f0cbcd6fa50} '<init>' '(Ljava/lang/Throwable;)V' in 'kotlin/Result$Failure')}
  0x00007f0ce1cbf46c: 0000 0148 | be70 481a | be0c 7f00 | 008b be90 | 0000 0083 | c702 89be | 9000 0000 | 81e7 feff 
  0x00007f0ce1cbf48c: 1f00 85ff | 0f84 7512 

  0x00007f0ce1cbf494: ;   {metadata(method data for {method} {0x00007f0cbcd6fa50} '<init>' '(Ljava/lang/Throwable;)V' in 'kotlin/Result$Failure')}
  0x00007f0ce1cbf494: 0000 48be | 7048 1abe | 0c7f 0000 | 4883 86d8 | 0000 0001 

  0x00007f0ce1cbf4a8: ;   {metadata(method data for {method} {0x00007f0cbc8587e8} 'checkNotNullParameter' '(Ljava/lang/Object;Ljava/lang/String;)V' in 'kotlin/jvm/internal/Intrinsics')}
  0x00007f0ce1cbf4a8: 48be 803d | e1bc 0c7f | 0000 8bbe | 9000 0000 | 83c7 0289 | be90 0000 | 0081 e7fe | ff1f 0085 
  0x00007f0ce1cbf4c8: ff0f 845d | 1200 0048 

  0x00007f0ce1cbf4d0: ;   {metadata(method data for {method} {0x00007f0cbc8587e8} 'checkNotNullParameter' '(Ljava/lang/Object;Ljava/lang/String;)V' in 'kotlin/jvm/internal/Intrinsics')}
  0x00007f0ce1cbf4d0: 85db 48be | 803d e1bc | 0c7f 0000 | bfe8 0000 | 0074 05bf | d800 0000 | 488b 143e | 488d 5201 
  0x00007f0ce1cbf4f0: 4889 143e | 0f84 a402 | 0000 488b 

  0x00007f0ce1cbf4fc: ;   {metadata(method data for {method} {0x00007f0cbcd6fa50} '<init>' '(Ljava/lang/Throwable;)V' in 'kotlin/Result$Failure')}
  0x00007f0ce1cbf4fc: f048 bf70 | 481a be0c | 7f00 0048 | 8387 e800 

  0x00007f0ce1cbf50c: ;   {metadata(method data for {method} {0x00007f0cbc0005d0} '<init>' '()V' in 'java/lang/Object')}
  0x00007f0ce1cbf50c: 0000 0148 | beb0 2123 | bc0c 7f00 | 008b be90 | 0000 0083 | c702 89be | 9000 0000 | 81e7 feff 
  0x00007f0ce1cbf52c: 1f00 85ff | 0f84 1712 | 0000 410f | be77 4885 | f60f 852b | 1200 004c | 8bd3 49c1 | ea03 4489 
  0x00007f0ce1cbf54c: 500c 488b | f048 33f3 | 48c1 ee15 | 4883 fe00 | 0f85 2b12 

  0x00007f0ce1cbf560: ;   {metadata(method data for {method} {0x00007f0cbcd39320} 'resumeWith' '(Ljava/lang/Object;)V' in 'kotlin/coroutines/jvm/internal/BaseContinuationImpl')}
  0x00007f0ce1cbf560: 0000 48be | c8bc 1abe | 0c7f 0000 | 4883 86f0 | 0100 0001 

  0x00007f0ce1cbf574: ;   {metadata(method data for {method} {0x00007f0cbcd6b6d0} 'constructor-impl' '(Ljava/lang/Object;)Ljava/lang/Object;' in 'kotlin/Result')}
  0x00007f0ce1cbf574: 48be c0bd | 19be 0c7f | 0000 8bbe | 9000 0000 | 83c7 0289 | be90 0000 | 0081 e7fe | ff1f 0085 
  0x00007f0ce1cbf594: ff0f 840a | 1200 0048 | 8984 24b8 | 0000 0048 | 8bbc 24a8 

  0x00007f0ce1cbf5a8: ;   {metadata(method data for {method} {0x00007f0cbcd39320} 'resumeWith' '(Ljava/lang/Object;)V' in 'kotlin/coroutines/jvm/internal/BaseContinuationImpl')}
  0x00007f0ce1cbf5a8: 0000 0048 | bec8 bc1a | be0c 7f00 | 008b 7f08 | 483b be08 | 0200 0075 | 0d48 8386 | 1002 0000 
  0x00007f0ce1cbf5c8: 01e9 6000 | 0000 483b | be18 0200 | 0075 0d48 | 8386 2002 | 0000 01e9 | 4a00 0000 | 4883 be08 
  0x00007f0ce1cbf5e8: 0200 0000 | 7517 4889 | be08 0200 | 0048 c786 | 1002 0000 | 0100 0000 | e929 0000 | 0048 83be 
  0x00007f0ce1cbf608: 1802 0000 | 0075 1748 | 89be 1802 | 0000 48c7 | 8620 0200 | 0001 0000 | 00e9 0800 | 0000 4883 
  0x00007f0ce1cbf628: 8600 0200 | 0001 488b | b424 a800 | 0000 0f1f | 8000 0000 | 0048 b8f8 | 7f27 940c 

  0x00007f0ce1cbf644: ;   {virtual_call}
  0x00007f0ce1cbf644: 7f00 00e8 

  0x00007f0ce1cbf648: ; ImmutableOopMap {[176]=Oop [184]=Oop }
                      ;*invokevirtual releaseIntercepted {reexecute=0 rethrow=0 return_oop=0}
                      ; - kotlin.coroutines.jvm.internal.BaseContinuationImpl::resumeWith@90 (line 39)
  0x00007f0ce1cbf648: 54e3 3907 

  0x00007f0ce1cbf64c: ;   {post_call_nop}
  0x00007f0ce1cbf64c: 0f1f 8400 | 4408 0001 | 488b 9c24 | b000 0000 

  0x00007f0ce1cbf65c: ;   {metadata(method data for {method} {0x00007f0cbcd39320} 'resumeWith' '(Ljava/lang/Object;)V' in 'kotlin/coroutines/jvm/internal/BaseContinuationImpl')}
  0x00007f0ce1cbf65c: 4885 db48 | bfc8 bc1a | be0c 7f00 | 0075 0c80 | 8f29 0200 | 0001 e995 | 0000 008b | 4308 483b 
  0x00007f0ce1cbf67c: 8738 0200 | 0075 0d48 | 8387 4002 | 0000 01e9 | 6000 0000 | 483b 8748 | 0200 0075 | 0d48 8387 
  0x00007f0ce1cbf69c: 5002 0000 | 01e9 4a00 | 0000 4883 | bf38 0200 | 0000 7517 | 4889 8738 | 0200 0048 | c787 4002 
  0x00007f0ce1cbf6bc: 0000 0100 | 0000 e929 | 0000 0048 | 83bf 4802 | 0000 0075 | 1748 8987 | 4802 0000 | 48c7 8750 
  0x00007f0ce1cbf6dc: 0200 0001 | 0000 00e9 | 0800 0000 | 4883 8730 | 0200 0001 

  0x00007f0ce1cbf6f0: ;   {metadata('kotlin/coroutines/jvm/internal/BaseContinuationImpl')}
  0x00007f0ce1cbf6f0: 48b8 905d | 18b8 0000 | 0000 8b7b | 0848 3b47 | 380f 8505 | 0000 00e9 | 0500 0000 | 4833 d2eb 
  0x00007f0ce1cbf710: 05ba 0100 | 0000 85d2 

  0x00007f0ce1cbf718: ;   {metadata(method data for {method} {0x00007f0cbcd39320} 'resumeWith' '(Ljava/lang/Object;)V' in 'kotlin/coroutines/jvm/internal/BaseContinuationImpl')}
  0x00007f0ce1cbf718: 48ba c8bc | 1abe 0c7f | 0000 be60 | 0200 0074 | 05be 7002 | 0000 488b | 3c32 488d | 7f01 4889 
  0x00007f0ce1cbf738: 3c32 0f84 | 140a 0000 

  0x00007f0ce1cbf740: ;   {metadata(method data for {method} {0x00007f0cbcd39320} 'resumeWith' '(Ljava/lang/Object;)V' in 'kotlin/coroutines/jvm/internal/BaseContinuationImpl')}
  0x00007f0ce1cbf740: 48ba c8bc | 1abe 0c7f | 0000 ff82 | 8002 0000 

  0x00007f0ce1cbf750: ;   {metadata(method data for {method} {0x00007f0cbcd39320} 'resumeWith' '(Ljava/lang/Object;)V' in 'kotlin/coroutines/jvm/internal/BaseContinuationImpl')}
  0x00007f0ce1cbf750: 48ba c8bc | 1abe 0c7f | 0000 8bb2 | 9400 0000 | 83c6 0289 | b294 0000 | 0081 e6fe | 3f00 0085 
  0x00007f0ce1cbf770: f60f 844f | 1000 004d 

  0x00007f0ce1cbf778: ; ImmutableOopMap {rbx=Oop [176]=Oop [184]=Oop }
                      ;*goto {reexecute=1 rethrow=0 return_oop=0}
                      ; - (reexecute) kotlin.coroutines.jvm.internal.BaseContinuationImpl::resumeWith@121 (line 29)
                      ;   {poll}
  0x00007f0ce1cbf778: 8b57 3041 

  0x00007f0ce1cbf77c: ;   {metadata(method data for {method} {0x00007f0cbcd39320} 'resumeWith' '(Ljava/lang/Object;)V' in 'kotlin/coroutines/jvm/internal/BaseContinuationImpl')}
  0x00007f0ce1cbf77c: 8502 48ba | c8bc 1abe | 0c7f 0000 | ff82 c802 | 0000 488b | 9424 b800 | 0000 488b | f3e9 caf7 
  0x00007f0ce1cbf79c: ffff 4889 | 8424 c800 | 0000 4889 | 9c24 d000 

  0x00007f0ce1cbf7ac: ;   {metadata(method data for {method} {0x00007f0cbc8587e8} 'checkNotNullParameter' '(Ljava/lang/Object;Ljava/lang/String;)V' in 'kotlin/jvm/internal/Intrinsics')}
  0x00007f0ce1cbf7ac: 0000 48ba | 803d e1bc | 0c7f 0000 | 4883 82f8 | 0000 0001 

  0x00007f0ce1cbf7c0: ;   {metadata(method data for {method} {0x00007f0cbc858968} 'throwParameterIsNullNPE' '(Ljava/lang/String;)V' in 'kotlin/jvm/internal/Intrinsics')}
  0x00007f0ce1cbf7c0: 48ba d03e | e1bc 0c7f | 0000 8bb2 | 9000 0000 | 83c6 0289 | b290 0000 | 0081 e6fe | ff1f 0085 
  0x00007f0ce1cbf7e0: f60f 8400 | 1000 0090 

  0x00007f0ce1cbf7e8: ;   {other}
  0x00007f0ce1cbf7e8: e92a 1000 | 0000 0000 | 0000 498b | 87c8 0100 | 0048 8d78 | 3049 3bbf | d801 0000 | 0f87 1710 
  0x00007f0ce1cbf808: 0000 4989 | bfc8 0100 | 0048 c700 | 0100 0000 | 488b ca89 | 4808 4833 | c989 480c | 4833 c948 
  0x00007f0ce1cbf828: 8948 1048 | 8948 1848 | 8948 2048 

  0x00007f0ce1cbf834: ;   {metadata(method data for {method} {0x00007f0cbc858968} 'throwParameterIsNullNPE' '(Ljava/lang/String;)V' in 'kotlin/jvm/internal/Intrinsics')}
  0x00007f0ce1cbf834: 8948 2848 | bed0 3ee1 | bc0c 7f00 | 0048 8386 | d800 0000 

  0x00007f0ce1cbf848: ;   {oop("exception"{0x000000074961ae30})}
  0x00007f0ce1cbf848: 0148 be30 | ae61 4907 | 0000 0048 | 8984 24c0 | 0000 000f 

  0x00007f0ce1cbf85c: ;   {static_call}
  0x00007f0ce1cbf85c: 1f40 00e8 

  0x00007f0ce1cbf860: ; ImmutableOopMap {[168]=Oop [176]=Oop [192]=Oop [200]=Oop [208]=Oop }
                      ;*invokestatic createParameterIsNullExceptionMessage {reexecute=0 rethrow=0 return_oop=0}
                      ; - kotlin.jvm.internal.Intrinsics::throwParameterIsNullNPE@5 (line 140)
                      ; - kotlin.jvm.internal.Intrinsics::checkNotNullParameter@5 (line 131)
                      ; - kotlin.Result$Failure::<init>@3
                      ; - kotlin.ResultKt::createFailure@11 (line 122)
                      ; - kotlin.coroutines.jvm.internal.BaseContinuationImpl::resumeWith@76 (line 37)
  0x00007f0ce1cbf860: 7c54 2c07 

  0x00007f0ce1cbf864: ;   {post_call_nop}
  0x00007f0ce1cbf864: 0f1f 8400 | 5c0a 0003 | 488b 9424 | c000 0000 

  0x00007f0ce1cbf874: ;   {metadata(method data for {method} {0x00007f0cbc858968} 'throwParameterIsNullNPE' '(Ljava/lang/String;)V' in 'kotlin/jvm/internal/Intrinsics')}
  0x00007f0ce1cbf874: 48be d03e | e1bc 0c7f | 0000 4883 | 86e8 0000 | 0001 488b | d048 8bb4 | 24c0 0000 | 0066 0f1f 
  0x00007f0ce1cbf894: ;   {optimized virtual_call}
  0x00007f0ce1cbf894: 4400 00e8 

  0x00007f0ce1cbf898: ; ImmutableOopMap {[168]=Oop [176]=Oop [192]=Oop [200]=Oop [208]=Oop }
                      ;*invokespecial <init> {reexecute=0 rethrow=0 return_oop=0}
                      ; - kotlin.jvm.internal.Intrinsics::throwParameterIsNullNPE@8 (line 140)
                      ; - kotlin.jvm.internal.Intrinsics::checkNotNullParameter@5 (line 131)
                      ; - kotlin.Result$Failure::<init>@3
                      ; - kotlin.ResultKt::createFailure@11 (line 122)
                      ; - kotlin.coroutines.jvm.internal.BaseContinuationImpl::resumeWith@76 (line 37)
  0x00007f0ce1cbf898: 444e 2c07 

  0x00007f0ce1cbf89c: ;   {post_call_nop}
  0x00007f0ce1cbf89c: 0f1f 8400 | 940a 0004 

  0x00007f0ce1cbf8a4: ;   {metadata(method data for {method} {0x00007f0cbc858968} 'throwParameterIsNullNPE' '(Ljava/lang/String;)V' in 'kotlin/jvm/internal/Intrinsics')}
  0x00007f0ce1cbf8a4: 48be d03e | e1bc 0c7f | 0000 4883 | 86f8 0000 

  0x00007f0ce1cbf8b4: ;   {metadata(method data for {method} {0x00007f0cbc8599e0} 'sanitizeStackTrace' '(Ljava/lang/Throwable;)Ljava/lang/Throwable;' in 'kotlin/jvm/internal/Intrinsics')}
  0x00007f0ce1cbf8b4: 0001 48be | 084d e1bc | 0c7f 0000 | 8bbe 9000 | 0000 83c7 | 0289 be90 | 0000 0081 | e7fe ff1f 
  0x00007f0ce1cbf8d4: 0085 ff0f | 8451 0f00 

  0x00007f0ce1cbf8dc: ;   {oop(a 'java/lang/Class'{0x0000000747f0aa10} = 'kotlin/jvm/internal/Intrinsics')}
  0x00007f0ce1cbf8dc: 0048 be10 | aaf0 4707 | 0000 0048 

  0x00007f0ce1cbf8e8: ;   {metadata(method data for {method} {0x00007f0cbc8599e0} 'sanitizeStackTrace' '(Ljava/lang/Throwable;)Ljava/lang/Throwable;' in 'kotlin/jvm/internal/Intrinsics')}
  0x00007f0ce1cbf8e8: 8bfe 48bb | 084d e1bc | 0c7f 0000 | 8b7f 0848 | 3bbb e000 | 0000 750d | 4883 83e8 | 0000 0001 
  0x00007f0ce1cbf908: e960 0000 | 0048 3bbb | f000 0000 | 750d 4883 | 83f8 0000 | 0001 e94a | 0000 0048 | 83bb e000 
  0x00007f0ce1cbf928: 0000 0075 | 1748 89bb | e000 0000 | 48c7 83e8 | 0000 0001 | 0000 00e9 | 2900 0000 | 4883 bbf0 
  0x00007f0ce1cbf948: 0000 0000 | 7517 4889 | bbf0 0000 | 0048 c783 | f800 0000 | 0100 0000 | e908 0000 | 0048 8383 
  0x00007f0ce1cbf968: d800 0000 

  0x00007f0ce1cbf96c: ;   {metadata(method data for {method} {0x00007f0cbc016a88} 'getName' '()Ljava/lang/String;' in 'java/lang/Class')}
  0x00007f0ce1cbf96c: 0148 bfa0 | ca68 bc0c | 7f00 008b | 9f90 0000 | 0083 c302 | 899f 9000 | 0000 81e3 | feff 1f00 
  0x00007f0ce1cbf98c: 85db 0f84 | bb0e 0000 | 8b76 3048 | c1e6 0348 

  0x00007f0ce1cbf99c: ;   {metadata(method data for {method} {0x00007f0cbc016a88} 'getName' '()Ljava/lang/String;' in 'java/lang/Class')}
  0x00007f0ce1cbf99c: 85f6 48bf | a0ca 68bc | 0c7f 0000 | bbd8 0000 | 0074 05bb | e800 0000 | 488b 041f | 488d 4001 
  0x00007f0ce1cbf9bc: 4889 041f | 0f84 1800 

  0x00007f0ce1cbf9c4: ;   {metadata(method data for {method} {0x00007f0cbc016a88} 'getName' '()Ljava/lang/String;' in 'java/lang/Class')}
  0x00007f0ce1cbf9c4: 0000 48bf | a0ca 68bc | 0c7f 0000 | ff87 f800 | 0000 488b | fee9 3100 

  0x00007f0ce1cbf9dc: ;   {oop(a 'java/lang/Class'{0x0000000747f0aa10} = 'kotlin/jvm/internal/Intrinsics')}
  0x00007f0ce1cbf9dc: 0000 48be | 10aa f047 | 0700 0000 

  0x00007f0ce1cbf9e8: ;   {metadata(method data for {method} {0x00007f0cbc016a88} 'getName' '()Ljava/lang/String;' in 'java/lang/Class')}
  0x00007f0ce1cbf9e8: 488b fe48 | bba0 ca68 | bc0c 7f00 | 0048 8383 | 1001 0000 

  0x00007f0ce1cbf9fc: ;   {optimized virtual_call}
  0x00007f0ce1cbf9fc: 0166 90e8 

  0x00007f0ce1cbfa00: ; ImmutableOopMap {[168]=Oop [176]=Oop [192]=Oop [200]=Oop [208]=Oop }
                      ;*invokevirtual initClassName {reexecute=0 rethrow=0 return_oop=0}
                      ; - java.lang.Class::getName@14
                      ; - kotlin.jvm.internal.Intrinsics::sanitizeStackTrace@3 (line 253)
                      ; - kotlin.jvm.internal.Intrinsics::throwParameterIsNullNPE@11 (line 140)
                      ; - kotlin.jvm.internal.Intrinsics::checkNotNullParameter@5 (line 131)
                      ; - kotlin.Result$Failure::<init>@3
                      ; - kotlin.ResultKt::createFailure@11 (line 122)
                      ; - kotlin.coroutines.jvm.internal.BaseContinuationImpl::resumeWith@76 (line 37)
  0x00007f0ce1cbfa00: dc4c 2c07 

  0x00007f0ce1cbfa04: ;   {post_call_nop}
  0x00007f0ce1cbfa04: 0f1f 8400 | fc0b 0005 | 488b f848 | 8b84 24c0 | 0000 00e9 | c00a 0000 | 4889 8424 | d000 0000 
  0x00007f0ce1cbfa24: ;   {metadata(method data for {method} {0x00007f0cbc8587e8} 'checkNotNullParameter' '(Ljava/lang/Object;Ljava/lang/String;)V' in 'kotlin/jvm/internal/Intrinsics')}
  0x00007f0ce1cbfa24: 48ba 803d | e1bc 0c7f | 0000 4883 | 82f8 0000 

  0x00007f0ce1cbfa34: ;   {metadata(method data for {method} {0x00007f0cbc858968} 'throwParameterIsNullNPE' '(Ljava/lang/String;)V' in 'kotlin/jvm/internal/Intrinsics')}
  0x00007f0ce1cbfa34: 0001 48ba | d03e e1bc | 0c7f 0000 | 8bb2 9000 | 0000 83c6 | 0289 b290 | 0000 0081 | e6fe ff1f 
  0x00007f0ce1cbfa54: 0085 f60f | 8413 0e00 | 0066 6690 

  0x00007f0ce1cbfa60: ;   {other}
  0x00007f0ce1cbfa60: e93b 0e00 | 0000 0000 | 0000 498b | 87c8 0100 | 0048 8d78 | 3049 3bbf | d801 0000 | 0f87 280e 
  0x00007f0ce1cbfa80: 0000 4989 | bfc8 0100 | 0048 c700 | 0100 0000 | 488b ca89 | 4808 4833 | c989 480c | 4833 c948 
  0x00007f0ce1cbfaa0: 8948 1048 | 8948 1848 | 8948 2048 

  0x00007f0ce1cbfaac: ;   {metadata(method data for {method} {0x00007f0cbc858968} 'throwParameterIsNullNPE' '(Ljava/lang/String;)V' in 'kotlin/jvm/internal/Intrinsics')}
  0x00007f0ce1cbfaac: 8948 2848 | bed0 3ee1 | bc0c 7f00 | 0048 8386 | d800 0000 

  0x00007f0ce1cbfac0: ;   {oop("exception"{0x000000074961ae30})}
  0x00007f0ce1cbfac0: 0148 be30 | ae61 4907 | 0000 0048 | 8984 24d8 | 0000 000f 

  0x00007f0ce1cbfad4: ;   {static_call}
  0x00007f0ce1cbfad4: 1f40 00e8 

  0x00007f0ce1cbfad8: ; ImmutableOopMap {[168]=Oop [176]=Oop [208]=Oop [216]=Oop }
                      ;*invokestatic createParameterIsNullExceptionMessage {reexecute=0 rethrow=0 return_oop=0}
                      ; - kotlin.jvm.internal.Intrinsics::throwParameterIsNullNPE@5 (line 140)
                      ; - kotlin.jvm.internal.Intrinsics::checkNotNullParameter@5 (line 131)
                      ; - kotlin.ResultKt::createFailure@3
                      ; - kotlin.coroutines.jvm.internal.BaseContinuationImpl::resumeWith@76 (line 37)
  0x00007f0ce1cbfad8: 0452 2c07 

  0x00007f0ce1cbfadc: ;   {post_call_nop}
  0x00007f0ce1cbfadc: 0f1f 8400 | d40c 0006 | 488b 9424 | d800 0000 

  0x00007f0ce1cbfaec: ;   {metadata(method data for {method} {0x00007f0cbc858968} 'throwParameterIsNullNPE' '(Ljava/lang/String;)V' in 'kotlin/jvm/internal/Intrinsics')}
  0x00007f0ce1cbfaec: 48be d03e | e1bc 0c7f | 0000 4883 | 86e8 0000 | 0001 488b | d048 8bb4 | 24d8 0000 | 0066 0f1f 
  0x00007f0ce1cbfb0c: ;   {optimized virtual_call}
  0x00007f0ce1cbfb0c: 4400 00e8 

  0x00007f0ce1cbfb10: ; ImmutableOopMap {[168]=Oop [176]=Oop [208]=Oop [216]=Oop }
                      ;*invokespecial <init> {reexecute=0 rethrow=0 return_oop=0}
                      ; - kotlin.jvm.internal.Intrinsics::throwParameterIsNullNPE@8 (line 140)
                      ; - kotlin.jvm.internal.Intrinsics::checkNotNullParameter@5 (line 131)
                      ; - kotlin.ResultKt::createFailure@3
                      ; - kotlin.coroutines.jvm.internal.BaseContinuationImpl::resumeWith@76 (line 37)
  0x00007f0ce1cbfb10: cc4b 2c07 

  0x00007f0ce1cbfb14: ;   {post_call_nop}
  0x00007f0ce1cbfb14: 0f1f 8400 | 0c0d 0007 

  0x00007f0ce1cbfb1c: ;   {metadata(method data for {method} {0x00007f0cbc858968} 'throwParameterIsNullNPE' '(Ljava/lang/String;)V' in 'kotlin/jvm/internal/Intrinsics')}
  0x00007f0ce1cbfb1c: 48be d03e | e1bc 0c7f | 0000 4883 | 86f8 0000 

  0x00007f0ce1cbfb2c: ;   {metadata(method data for {method} {0x00007f0cbc8599e0} 'sanitizeStackTrace' '(Ljava/lang/Throwable;)Ljava/lang/Throwable;' in 'kotlin/jvm/internal/Intrinsics')}
  0x00007f0ce1cbfb2c: 0001 48be | 084d e1bc | 0c7f 0000 | 8bbe 9000 | 0000 83c7 | 0289 be90 | 0000 0081 | e7fe ff1f 
  0x00007f0ce1cbfb4c: 0085 ff0f | 8462 0d00 

  0x00007f0ce1cbfb54: ;   {oop(a 'java/lang/Class'{0x0000000747f0aa10} = 'kotlin/jvm/internal/Intrinsics')}
  0x00007f0ce1cbfb54: 0048 be10 | aaf0 4707 | 0000 0048 

  0x00007f0ce1cbfb60: ;   {metadata(method data for {method} {0x00007f0cbc8599e0} 'sanitizeStackTrace' '(Ljava/lang/Throwable;)Ljava/lang/Throwable;' in 'kotlin/jvm/internal/Intrinsics')}
  0x00007f0ce1cbfb60: 8bfe 48bb | 084d e1bc | 0c7f 0000 | 8b7f 0848 | 3bbb e000 | 0000 750d | 4883 83e8 | 0000 0001 
  0x00007f0ce1cbfb80: e960 0000 | 0048 3bbb | f000 0000 | 750d 4883 | 83f8 0000 | 0001 e94a | 0000 0048 | 83bb e000 
  0x00007f0ce1cbfba0: 0000 0075 | 1748 89bb | e000 0000 | 48c7 83e8 | 0000 0001 | 0000 00e9 | 2900 0000 | 4883 bbf0 
  0x00007f0ce1cbfbc0: 0000 0000 | 7517 4889 | bbf0 0000 | 0048 c783 | f800 0000 | 0100 0000 | e908 0000 | 0048 8383 
  0x00007f0ce1cbfbe0: d800 0000 

  0x00007f0ce1cbfbe4: ;   {metadata(method data for {method} {0x00007f0cbc016a88} 'getName' '()Ljava/lang/String;' in 'java/lang/Class')}
  0x00007f0ce1cbfbe4: 0148 bfa0 | ca68 bc0c | 7f00 008b | 9f90 0000 | 0083 c302 | 899f 9000 | 0000 81e3 | feff 1f00 
  0x00007f0ce1cbfc04: 85db 0f84 | cc0c 0000 | 8b76 3048 | c1e6 0348 

  0x00007f0ce1cbfc14: ;   {metadata(method data for {method} {0x00007f0cbc016a88} 'getName' '()Ljava/lang/String;' in 'java/lang/Class')}
  0x00007f0ce1cbfc14: 85f6 48bf | a0ca 68bc | 0c7f 0000 | bbd8 0000 | 0074 05bb | e800 0000 | 488b 041f | 488d 4001 
  0x00007f0ce1cbfc34: 4889 041f | 0f84 1800 

  0x00007f0ce1cbfc3c: ;   {metadata(method data for {method} {0x00007f0cbc016a88} 'getName' '()Ljava/lang/String;' in 'java/lang/Class')}
  0x00007f0ce1cbfc3c: 0000 48bf | a0ca 68bc | 0c7f 0000 | ff87 f800 | 0000 488b | fee9 3100 

  0x00007f0ce1cbfc54: ;   {oop(a 'java/lang/Class'{0x0000000747f0aa10} = 'kotlin/jvm/internal/Intrinsics')}
  0x00007f0ce1cbfc54: 0000 48be | 10aa f047 | 0700 0000 

  0x00007f0ce1cbfc60: ;   {metadata(method data for {method} {0x00007f0cbc016a88} 'getName' '()Ljava/lang/String;' in 'java/lang/Class')}
  0x00007f0ce1cbfc60: 488b fe48 | bba0 ca68 | bc0c 7f00 | 0048 8383 | 1001 0000 

  0x00007f0ce1cbfc74: ;   {optimized virtual_call}
  0x00007f0ce1cbfc74: 0166 90e8 

  0x00007f0ce1cbfc78: ; ImmutableOopMap {[168]=Oop [176]=Oop [208]=Oop [216]=Oop }
                      ;*invokevirtual initClassName {reexecute=0 rethrow=0 return_oop=0}
                      ; - java.lang.Class::getName@14
                      ; - kotlin.jvm.internal.Intrinsics::sanitizeStackTrace@3 (line 253)
                      ; - kotlin.jvm.internal.Intrinsics::throwParameterIsNullNPE@11 (line 140)
                      ; - kotlin.jvm.internal.Intrinsics::checkNotNullParameter@5 (line 131)
                      ; - kotlin.ResultKt::createFailure@3
                      ; - kotlin.coroutines.jvm.internal.BaseContinuationImpl::resumeWith@76 (line 37)
  0x00007f0ce1cbfc78: 644a 2c07 

  0x00007f0ce1cbfc7c: ;   {post_call_nop}
  0x00007f0ce1cbfc7c: 0f1f 8400 | 740e 0008 | 488b f848 | 8b84 24d8 | 0000 00e9 | 6807 0000 | 4889 bc24 | a800 0000 
  0x00007f0ce1cbfc9c: 4889 9424 | e800 0000 

  0x00007f0ce1cbfca4: ;   {metadata(method data for {method} {0x00007f0cbc857798} 'checkNotNull' '(Ljava/lang/Object;)V' in 'kotlin/jvm/internal/Intrinsics')}
  0x00007f0ce1cbfca4: 48be 3056 | 7bbd 0c7f | 0000 4883 | 86f8 0000 

  0x00007f0ce1cbfcb4: ;   {metadata(method data for {method} {0x00007f0cbc857a80} 'throwJavaNpe' '()V' in 'kotlin/jvm/internal/Intrinsics')}
  0x00007f0ce1cbfcb4: 0001 48be | 7857 7bbd | 0c7f 0000 | 8bbe 9000 | 0000 83c7 | 0289 be90 | 0000 0081 | e7fe ff1f 
  0x00007f0ce1cbfcd4: 0085 ff0f | 841c 0c00 | 0066 6690 

  0x00007f0ce1cbfce0: ;   {other}
  0x00007f0ce1cbfce0: e944 0c00 | 0000 0000 | 0000 498b | 87c8 0100 | 0048 8d78 | 3049 3bbf | d801 0000 | 0f87 310c 
  0x00007f0ce1cbfd00: 0000 4989 | bfc8 0100 | 0048 c700 | 0100 0000 | 488b ca89 | 4808 4833 | c989 480c | 4833 c948 
  0x00007f0ce1cbfd20: 8948 1048 | 8948 1848 | 8948 2048 | 8948 2848 

  0x00007f0ce1cbfd30: ;   {metadata(method data for {method} {0x00007f0cbc857a80} 'throwJavaNpe' '()V' in 'kotlin/jvm/internal/Intrinsics')}
  0x00007f0ce1cbfd30: 8bf0 48bf | 7857 7bbd | 0c7f 0000 | 4883 87d8 | 0000 0001 | 488b f048 | 8984 24e0 

  0x00007f0ce1cbfd4c: ;   {optimized virtual_call}
  0x00007f0ce1cbfd4c: 0000 00e8 

  0x00007f0ce1cbfd50: ; ImmutableOopMap {[168]=Oop [176]=Oop [224]=Oop [232]=Oop }
                      ;*invokespecial <init> {reexecute=0 rethrow=0 return_oop=0}
                      ; - kotlin.jvm.internal.Intrinsics::throwJavaNpe@4 (line 45)
                      ; - kotlin.jvm.internal.Intrinsics::checkNotNull@4 (line 25)
                      ; - kotlin.coroutines.jvm.internal.BaseContinuationImpl::resumeWith@31 (line 30)
  0x00007f0ce1cbfd50: 8c49 2c07 

  0x00007f0ce1cbfd54: ;   {post_call_nop}
  0x00007f0ce1cbfd54: 0f1f 8400 | 4c0f 0009 

  0x00007f0ce1cbfd5c: ;   {metadata(method data for {method} {0x00007f0cbc857a80} 'throwJavaNpe' '()V' in 'kotlin/jvm/internal/Intrinsics')}
  0x00007f0ce1cbfd5c: 48be 7857 | 7bbd 0c7f | 0000 4883 | 86e8 0000 

  0x00007f0ce1cbfd6c: ;   {metadata(method data for {method} {0x00007f0cbc8599e0} 'sanitizeStackTrace' '(Ljava/lang/Throwable;)Ljava/lang/Throwable;' in 'kotlin/jvm/internal/Intrinsics')}
  0x00007f0ce1cbfd6c: 0001 48be | 084d e1bc | 0c7f 0000 | 8bbe 9000 | 0000 83c7 | 0289 be90 | 0000 0081 | e7fe ff1f 
  0x00007f0ce1cbfd8c: 0085 ff0f | 84ab 0b00 

  0x00007f0ce1cbfd94: ;   {oop(a 'java/lang/Class'{0x0000000747f0aa10} = 'kotlin/jvm/internal/Intrinsics')}
  0x00007f0ce1cbfd94: 0048 be10 | aaf0 4707 | 0000 0048 

  0x00007f0ce1cbfda0: ;   {metadata(method data for {method} {0x00007f0cbc8599e0} 'sanitizeStackTrace' '(Ljava/lang/Throwable;)Ljava/lang/Throwable;' in 'kotlin/jvm/internal/Intrinsics')}
  0x00007f0ce1cbfda0: 8bfe 48bb | 084d e1bc | 0c7f 0000 | 8b7f 0848 | 3bbb e000 | 0000 750d | 4883 83e8 | 0000 0001 
  0x00007f0ce1cbfdc0: e960 0000 | 0048 3bbb | f000 0000 | 750d 4883 | 83f8 0000 | 0001 e94a | 0000 0048 | 83bb e000 
  0x00007f0ce1cbfde0: 0000 0075 | 1748 89bb | e000 0000 | 48c7 83e8 | 0000 0001 | 0000 00e9 | 2900 0000 | 4883 bbf0 
  0x00007f0ce1cbfe00: 0000 0000 | 7517 4889 | bbf0 0000 | 0048 c783 | f800 0000 | 0100 0000 | e908 0000 | 0048 8383 
  0x00007f0ce1cbfe20: d800 0000 

  0x00007f0ce1cbfe24: ;   {metadata(method data for {method} {0x00007f0cbc016a88} 'getName' '()Ljava/lang/String;' in 'java/lang/Class')}
  0x00007f0ce1cbfe24: 0148 bfa0 | ca68 bc0c | 7f00 008b | 9f90 0000 | 0083 c302 | 899f 9000 | 0000 81e3 | feff 1f00 
  0x00007f0ce1cbfe44: 85db 0f84 | 150b 0000 | 8b76 3048 | c1e6 0348 

  0x00007f0ce1cbfe54: ;   {metadata(method data for {method} {0x00007f0cbc016a88} 'getName' '()Ljava/lang/String;' in 'java/lang/Class')}
  0x00007f0ce1cbfe54: 85f6 48bf | a0ca 68bc | 0c7f 0000 | bbd8 0000 | 0074 05bb | e800 0000 | 488b 041f | 488d 4001 
  0x00007f0ce1cbfe74: 4889 041f | 0f84 1800 

  0x00007f0ce1cbfe7c: ;   {metadata(method data for {method} {0x00007f0cbc016a88} 'getName' '()Ljava/lang/String;' in 'java/lang/Class')}
  0x00007f0ce1cbfe7c: 0000 48bf | a0ca 68bc | 0c7f 0000 | ff87 f800 | 0000 488b | fee9 3100 

  0x00007f0ce1cbfe94: ;   {oop(a 'java/lang/Class'{0x0000000747f0aa10} = 'kotlin/jvm/internal/Intrinsics')}
  0x00007f0ce1cbfe94: 0000 48be | 10aa f047 | 0700 0000 

  0x00007f0ce1cbfea0: ;   {metadata(method data for {method} {0x00007f0cbc016a88} 'getName' '()Ljava/lang/String;' in 'java/lang/Class')}
  0x00007f0ce1cbfea0: 488b fe48 | bba0 ca68 | bc0c 7f00 | 0048 8383 | 1001 0000 

  0x00007f0ce1cbfeb4: ;   {optimized virtual_call}
  0x00007f0ce1cbfeb4: 0166 90e8 

  0x00007f0ce1cbfeb8: ; ImmutableOopMap {[168]=Oop [176]=Oop [224]=Oop [232]=Oop }
                      ;*invokevirtual initClassName {reexecute=0 rethrow=0 return_oop=0}
                      ; - java.lang.Class::getName@14
                      ; - kotlin.jvm.internal.Intrinsics::sanitizeStackTrace@3 (line 253)
                      ; - kotlin.jvm.internal.Intrinsics::throwJavaNpe@7 (line 45)
                      ; - kotlin.jvm.internal.Intrinsics::checkNotNull@4 (line 25)
                      ; - kotlin.coroutines.jvm.internal.BaseContinuationImpl::resumeWith@31 (line 30)
  0x00007f0ce1cbfeb8: 2448 2c07 

  0x00007f0ce1cbfebc: ;   {post_call_nop}
  0x00007f0ce1cbfebc: 0f1f 8400 | b410 000a | 488b f848 | 8b84 24e0 | 0000 00e9 | 4004 0000 | 4889 9424 | e800 0000 
  0x00007f0ce1cbfedc: 4889 b424 | f800 0000 

  0x00007f0ce1cbfee4: ;   {metadata(method data for {method} {0x00007f0cbc8587e8} 'checkNotNullParameter' '(Ljava/lang/Object;Ljava/lang/String;)V' in 'kotlin/jvm/internal/Intrinsics')}
  0x00007f0ce1cbfee4: 48ba 803d | e1bc 0c7f | 0000 4883 | 82f8 0000 

  0x00007f0ce1cbfef4: ;   {metadata(method data for {method} {0x00007f0cbc858968} 'throwParameterIsNullNPE' '(Ljava/lang/String;)V' in 'kotlin/jvm/internal/Intrinsics')}
  0x00007f0ce1cbfef4: 0001 48ba | d03e e1bc | 0c7f 0000 | 8bba 9000 | 0000 83c7 | 0289 ba90 | 0000 0081 | e7fe ff1f 
  0x00007f0ce1cbff14: 0085 ff0f | 8465 0a00 | 0066 6690 

  0x00007f0ce1cbff20: ;   {other}
  0x00007f0ce1cbff20: e98d 0a00 | 0000 0000 | 0000 498b | 87c8 0100 | 0048 8d78 | 3049 3bbf | d801 0000 | 0f87 7a0a 
  0x00007f0ce1cbff40: 0000 4989 | bfc8 0100 | 0048 c700 | 0100 0000 | 488b ca89 | 4808 4833 | c989 480c | 4833 c948 
  0x00007f0ce1cbff60: 8948 1048 | 8948 1848 | 8948 2048 

  0x00007f0ce1cbff6c: ;   {metadata(method data for {method} {0x00007f0cbc858968} 'throwParameterIsNullNPE' '(Ljava/lang/String;)V' in 'kotlin/jvm/internal/Intrinsics')}
  0x00007f0ce1cbff6c: 8948 2848 | bed0 3ee1 | bc0c 7f00 | 0048 8386 | d800 0000 

  0x00007f0ce1cbff80: ;   {oop("frame"{0x0000000748228b48})}
  0x00007f0ce1cbff80: 0148 be48 | 8b22 4807 | 0000 0048 | 8984 24f0 | 0000 000f 

  0x00007f0ce1cbff94: ;   {static_call}
  0x00007f0ce1cbff94: 1f40 00e8 

  0x00007f0ce1cbff98: ; ImmutableOopMap {[232]=Oop [240]=Oop [248]=Oop }
                      ;*invokestatic createParameterIsNullExceptionMessage {reexecute=0 rethrow=0 return_oop=0}
                      ; - kotlin.jvm.internal.Intrinsics::throwParameterIsNullNPE@5 (line 140)
                      ; - kotlin.jvm.internal.Intrinsics::checkNotNullParameter@5 (line 131)
                      ; - kotlin.coroutines.jvm.internal.DebugProbesKt::probeCoroutineResumed@3
                      ; - kotlin.coroutines.jvm.internal.BaseContinuationImpl::resumeWith@13 (line 28)
  0x00007f0ce1cbff98: 444d 2c07 

  0x00007f0ce1cbff9c: ;   {post_call_nop}
  0x00007f0ce1cbff9c: 0f1f 8400 | 9411 000b | 488b 9424 | f000 0000 

  0x00007f0ce1cbffac: ;   {metadata(method data for {method} {0x00007f0cbc858968} 'throwParameterIsNullNPE' '(Ljava/lang/String;)V' in 'kotlin/jvm/internal/Intrinsics')}
  0x00007f0ce1cbffac: 48be d03e | e1bc 0c7f | 0000 4883 | 86e8 0000 | 0001 488b | d048 8bb4 | 24f0 0000 | 0066 0f1f 
  0x00007f0ce1cbffcc: ;   {optimized virtual_call}
  0x00007f0ce1cbffcc: 4400 00e8 

  0x00007f0ce1cbffd0: ; ImmutableOopMap {[232]=Oop [240]=Oop [248]=Oop }
                      ;*invokespecial <init> {reexecute=0 rethrow=0 return_oop=0}
                      ; - kotlin.jvm.internal.Intrinsics::throwParameterIsNullNPE@8 (line 140)
                      ; - kotlin.jvm.internal.Intrinsics::checkNotNullParameter@5 (line 131)
                      ; - kotlin.coroutines.jvm.internal.DebugProbesKt::probeCoroutineResumed@3
                      ; - kotlin.coroutines.jvm.internal.BaseContinuationImpl::resumeWith@13 (line 28)
  0x00007f0ce1cbffd0: 0c47 2c07 

  0x00007f0ce1cbffd4: ;   {post_call_nop}
  0x00007f0ce1cbffd4: 0f1f 8400 | cc11 000c 

  0x00007f0ce1cbffdc: ;   {metadata(method data for {method} {0x00007f0cbc858968} 'throwParameterIsNullNPE' '(Ljava/lang/String;)V' in 'kotlin/jvm/internal/Intrinsics')}
  0x00007f0ce1cbffdc: 48be d03e | e1bc 0c7f | 0000 4883 | 86f8 0000 

  0x00007f0ce1cbffec: ;   {metadata(method data for {method} {0x00007f0cbc8599e0} 'sanitizeStackTrace' '(Ljava/lang/Throwable;)Ljava/lang/Throwable;' in 'kotlin/jvm/internal/Intrinsics')}
  0x00007f0ce1cbffec: 0001 48be | 084d e1bc | 0c7f 0000 | 8bbe 9000 | 0000 83c7 | 0289 be90 | 0000 0081 | e7fe ff1f 
  0x00007f0ce1cc000c: 0085 ff0f | 84b4 0900 

  0x00007f0ce1cc0014: ;   {oop(a 'java/lang/Class'{0x0000000747f0aa10} = 'kotlin/jvm/internal/Intrinsics')}
  0x00007f0ce1cc0014: 0048 be10 | aaf0 4707 | 0000 0048 

  0x00007f0ce1cc0020: ;   {metadata(method data for {method} {0x00007f0cbc8599e0} 'sanitizeStackTrace' '(Ljava/lang/Throwable;)Ljava/lang/Throwable;' in 'kotlin/jvm/internal/Intrinsics')}
  0x00007f0ce1cc0020: 8bfe 48bb | 084d e1bc | 0c7f 0000 | 8b7f 0848 | 3bbb e000 | 0000 750d | 4883 83e8 | 0000 0001 
  0x00007f0ce1cc0040: e960 0000 | 0048 3bbb | f000 0000 | 750d 4883 | 83f8 0000 | 0001 e94a | 0000 0048 | 83bb e000 
  0x00007f0ce1cc0060: 0000 0075 | 1748 89bb | e000 0000 | 48c7 83e8 | 0000 0001 | 0000 00e9 | 2900 0000 | 4883 bbf0 
  0x00007f0ce1cc0080: 0000 0000 | 7517 4889 | bbf0 0000 | 0048 c783 | f800 0000 | 0100 0000 | e908 0000 | 0048 8383 
  0x00007f0ce1cc00a0: d800 0000 

  0x00007f0ce1cc00a4: ;   {metadata(method data for {method} {0x00007f0cbc016a88} 'getName' '()Ljava/lang/String;' in 'java/lang/Class')}
  0x00007f0ce1cc00a4: 0148 bfa0 | ca68 bc0c | 7f00 008b | 9f90 0000 | 0083 c302 | 899f 9000 | 0000 81e3 | feff 1f00 
  0x00007f0ce1cc00c4: 85db 0f84 | 1e09 0000 | 8b76 3048 | c1e6 0348 

  0x00007f0ce1cc00d4: ;   {metadata(method data for {method} {0x00007f0cbc016a88} 'getName' '()Ljava/lang/String;' in 'java/lang/Class')}
  0x00007f0ce1cc00d4: 85f6 48bf | a0ca 68bc | 0c7f 0000 | bbd8 0000 | 0074 05bb | e800 0000 | 488b 041f | 488d 4001 
  0x00007f0ce1cc00f4: 4889 041f | 0f84 1800 

  0x00007f0ce1cc00fc: ;   {metadata(method data for {method} {0x00007f0cbc016a88} 'getName' '()Ljava/lang/String;' in 'java/lang/Class')}
  0x00007f0ce1cc00fc: 0000 48bf | a0ca 68bc | 0c7f 0000 | ff87 f800 | 0000 488b | fee9 3100 

  0x00007f0ce1cc0114: ;   {oop(a 'java/lang/Class'{0x0000000747f0aa10} = 'kotlin/jvm/internal/Intrinsics')}
  0x00007f0ce1cc0114: 0000 48be | 10aa f047 | 0700 0000 

  0x00007f0ce1cc0120: ;   {metadata(method data for {method} {0x00007f0cbc016a88} 'getName' '()Ljava/lang/String;' in 'java/lang/Class')}
  0x00007f0ce1cc0120: 488b fe48 | bba0 ca68 | bc0c 7f00 | 0048 8383 | 1001 0000 

  0x00007f0ce1cc0134: ;   {optimized virtual_call}
  0x00007f0ce1cc0134: 0166 90e8 

  0x00007f0ce1cc0138: ; ImmutableOopMap {[232]=Oop [240]=Oop [248]=Oop }
                      ;*invokevirtual initClassName {reexecute=0 rethrow=0 return_oop=0}
                      ; - java.lang.Class::getName@14
                      ; - kotlin.jvm.internal.Intrinsics::sanitizeStackTrace@3 (line 253)
                      ; - kotlin.jvm.internal.Intrinsics::throwParameterIsNullNPE@11 (line 140)
                      ; - kotlin.jvm.internal.Intrinsics::checkNotNullParameter@5 (line 131)
                      ; - kotlin.coroutines.jvm.internal.DebugProbesKt::probeCoroutineResumed@3
                      ; - kotlin.coroutines.jvm.internal.BaseContinuationImpl::resumeWith@13 (line 28)
  0x00007f0ce1cc0138: a445 2c07 

  0x00007f0ce1cc013c: ;   {post_call_nop}
  0x00007f0ce1cc013c: 0f1f 8400 | 3413 000d | 488b f848 | 8b84 24f0 | 0000 00e9 | d600 0000 | 488b 8424 | b800 0000 
  0x00007f0ce1cc015c: ; implicit exception: dispatches to 0x00007f0ce1cc0a0b
  0x00007f0ce1cc015c: 483b 0348 

  0x00007f0ce1cc0160: ;   {metadata(method data for {method} {0x00007f0cbcd39320} 'resumeWith' '(Ljava/lang/Object;)V' in 'kotlin/coroutines/jvm/internal/BaseContinuationImpl')}
  0x00007f0ce1cc0160: 8bd3 48be | c8bc 1abe | 0c7f 0000 | 8b52 0848 | 3b96 a002 | 0000 750d | 4883 86a8 | 0200 0001 
  0x00007f0ce1cc0180: e960 0000 | 0048 3b96 | b002 0000 | 750d 4883 | 86b8 0200 | 0001 e94a | 0000 0048 | 83be a002 
  0x00007f0ce1cc01a0: 0000 0075 | 1748 8996 | a002 0000 | 48c7 86a8 | 0200 0001 | 0000 00e9 | 2900 0000 | 4883 beb0 
  0x00007f0ce1cc01c0: 0200 0000 | 7517 4889 | 96b0 0200 | 0048 c786 | b802 0000 | 0100 0000 | e908 0000 | 0048 8386 
  0x00007f0ce1cc01e0: 9802 0000 | 0148 8bd0 | 488b f366 | 9048 b820 | 8027 940c 

  0x00007f0ce1cc01f4: ;   {virtual_call}
  0x00007f0ce1cc01f4: 7f00 00e8 

  0x00007f0ce1cc01f8: ; ImmutableOopMap {}
                      ;*invokeinterface resumeWith {reexecute=0 rethrow=0 return_oop=0}
                      ; - kotlin.coroutines.jvm.internal.BaseContinuationImpl::resumeWith@114 (line 46)
  0x00007f0ce1cc01f8: 19b8 2c07 

  0x00007f0ce1cc01fc: ;   {post_call_nop}
  0x00007f0ce1cc01fc: 0f1f 8400 | f413 000e | 4881 c410 | 0100 005d 

  0x00007f0ce1cc020c: ;   {poll_return}
  0x00007f0ce1cc020c: 493b 6728 | 0f87 fa07 | 0000 c348 | 81c4 1001 

  0x00007f0ce1cc021c: ;   {poll_return}
  0x00007f0ce1cc021c: 0000 5d49 | 3b67 280f | 87fd 0700 

  0x00007f0ce1cc0228: ;   {metadata(method data for {method} {0x00007f0cbc8599e0} 'sanitizeStackTrace' '(Ljava/lang/Throwable;)Ljava/lang/Throwable;' in 'kotlin/jvm/internal/Intrinsics')}
  0x00007f0ce1cc0228: 00c3 48be | 084d e1bc | 0c7f 0000 | 4883 8608 | 0100 0001 | 488b f048 | 8bd7 0f1f 

  0x00007f0ce1cc0244: ;   {static_call}
  0x00007f0ce1cc0244: 4400 00e8 

  0x00007f0ce1cc0248: ; ImmutableOopMap {[232]=Oop [248]=Oop }
                      ;*invokestatic sanitizeStackTrace {reexecute=0 rethrow=0 return_oop=0}
                      ; - kotlin.jvm.internal.Intrinsics::sanitizeStackTrace@6 (line 253)
                      ; - kotlin.jvm.internal.Intrinsics::throwParameterIsNullNPE@11 (line 140)
                      ; - kotlin.jvm.internal.Intrinsics::checkNotNullParameter@5 (line 131)
                      ; - kotlin.coroutines.jvm.internal.DebugProbesKt::probeCoroutineResumed@3
                      ; - kotlin.coroutines.jvm.internal.BaseContinuationImpl::resumeWith@13 (line 28)
  0x00007f0ce1cc0248: 944a 2c07 

  0x00007f0ce1cc024c: ;   {post_call_nop}
  0x00007f0ce1cc024c: 0f1f 8400 | 4414 000f | 488b b424 | f800 0000 

  0x00007f0ce1cc025c: ;   {metadata(method data for {method} {0x00007f0cbc858968} 'throwParameterIsNullNPE' '(Ljava/lang/String;)V' in 'kotlin/jvm/internal/Intrinsics')}
  0x00007f0ce1cc025c: 4885 c048 | bfd0 3ee1 | bc0c 7f00 | 0075 0c80 | 8f01 0100 | 0001 e995 | 0000 008b | 5808 483b 
  0x00007f0ce1cc027c: 9f10 0100 | 0075 0d48 | 8387 1801 | 0000 01e9 | 6000 0000 | 483b 9f20 | 0100 0075 | 0d48 8387 
  0x00007f0ce1cc029c: 2801 0000 | 01e9 4a00 | 0000 4883 | bf10 0100 | 0000 7517 | 4889 9f10 | 0100 0048 | c787 1801 
  0x00007f0ce1cc02bc: 0000 0100 | 0000 e929 | 0000 0048 | 83bf 2001 | 0000 0075 | 1748 899f | 2001 0000 | 48c7 8728 
  0x00007f0ce1cc02dc: 0100 0001 | 0000 00e9 | 0800 0000 | 4883 8708 | 0100 0001 

  0x00007f0ce1cc02f0: ;   {metadata('java/lang/NullPointerException')}
  0x00007f0ce1cc02f0: 48bb b8ac | 01b8 0000 | 0000 8b78 | 0848 3b5f | 500f 8535 | 0700 00e9 | 0000 0000 

  0x00007f0ce1cc030c: ; implicit exception: dispatches to 0x00007f0ce1cc0a45
  0x00007f0ce1cc030c: 483b 00e9 | 7d07 0000 

  0x00007f0ce1cc0314: ;   {metadata(method data for {method} {0x00007f0cbc8599e0} 'sanitizeStackTrace' '(Ljava/lang/Throwable;)Ljava/lang/Throwable;' in 'kotlin/jvm/internal/Intrinsics')}
  0x00007f0ce1cc0314: 48be 084d | e1bc 0c7f | 0000 4883 | 8608 0100 | 0001 488b | f048 8bd7 

  0x00007f0ce1cc032c: ;   {static_call}
  0x00007f0ce1cc032c: 6666 90e8 

  0x00007f0ce1cc0330: ; ImmutableOopMap {[168]=Oop [176]=Oop [232]=Oop }
                      ;*invokestatic sanitizeStackTrace {reexecute=0 rethrow=0 return_oop=0}
                      ; - kotlin.jvm.internal.Intrinsics::sanitizeStackTrace@6 (line 253)
                      ; - kotlin.jvm.internal.Intrinsics::throwJavaNpe@7 (line 45)
                      ; - kotlin.jvm.internal.Intrinsics::checkNotNull@4 (line 25)
                      ; - kotlin.coroutines.jvm.internal.BaseContinuationImpl::resumeWith@31 (line 30)
  0x00007f0ce1cc0330: ac49 2c07 

  0x00007f0ce1cc0334: ;   {post_call_nop}
  0x00007f0ce1cc0334: 0f1f 8400 | 2c15 0010 | 488b 9424 | e800 0000 

  0x00007f0ce1cc0344: ;   {metadata(method data for {method} {0x00007f0cbc857a80} 'throwJavaNpe' '()V' in 'kotlin/jvm/internal/Intrinsics')}
  0x00007f0ce1cc0344: 4885 c048 | bf78 577b | bd0c 7f00 | 0075 0c80 | 8ff1 0000 | 0001 e995 | 0000 008b | 5808 483b 
  0x00007f0ce1cc0364: 9f00 0100 | 0075 0d48 | 8387 0801 | 0000 01e9 | 6000 0000 | 483b 9f10 | 0100 0075 | 0d48 8387 
  0x00007f0ce1cc0384: 1801 0000 | 01e9 4a00 | 0000 4883 | bf00 0100 | 0000 7517 | 4889 9f00 | 0100 0048 | c787 0801 
  0x00007f0ce1cc03a4: 0000 0100 | 0000 e929 | 0000 0048 | 83bf 1001 | 0000 0075 | 1748 899f | 1001 0000 | 48c7 8718 
  0x00007f0ce1cc03c4: 0100 0001 | 0000 00e9 | 0800 0000 | 4883 87f8 | 0000 0001 

  0x00007f0ce1cc03d8: ;   {metadata('java/lang/NullPointerException')}
  0x00007f0ce1cc03d8: 48bb b8ac | 01b8 0000 | 0000 8b78 | 0848 3b5f | 500f 855b | 0600 00e9 | 0000 0000 

  0x00007f0ce1cc03f4: ; implicit exception: dispatches to 0x00007f0ce1cc0a53
  0x00007f0ce1cc03f4: 483b 00e9 | 9506 0000 

  0x00007f0ce1cc03fc: ;   {metadata(method data for {method} {0x00007f0cbc8599e0} 'sanitizeStackTrace' '(Ljava/lang/Throwable;)Ljava/lang/Throwable;' in 'kotlin/jvm/internal/Intrinsics')}
  0x00007f0ce1cc03fc: 48be 084d | e1bc 0c7f | 0000 4883 | 8608 0100 | 0001 488b | f048 8bd7 

  0x00007f0ce1cc0414: ;   {static_call}
  0x00007f0ce1cc0414: 6666 90e8 

  0x00007f0ce1cc0418: ; ImmutableOopMap {[168]=Oop [176]=Oop [208]=Oop }
                      ;*invokestatic sanitizeStackTrace {reexecute=0 rethrow=0 return_oop=0}
                      ; - kotlin.jvm.internal.Intrinsics::sanitizeStackTrace@6 (line 253)
                      ; - kotlin.jvm.internal.Intrinsics::throwParameterIsNullNPE@11 (line 140)
                      ; - kotlin.jvm.internal.Intrinsics::checkNotNullParameter@5 (line 131)
                      ; - kotlin.ResultKt::createFailure@3
                      ; - kotlin.coroutines.jvm.internal.BaseContinuationImpl::resumeWith@76 (line 37)
  0x00007f0ce1cc0418: c448 2c07 

  0x00007f0ce1cc041c: ;   {post_call_nop}
  0x00007f0ce1cc041c: 0f1f 8400 | 1416 0011 

  0x00007f0ce1cc0424: ;   {metadata(method data for {method} {0x00007f0cbc858968} 'throwParameterIsNullNPE' '(Ljava/lang/String;)V' in 'kotlin/jvm/internal/Intrinsics')}
  0x00007f0ce1cc0424: 4885 c048 | bad0 3ee1 | bc0c 7f00 | 0075 0c80 | 8a01 0100 | 0001 e995 | 0000 008b | 7808 483b 
  0x00007f0ce1cc0444: ba10 0100 | 0075 0d48 | 8382 1801 | 0000 01e9 | 6000 0000 | 483b ba20 | 0100 0075 | 0d48 8382 
  0x00007f0ce1cc0464: 2801 0000 | 01e9 4a00 | 0000 4883 | ba10 0100 | 0000 7517 | 4889 ba10 | 0100 0048 | c782 1801 
  0x00007f0ce1cc0484: 0000 0100 | 0000 e929 | 0000 0048 | 83ba 2001 | 0000 0075 | 1748 89ba | 2001 0000 | 48c7 8228 
  0x00007f0ce1cc04a4: 0100 0001 | 0000 00e9 | 0800 0000 | 4883 8208 | 0100 0001 

  0x00007f0ce1cc04b8: ;   {metadata('java/lang/NullPointerException')}
  0x00007f0ce1cc04b8: 48bf b8ac | 01b8 0000 | 0000 8b50 | 0848 3b7a | 500f 8589 | 0500 00e9 | 0000 0000 

  0x00007f0ce1cc04d4: ; implicit exception: dispatches to 0x00007f0ce1cc0a61
  0x00007f0ce1cc04d4: 483b 00e9 | b505 0000 

  0x00007f0ce1cc04dc: ;   {metadata(method data for {method} {0x00007f0cbc8599e0} 'sanitizeStackTrace' '(Ljava/lang/Throwable;)Ljava/lang/Throwable;' in 'kotlin/jvm/internal/Intrinsics')}
  0x00007f0ce1cc04dc: 48be 084d | e1bc 0c7f | 0000 4883 | 8608 0100 | 0001 488b | f048 8bd7 

  0x00007f0ce1cc04f4: ;   {static_call}
  0x00007f0ce1cc04f4: 6666 90e8 

  0x00007f0ce1cc04f8: ; ImmutableOopMap {[168]=Oop [176]=Oop [200]=Oop [208]=Oop }
                      ;*invokestatic sanitizeStackTrace {reexecute=0 rethrow=0 return_oop=0}
                      ; - kotlin.jvm.internal.Intrinsics::sanitizeStackTrace@6 (line 253)
                      ; - kotlin.jvm.internal.Intrinsics::throwParameterIsNullNPE@11 (line 140)
                      ; - kotlin.jvm.internal.Intrinsics::checkNotNullParameter@5 (line 131)
                      ; - kotlin.Result$Failure::<init>@3
                      ; - kotlin.ResultKt::createFailure@11 (line 122)
                      ; - kotlin.coroutines.jvm.internal.BaseContinuationImpl::resumeWith@76 (line 37)
  0x00007f0ce1cc04f8: e447 2c07 

  0x00007f0ce1cc04fc: ;   {post_call_nop}
  0x00007f0ce1cc04fc: 0f1f 8400 | f416 0012 | 488b bc24 | c800 0000 | 488b b424 | d000 0000 | 488b 9c24 | b000 0000 
  0x00007f0ce1cc051c: 488b 9424 | a800 0000 

  0x00007f0ce1cc0524: ;   {metadata(method data for {method} {0x00007f0cbc858968} 'throwParameterIsNullNPE' '(Ljava/lang/String;)V' in 'kotlin/jvm/internal/Intrinsics')}
  0x00007f0ce1cc0524: 4885 c049 | b8d0 3ee1 | bc0c 7f00 | 0075 0d41 | 8088 0101 | 0000 01e9 | 9700 0000 | 448b 4808 
  0x00007f0ce1cc0544: 4d3b 8810 | 0100 0075 | 0d49 8380 | 1801 0000 | 01e9 6000 | 0000 4d3b | 8820 0100 | 0075 0d49 
  0x00007f0ce1cc0564: 8380 2801 | 0000 01e9 | 4a00 0000 | 4983 b810 | 0100 0000 | 7517 4d89 | 8810 0100 | 0049 c780 
  0x00007f0ce1cc0584: 1801 0000 | 0100 0000 | e929 0000 | 0049 83b8 | 2001 0000 | 0075 174d | 8988 2001 | 0000 49c7 
  0x00007f0ce1cc05a4: 8028 0100 | 0001 0000 | 00e9 0800 | 0000 4983 | 8008 0100 

  0x00007f0ce1cc05b8: ;   {metadata('java/lang/NullPointerException')}
  0x00007f0ce1cc05b8: 0001 49b9 | b8ac 01b8 | 0000 0000 | 448b 4008 | 4d3b 4850 | 0f85 9404 | 0000 e900 | 0000 0048 
  0x00007f0ce1cc05d8: 3b00 e9b2 

  0x00007f0ce1cc05dc: ;   {metadata({method} {0x00007f0cbcd39320} 'resumeWith' '(Ljava/lang/Object;)V' in 'kotlin/coroutines/jvm/internal/BaseContinuationImpl')}
  0x00007f0ce1cc05dc: 0400 0049 | ba20 93d3 | bc0c 7f00 | 004c 8954 | 2408 48c7 | 0424 ffff 

  0x00007f0ce1cc05f4: ;   {runtime_call C1 Runtime counter_overflow_blob}
  0x00007f0ce1cc05f4: ffff e8e5 

  0x00007f0ce1cc05f8: ; ImmutableOopMap {rsi=Oop rdx=Oop }
                      ;*synchronization entry
                      ; - kotlin.coroutines.jvm.internal.BaseContinuationImpl::resumeWith@-1 (line 23)
  0x00007f0ce1cc05f8: 3739 07e9 | 66e9 ffff | 4889 3424 

  0x00007f0ce1cc0604: ;   {runtime_call C1 Runtime throw_class_cast_exception_blob}
  0x00007f0ce1cc0604: e8d7 0939 

  0x00007f0ce1cc0608: ; ImmutableOopMap {rdx=Oop rsi=Oop }
                      ;*checkcast {reexecute=0 rethrow=0 return_oop=0}
                      ; - kotlin.coroutines.jvm.internal.BaseContinuationImpl::resumeWith@10 (line 28)
                      ;   {metadata({method} {0x00007f0cbcd60360} 'probeCoroutineResumed' '(Lkotlin/coroutines/Continuation;)V' in 'kotlin/coroutines/jvm/internal/DebugProbesKt')}
  0x00007f0ce1cc0608: 0749 ba60 | 03d6 bc0c | 7f00 004c | 8954 2408 | 48c7 0424 | ffff ffff 

  0x00007f0ce1cc0620: ;   {runtime_call C1 Runtime counter_overflow_blob}
  0x00007f0ce1cc0620: e8bb 3739 

  0x00007f0ce1cc0624: ; ImmutableOopMap {rdx=Oop rsi=Oop rdi=Oop }
                      ;*synchronization entry
                      ; - kotlin.coroutines.jvm.internal.DebugProbesKt::probeCoroutineResumed@-1
                      ; - kotlin.coroutines.jvm.internal.BaseContinuationImpl::resumeWith@13 (line 28)
  0x00007f0ce1cc0624: 07e9 43ea 

  0x00007f0ce1cc0628: ;   {metadata({method} {0x00007f0cbc8587e8} 'checkNotNullParameter' '(Ljava/lang/Object;Ljava/lang/String;)V' in 'kotlin/jvm/internal/Intrinsics')}
  0x00007f0ce1cc0628: ffff 49ba | e887 85bc | 0c7f 0000 | 4c89 5424 | 0848 c704 | 24ff ffff 

  0x00007f0ce1cc0640: ;   {runtime_call C1 Runtime counter_overflow_blob}
  0x00007f0ce1cc0640: ffe8 9a37 

  0x00007f0ce1cc0644: ; ImmutableOopMap {rdx=Oop rsi=Oop rdi=Oop }
                      ;*synchronization entry
                      ; - kotlin.jvm.internal.Intrinsics::checkNotNullParameter@-1 (line 130)
                      ; - kotlin.coroutines.jvm.internal.DebugProbesKt::probeCoroutineResumed@3
                      ; - kotlin.coroutines.jvm.internal.BaseContinuationImpl::resumeWith@13 (line 28)
  0x00007f0ce1cc0644: 3907 e95a | eaff ff48 

  0x00007f0ce1cc064c: ;   {runtime_call C1 Runtime throw_class_cast_exception_blob}
  0x00007f0ce1cc064c: 8934 24e8 

  0x00007f0ce1cc0650: ; ImmutableOopMap {rdx=Oop }
                      ;*checkcast {reexecute=0 rethrow=0 return_oop=0}
                      ; - kotlin.coroutines.jvm.internal.BaseContinuationImpl::resumeWith@17 (line 29)
  0x00007f0ce1cc0650: 8c09 3907 

  0x00007f0ce1cc0654: ;   {runtime_call C1 Runtime throw_null_pointer_exception_blob}
  0x00007f0ce1cc0654: e887 e538 

  0x00007f0ce1cc0658: ; ImmutableOopMap {rdx=Oop rdi=Oop }
                      ;*getfield completion {reexecute=1 rethrow=0 return_oop=0}
                      ; - (reexecute) kotlin.coroutines.jvm.internal.BaseContinuationImpl::resumeWith@27 (line 30)
                      ;   {metadata({method} {0x00007f0cbc857798} 'checkNotNull' '(Ljava/lang/Object;)V' in 'kotlin/jvm/internal/Intrinsics')}
  0x00007f0ce1cc0658: 0749 ba98 | 7785 bc0c | 7f00 004c | 8954 2408 | 48c7 0424 | ffff ffff 

  0x00007f0ce1cc0670: ;   {runtime_call C1 Runtime counter_overflow_blob}
  0x00007f0ce1cc0670: e86b 3739 

  0x00007f0ce1cc0674: ; ImmutableOopMap {rdx=Oop rdi=Oop rbx=Oop [176]=Oop }
                      ;*synchronization entry
                      ; - kotlin.jvm.internal.Intrinsics::checkNotNull@-1 (line 24)
                      ; - kotlin.coroutines.jvm.internal.BaseContinuationImpl::resumeWith@31 (line 30)
  0x00007f0ce1cc0674: 07e9 50eb 

  0x00007f0ce1cc0678: ;   {metadata({method} {0x00007f0cbcd5e4d0} 'getCOROUTINE_SUSPENDED' '()Ljava/lang/Object;' in 'kotlin/coroutines/intrinsics/IntrinsicsKt__IntrinsicsKt')}
  0x00007f0ce1cc0678: ffff 49ba | d0e4 d5bc | 0c7f 0000 | 4c89 5424 | 0848 c704 | 24ff ffff 

  0x00007f0ce1cc0690: ;   {runtime_call C1 Runtime counter_overflow_blob}
  0x00007f0ce1cc0690: ffe8 4a37 

  0x00007f0ce1cc0694: ; ImmutableOopMap {rax=Oop [168]=Oop [176]=Oop }
                      ;*synchronization entry
                      ; - kotlin.coroutines.intrinsics.IntrinsicsKt__IntrinsicsKt::getCOROUTINE_SUSPENDED@-1 (line 57)
                      ; - kotlin.coroutines.jvm.internal.BaseContinuationImpl::resumeWith@47 (line 34)
  0x00007f0ce1cc0694: 3907 e942 

  0x00007f0ce1cc0698: ;   {metadata({method} {0x00007f0cbcd6b6d0} 'constructor-impl' '(Ljava/lang/Object;)Ljava/lang/Object;' in 'kotlin/Result')}
  0x00007f0ce1cc0698: ecff ff49 | bad0 b6d6 | bc0c 7f00 | 004c 8954 | 2408 48c7 | 0424 ffff 

  0x00007f0ce1cc06b0: ;   {runtime_call C1 Runtime counter_overflow_blob}
  0x00007f0ce1cc06b0: ffff e829 

  0x00007f0ce1cc06b4: ; ImmutableOopMap {rax=Oop [168]=Oop [176]=Oop }
                      ;*synchronization entry
                      ; - kotlin.Result::constructor-impl@-1
                      ; - kotlin.coroutines.jvm.internal.BaseContinuationImpl::resumeWith@60 (line 35)
  0x00007f0ce1cc06b4: 3739 07e9 | 8fec ffff 

  0x00007f0ce1cc06bc: ;   {metadata({method} {0x00007f0cbcd813d8} 'createFailure' '(Ljava/lang/Throwable;)Ljava/lang/Object;' in 'kotlin/ResultKt')}
  0x00007f0ce1cc06bc: 49ba d813 | d8bc 0c7f | 0000 4c89 | 5424 0848 | c704 24ff 

  0x00007f0ce1cc06d0: ;   {runtime_call C1 Runtime counter_overflow_blob}
  0x00007f0ce1cc06d0: ffff ffe8 

  0x00007f0ce1cc06d4: ; ImmutableOopMap {rax=Oop [168]=Oop [176]=Oop }
                      ;*synchronization entry
                      ; - kotlin.ResultKt::createFailure@-1
                      ; - kotlin.coroutines.jvm.internal.BaseContinuationImpl::resumeWith@76 (line 37)
  0x00007f0ce1cc06d4: 0837 3907 | e9d7 ecff 

  0x00007f0ce1cc06dc: ;   {metadata({method} {0x00007f0cbc8587e8} 'checkNotNullParameter' '(Ljava/lang/Object;Ljava/lang/String;)V' in 'kotlin/jvm/internal/Intrinsics')}
  0x00007f0ce1cc06dc: ff49 bae8 | 8785 bc0c | 7f00 004c | 8954 2408 | 48c7 0424 | ffff ffff 

  0x00007f0ce1cc06f4: ;   {runtime_call C1 Runtime counter_overflow_blob}
  0x00007f0ce1cc06f4: e8e7 3639 

  0x00007f0ce1cc06f8: ; ImmutableOopMap {rax=Oop [168]=Oop [176]=Oop }
                      ;*synchronization entry
                      ; - kotlin.jvm.internal.Intrinsics::checkNotNullParameter@-1 (line 130)
                      ; - kotlin.ResultKt::createFailure@3
                      ; - kotlin.coroutines.jvm.internal.BaseContinuationImpl::resumeWith@76 (line 37)
  0x00007f0ce1cc06f8: 07e9 efec | ffff 488b 

  0x00007f0ce1cc0700: ;   {runtime_call C1 Runtime fast_new_instance_blob}
  0x00007f0ce1cc0700: d2e8 daed 

  0x00007f0ce1cc0704: ; ImmutableOopMap {rbx=Oop [168]=Oop [176]=Oop }
                      ;*new {reexecute=0 rethrow=0 return_oop=0}
                      ; - kotlin.ResultKt::createFailure@6 (line 122)
                      ; - kotlin.coroutines.jvm.internal.BaseContinuationImpl::resumeWith@76 (line 37)
  0x00007f0ce1cc0704: 3807 e94f 

  0x00007f0ce1cc0708: ;   {metadata({method} {0x00007f0cbcd6fa50} '<init>' '(Ljava/lang/Throwable;)V' in 'kotlin/Result$Failure')}
  0x00007f0ce1cc0708: edff ff49 | ba50 fad6 | bc0c 7f00 | 004c 8954 | 2408 48c7 | 0424 ffff 

  0x00007f0ce1cc0720: ;   {runtime_call C1 Runtime counter_overflow_blob}
  0x00007f0ce1cc0720: ffff e8b9 

  0x00007f0ce1cc0724: ; ImmutableOopMap {rbx=Oop rax=Oop [168]=Oop [176]=Oop }
                      ;*synchronization entry
                      ; - kotlin.Result$Failure::<init>@-1
                      ; - kotlin.ResultKt::createFailure@11 (line 122)
                      ; - kotlin.coroutines.jvm.internal.BaseContinuationImpl::resumeWith@76 (line 37)
  0x00007f0ce1cc0724: 3639 07e9 | 6aed ffff 

  0x00007f0ce1cc072c: ;   {metadata({method} {0x00007f0cbc8587e8} 'checkNotNullParameter' '(Ljava/lang/Object;Ljava/lang/String;)V' in 'kotlin/jvm/internal/Intrinsics')}
  0x00007f0ce1cc072c: 49ba e887 | 85bc 0c7f | 0000 4c89 | 5424 0848 | c704 24ff 

  0x00007f0ce1cc0740: ;   {runtime_call C1 Runtime counter_overflow_blob}
  0x00007f0ce1cc0740: ffff ffe8 

  0x00007f0ce1cc0744: ; ImmutableOopMap {rbx=Oop rax=Oop [168]=Oop [176]=Oop }
                      ;*synchronization entry
                      ; - kotlin.jvm.internal.Intrinsics::checkNotNullParameter@-1 (line 130)
                      ; - kotlin.Result$Failure::<init>@3
                      ; - kotlin.ResultKt::createFailure@11 (line 122)
                      ; - kotlin.coroutines.jvm.internal.BaseContinuationImpl::resumeWith@76 (line 37)
  0x00007f0ce1cc0744: 9836 3907 | e982 edff 

  0x00007f0ce1cc074c: ;   {metadata({method} {0x00007f0cbc0005d0} '<init>' '()V' in 'java/lang/Object')}
  0x00007f0ce1cc074c: ff49 bad0 | 0500 bc0c | 7f00 004c | 8954 2408 | 48c7 0424 | ffff ffff 

  0x00007f0ce1cc0764: ;   {runtime_call C1 Runtime counter_overflow_blob}
  0x00007f0ce1cc0764: e877 3639 

  0x00007f0ce1cc0768: ; ImmutableOopMap {rbx=Oop rax=Oop [168]=Oop [176]=Oop }
                      ;*synchronization entry
                      ; - java.lang.Object::<init>@-1
                      ; - kotlin.Result$Failure::<init>@7 (line 105)
                      ; - kotlin.ResultKt::createFailure@11 (line 122)
                      ; - kotlin.coroutines.jvm.internal.BaseContinuationImpl::resumeWith@76 (line 37)
  0x00007f0ce1cc0768: 07e9 c8ed | ffff 8b70 | 0c48 c1e6 | 0348 83fe | 000f 84c4 | edff ff48 

  0x00007f0ce1cc0780: ;   {runtime_call g1_pre_barrier_slow}
  0x00007f0ce1cc0780: 8934 24e8 | 583c 3907 | e9b6 edff | ff48 83fb | 000f 84cb | edff ff48 

  0x00007f0ce1cc0798: ;   {runtime_call g1_post_barrier_slow}
  0x00007f0ce1cc0798: 8904 24e8 | 403f 3907 | e9bd edff 

  0x00007f0ce1cc07a4: ;   {metadata({method} {0x00007f0cbcd6b6d0} 'constructor-impl' '(Ljava/lang/Object;)Ljava/lang/Object;' in 'kotlin/Result')}
  0x00007f0ce1cc07a4: ff49 bad0 | b6d6 bc0c | 7f00 004c | 8954 2408 | 48c7 0424 | ffff ffff 

  0x00007f0ce1cc07bc: ;   {runtime_call C1 Runtime counter_overflow_blob}
  0x00007f0ce1cc07bc: e81f 3639 

  0x00007f0ce1cc07c0: ; ImmutableOopMap {rax=Oop [168]=Oop [176]=Oop }
                      ;*synchronization entry
                      ; - kotlin.Result::constructor-impl@-1
                      ; - kotlin.coroutines.jvm.internal.BaseContinuationImpl::resumeWith@79 (line 37)
  0x00007f0ce1cc07c0: 07e9 d5ed 

  0x00007f0ce1cc07c4: ;   {metadata({method} {0x00007f0cbcd39320} 'resumeWith' '(Ljava/lang/Object;)V' in 'kotlin/coroutines/jvm/internal/BaseContinuationImpl')}
  0x00007f0ce1cc07c4: ffff 49ba | 2093 d3bc | 0c7f 0000 | 4c89 5424 | 0848 c704 | 2479 0000 

  0x00007f0ce1cc07dc: ;   {runtime_call C1 Runtime counter_overflow_blob}
  0x00007f0ce1cc07dc: 00e8 fe35 

  0x00007f0ce1cc07e0: ; ImmutableOopMap {rbx=Oop [176]=Oop [184]=Oop }
                      ;*goto {reexecute=1 rethrow=0 return_oop=0}
                      ; - (reexecute) kotlin.coroutines.jvm.internal.BaseContinuationImpl::resumeWith@121 (line 29)
  0x00007f0ce1cc07e0: 3907 e990 

  0x00007f0ce1cc07e4: ;   {metadata({method} {0x00007f0cbc858968} 'throwParameterIsNullNPE' '(Ljava/lang/String;)V' in 'kotlin/jvm/internal/Intrinsics')}
  0x00007f0ce1cc07e4: efff ff49 | ba68 8985 | bc0c 7f00 | 004c 8954 | 2408 48c7 | 0424 ffff 

  0x00007f0ce1cc07fc: ;   {runtime_call C1 Runtime counter_overflow_blob}
  0x00007f0ce1cc07fc: ffff e8dd 

  0x00007f0ce1cc0800: ; ImmutableOopMap {[168]=Oop [176]=Oop [200]=Oop [208]=Oop }
                      ;*synchronization entry
                      ; - kotlin.jvm.internal.Intrinsics::throwParameterIsNullNPE@-1 (line 140)
                      ; - kotlin.jvm.internal.Intrinsics::checkNotNullParameter@5 (line 131)
                      ; - kotlin.Result$Failure::<init>@3
                      ; - kotlin.ResultKt::createFailure@11 (line 122)
                      ; - kotlin.coroutines.jvm.internal.BaseContinuationImpl::resumeWith@76 (line 37)
  0x00007f0ce1cc0800: 3539 07e9 | dfef ffff 

  0x00007f0ce1cc0808: ;   {metadata(nullptr)}
  0x00007f0ce1cc0808: 48ba 0000 | 0000 0000 | 0000 b800 

  0x00007f0ce1cc0814: ;   {runtime_call C1 Runtime load_klass_patching_blob}
  0x00007f0ce1cc0814: 0f05 0ae8 

  0x00007f0ce1cc0818: ; ImmutableOopMap {[168]=Oop [176]=Oop [200]=Oop [208]=Oop }
                      ;*new {reexecute=1 rethrow=0 return_oop=0}
                      ; - (reexecute) kotlin.jvm.internal.Intrinsics::throwParameterIsNullNPE@0 (line 140)
                      ; - kotlin.jvm.internal.Intrinsics::checkNotNullParameter@5 (line 131)
                      ; - kotlin.Result$Failure::<init>@3
                      ; - kotlin.ResultKt::createFailure@11 (line 122)
                      ; - kotlin.coroutines.jvm.internal.BaseContinuationImpl::resumeWith@76 (line 37)
  0x00007f0ce1cc0818: c426 3907 | e9c7 efff | ff48 8bd2 

  0x00007f0ce1cc0824: ;   {runtime_call C1 Runtime fast_new_instance_blob}
  0x00007f0ce1cc0824: e8b7 ec38 

  0x00007f0ce1cc0828: ; ImmutableOopMap {[168]=Oop [176]=Oop [200]=Oop [208]=Oop }
                      ;*new {reexecute=0 rethrow=0 return_oop=0}
                      ; - kotlin.jvm.internal.Intrinsics::throwParameterIsNullNPE@0 (line 140)
                      ; - kotlin.jvm.internal.Intrinsics::checkNotNullParameter@5 (line 131)
                      ; - kotlin.Result$Failure::<init>@3
                      ; - kotlin.ResultKt::createFailure@11 (line 122)
                      ; - kotlin.coroutines.jvm.internal.BaseContinuationImpl::resumeWith@76 (line 37)
  0x00007f0ce1cc0828: 07e9 09f0 

  0x00007f0ce1cc082c: ;   {metadata({method} {0x00007f0cbc8599e0} 'sanitizeStackTrace' '(Ljava/lang/Throwable;)Ljava/lang/Throwable;' in 'kotlin/jvm/internal/Intrinsics')}
  0x00007f0ce1cc082c: ffff 49ba | e099 85bc | 0c7f 0000 | 4c89 5424 | 0848 c704 | 24ff ffff 

  0x00007f0ce1cc0844: ;   {runtime_call C1 Runtime counter_overflow_blob}
  0x00007f0ce1cc0844: ffe8 9635 

  0x00007f0ce1cc0848: ; ImmutableOopMap {[168]=Oop [176]=Oop [192]=Oop [200]=Oop [208]=Oop }
                      ;*synchronization entry
                      ; - kotlin.jvm.internal.Intrinsics::sanitizeStackTrace@-1 (line 253)
                      ; - kotlin.jvm.internal.Intrinsics::throwParameterIsNullNPE@11 (line 140)
                      ; - kotlin.jvm.internal.Intrinsics::checkNotNullParameter@5 (line 131)
                      ; - kotlin.Result$Failure::<init>@3
                      ; - kotlin.ResultKt::createFailure@11 (line 122)
                      ; - kotlin.coroutines.jvm.internal.BaseContinuationImpl::resumeWith@76 (line 37)
  0x00007f0ce1cc0848: 3907 e98e 

  0x00007f0ce1cc084c: ;   {metadata({method} {0x00007f0cbc016a88} 'getName' '()Ljava/lang/String;' in 'java/lang/Class')}
  0x00007f0ce1cc084c: f0ff ff49 | ba88 6a01 | bc0c 7f00 | 004c 8954 | 2408 48c7 | 0424 ffff 

  0x00007f0ce1cc0864: ;   {runtime_call C1 Runtime counter_overflow_blob}
  0x00007f0ce1cc0864: ffff e875 

  0x00007f0ce1cc0868: ; ImmutableOopMap {rsi=Oop [168]=Oop [176]=Oop [192]=Oop [200]=Oop [208]=Oop }
                      ;*synchronization entry
                      ; - java.lang.Class::getName@-1
                      ; - kotlin.jvm.internal.Intrinsics::sanitizeStackTrace@3 (line 253)
                      ; - kotlin.jvm.internal.Intrinsics::throwParameterIsNullNPE@11 (line 140)
                      ; - kotlin.jvm.internal.Intrinsics::checkNotNullParameter@5 (line 131)
                      ; - kotlin.Result$Failure::<init>@3
                      ; - kotlin.ResultKt::createFailure@11 (line 122)
                      ; - kotlin.coroutines.jvm.internal.BaseContinuationImpl::resumeWith@76 (line 37)
  0x00007f0ce1cc0868: 3539 07e9 | 24f1 ffff 

  0x00007f0ce1cc0870: ;   {metadata({method} {0x00007f0cbc858968} 'throwParameterIsNullNPE' '(Ljava/lang/String;)V' in 'kotlin/jvm/internal/Intrinsics')}
  0x00007f0ce1cc0870: 49ba 6889 | 85bc 0c7f | 0000 4c89 | 5424 0848 | c704 24ff 

  0x00007f0ce1cc0884: ;   {runtime_call C1 Runtime counter_overflow_blob}
  0x00007f0ce1cc0884: ffff ffe8 

  0x00007f0ce1cc0888: ; ImmutableOopMap {[168]=Oop [176]=Oop [208]=Oop }
                      ;*synchronization entry
                      ; - kotlin.jvm.internal.Intrinsics::throwParameterIsNullNPE@-1 (line 140)
                      ; - kotlin.jvm.internal.Intrinsics::checkNotNullParameter@5 (line 131)
                      ; - kotlin.ResultKt::createFailure@3
                      ; - kotlin.coroutines.jvm.internal.BaseContinuationImpl::resumeWith@76 (line 37)
  0x00007f0ce1cc0888: 5435 3907 | e9cc f1ff 

  0x00007f0ce1cc0890: ;   {metadata(nullptr)}
  0x00007f0ce1cc0890: ff48 ba00 | 0000 0000 | 0000 00b8 | 000f 050a 

  0x00007f0ce1cc08a0: ;   {runtime_call C1 Runtime load_klass_patching_blob}
  0x00007f0ce1cc08a0: e83b 2639 

  0x00007f0ce1cc08a4: ; ImmutableOopMap {[168]=Oop [176]=Oop [208]=Oop }
                      ;*new {reexecute=1 rethrow=0 return_oop=0}
                      ; - (reexecute) kotlin.jvm.internal.Intrinsics::throwParameterIsNullNPE@0 (line 140)
                      ; - kotlin.jvm.internal.Intrinsics::checkNotNullParameter@5 (line 131)
                      ; - kotlin.ResultKt::createFailure@3
                      ; - kotlin.coroutines.jvm.internal.BaseContinuationImpl::resumeWith@76 (line 37)
  0x00007f0ce1cc08a4: 07e9 b6f1 | ffff 488b 

  0x00007f0ce1cc08ac: ;   {runtime_call C1 Runtime fast_new_instance_blob}
  0x00007f0ce1cc08ac: d2e8 2eec 

  0x00007f0ce1cc08b0: ; ImmutableOopMap {[168]=Oop [176]=Oop [208]=Oop }
                      ;*new {reexecute=0 rethrow=0 return_oop=0}
                      ; - kotlin.jvm.internal.Intrinsics::throwParameterIsNullNPE@0 (line 140)
                      ; - kotlin.jvm.internal.Intrinsics::checkNotNullParameter@5 (line 131)
                      ; - kotlin.ResultKt::createFailure@3
                      ; - kotlin.coroutines.jvm.internal.BaseContinuationImpl::resumeWith@76 (line 37)
  0x00007f0ce1cc08b0: 3807 e9f8 

  0x00007f0ce1cc08b4: ;   {metadata({method} {0x00007f0cbc8599e0} 'sanitizeStackTrace' '(Ljava/lang/Throwable;)Ljava/lang/Throwable;' in 'kotlin/jvm/internal/Intrinsics')}
  0x00007f0ce1cc08b4: f1ff ff49 | bae0 9985 | bc0c 7f00 | 004c 8954 | 2408 48c7 | 0424 ffff 

  0x00007f0ce1cc08cc: ;   {runtime_call C1 Runtime counter_overflow_blob}
  0x00007f0ce1cc08cc: ffff e80d 

  0x00007f0ce1cc08d0: ; ImmutableOopMap {[168]=Oop [176]=Oop [208]=Oop [216]=Oop }
                      ;*synchronization entry
                      ; - kotlin.jvm.internal.Intrinsics::sanitizeStackTrace@-1 (line 253)
                      ; - kotlin.jvm.internal.Intrinsics::throwParameterIsNullNPE@11 (line 140)
                      ; - kotlin.jvm.internal.Intrinsics::checkNotNullParameter@5 (line 131)
                      ; - kotlin.ResultKt::createFailure@3
                      ; - kotlin.coroutines.jvm.internal.BaseContinuationImpl::resumeWith@76 (line 37)
  0x00007f0ce1cc08d0: 3539 07e9 | 7df2 ffff 

  0x00007f0ce1cc08d8: ;   {metadata({method} {0x00007f0cbc016a88} 'getName' '()Ljava/lang/String;' in 'java/lang/Class')}
  0x00007f0ce1cc08d8: 49ba 886a | 01bc 0c7f | 0000 4c89 | 5424 0848 | c704 24ff 

  0x00007f0ce1cc08ec: ;   {runtime_call C1 Runtime counter_overflow_blob}
  0x00007f0ce1cc08ec: ffff ffe8 

  0x00007f0ce1cc08f0: ; ImmutableOopMap {rsi=Oop [168]=Oop [176]=Oop [208]=Oop [216]=Oop }
                      ;*synchronization entry
                      ; - java.lang.Class::getName@-1
                      ; - kotlin.jvm.internal.Intrinsics::sanitizeStackTrace@3 (line 253)
                      ; - kotlin.jvm.internal.Intrinsics::throwParameterIsNullNPE@11 (line 140)
                      ; - kotlin.jvm.internal.Intrinsics::checkNotNullParameter@5 (line 131)
                      ; - kotlin.ResultKt::createFailure@3
                      ; - kotlin.coroutines.jvm.internal.BaseContinuationImpl::resumeWith@76 (line 37)
  0x00007f0ce1cc08f0: ec34 3907 | e913 f3ff 

  0x00007f0ce1cc08f8: ;   {metadata({method} {0x00007f0cbc857a80} 'throwJavaNpe' '()V' in 'kotlin/jvm/internal/Intrinsics')}
  0x00007f0ce1cc08f8: ff49 ba80 | 7a85 bc0c | 7f00 004c | 8954 2408 | 48c7 0424 | ffff ffff 

  0x00007f0ce1cc0910: ;   {runtime_call C1 Runtime counter_overflow_blob}
  0x00007f0ce1cc0910: e8cb 3439 

  0x00007f0ce1cc0914: ; ImmutableOopMap {[168]=Oop [176]=Oop [232]=Oop }
                      ;*synchronization entry
                      ; - kotlin.jvm.internal.Intrinsics::throwJavaNpe@-1 (line 45)
                      ; - kotlin.jvm.internal.Intrinsics::checkNotNull@4 (line 25)
                      ; - kotlin.coroutines.jvm.internal.BaseContinuationImpl::resumeWith@31 (line 30)
  0x00007f0ce1cc0914: 07e9 c3f3 

  0x00007f0ce1cc0918: ;   {metadata(nullptr)}
  0x00007f0ce1cc0918: ffff 48ba | 0000 0000 | 0000 0000 | b800 0f05 

  0x00007f0ce1cc0928: ;   {runtime_call C1 Runtime load_klass_patching_blob}
  0x00007f0ce1cc0928: 0ae8 b225 

  0x00007f0ce1cc092c: ; ImmutableOopMap {[168]=Oop [176]=Oop [232]=Oop }
                      ;*new {reexecute=1 rethrow=0 return_oop=0}
                      ; - (reexecute) kotlin.jvm.internal.Intrinsics::throwJavaNpe@0 (line 45)
                      ; - kotlin.jvm.internal.Intrinsics::checkNotNull@4 (line 25)
                      ; - kotlin.coroutines.jvm.internal.BaseContinuationImpl::resumeWith@31 (line 30)
  0x00007f0ce1cc092c: 3907 e9ad | f3ff ff48 

  0x00007f0ce1cc0934: ;   {runtime_call C1 Runtime fast_new_instance_blob}
  0x00007f0ce1cc0934: 8bd2 e8a5 

  0x00007f0ce1cc0938: ; ImmutableOopMap {[168]=Oop [176]=Oop [232]=Oop }
                      ;*new {reexecute=0 rethrow=0 return_oop=0}
                      ; - kotlin.jvm.internal.Intrinsics::throwJavaNpe@0 (line 45)
                      ; - kotlin.jvm.internal.Intrinsics::checkNotNull@4 (line 25)
                      ; - kotlin.coroutines.jvm.internal.BaseContinuationImpl::resumeWith@31 (line 30)
  0x00007f0ce1cc0938: eb38 07e9 | eff3 ffff 

  0x00007f0ce1cc0940: ;   {metadata({method} {0x00007f0cbc8599e0} 'sanitizeStackTrace' '(Ljava/lang/Throwable;)Ljava/lang/Throwable;' in 'kotlin/jvm/internal/Intrinsics')}
  0x00007f0ce1cc0940: 49ba e099 | 85bc 0c7f | 0000 4c89 | 5424 0848 | c704 24ff 

  0x00007f0ce1cc0954: ;   {runtime_call C1 Runtime counter_overflow_blob}
  0x00007f0ce1cc0954: ffff ffe8 

  0x00007f0ce1cc0958: ; ImmutableOopMap {[168]=Oop [176]=Oop [224]=Oop [232]=Oop }
                      ;*synchronization entry
                      ; - kotlin.jvm.internal.Intrinsics::sanitizeStackTrace@-1 (line 253)
                      ; - kotlin.jvm.internal.Intrinsics::throwJavaNpe@7 (line 45)
                      ; - kotlin.jvm.internal.Intrinsics::checkNotNull@4 (line 25)
                      ; - kotlin.coroutines.jvm.internal.BaseContinuationImpl::resumeWith@31 (line 30)
  0x00007f0ce1cc0958: 8434 3907 | e934 f4ff 

  0x00007f0ce1cc0960: ;   {metadata({method} {0x00007f0cbc016a88} 'getName' '()Ljava/lang/String;' in 'java/lang/Class')}
  0x00007f0ce1cc0960: ff49 ba88 | 6a01 bc0c | 7f00 004c | 8954 2408 | 48c7 0424 | ffff ffff 

  0x00007f0ce1cc0978: ;   {runtime_call C1 Runtime counter_overflow_blob}
  0x00007f0ce1cc0978: e863 3439 

  0x00007f0ce1cc097c: ; ImmutableOopMap {rsi=Oop [168]=Oop [176]=Oop [224]=Oop [232]=Oop }
                      ;*synchronization entry
                      ; - java.lang.Class::getName@-1
                      ; - kotlin.jvm.internal.Intrinsics::sanitizeStackTrace@3 (line 253)
                      ; - kotlin.jvm.internal.Intrinsics::throwJavaNpe@7 (line 45)
                      ; - kotlin.jvm.internal.Intrinsics::checkNotNull@4 (line 25)
                      ; - kotlin.coroutines.jvm.internal.BaseContinuationImpl::resumeWith@31 (line 30)
  0x00007f0ce1cc097c: 07e9 caf4 

  0x00007f0ce1cc0980: ;   {metadata({method} {0x00007f0cbc858968} 'throwParameterIsNullNPE' '(Ljava/lang/String;)V' in 'kotlin/jvm/internal/Intrinsics')}
  0x00007f0ce1cc0980: ffff 49ba | 6889 85bc | 0c7f 0000 | 4c89 5424 | 0848 c704 | 24ff ffff 

  0x00007f0ce1cc0998: ;   {runtime_call C1 Runtime counter_overflow_blob}
  0x00007f0ce1cc0998: ffe8 4234 

  0x00007f0ce1cc099c: ; ImmutableOopMap {[232]=Oop [248]=Oop }
                      ;*synchronization entry
                      ; - kotlin.jvm.internal.Intrinsics::throwParameterIsNullNPE@-1 (line 140)
                      ; - kotlin.jvm.internal.Intrinsics::checkNotNullParameter@5 (line 131)
                      ; - kotlin.coroutines.jvm.internal.DebugProbesKt::probeCoroutineResumed@3
                      ; - kotlin.coroutines.jvm.internal.BaseContinuationImpl::resumeWith@13 (line 28)
  0x00007f0ce1cc099c: 3907 e97a 

  0x00007f0ce1cc09a0: ;   {metadata(nullptr)}
  0x00007f0ce1cc09a0: f5ff ff48 | ba00 0000 | 0000 0000 | 00b8 000f 

  0x00007f0ce1cc09b0: ;   {runtime_call C1 Runtime load_klass_patching_blob}
  0x00007f0ce1cc09b0: 050a e829 

  0x00007f0ce1cc09b4: ; ImmutableOopMap {[232]=Oop [248]=Oop }
                      ;*new {reexecute=1 rethrow=0 return_oop=0}
                      ; - (reexecute) kotlin.jvm.internal.Intrinsics::throwParameterIsNullNPE@0 (line 140)
                      ; - kotlin.jvm.internal.Intrinsics::checkNotNullParameter@5 (line 131)
                      ; - kotlin.coroutines.jvm.internal.DebugProbesKt::probeCoroutineResumed@3
                      ; - kotlin.coroutines.jvm.internal.BaseContinuationImpl::resumeWith@13 (line 28)
  0x00007f0ce1cc09b4: 2539 07e9 | 64f5 ffff 

  0x00007f0ce1cc09bc: ;   {runtime_call C1 Runtime fast_new_instance_blob}
  0x00007f0ce1cc09bc: 488b d2e8 

  0x00007f0ce1cc09c0: ; ImmutableOopMap {[232]=Oop [248]=Oop }
                      ;*new {reexecute=0 rethrow=0 return_oop=0}
                      ; - kotlin.jvm.internal.Intrinsics::throwParameterIsNullNPE@0 (line 140)
                      ; - kotlin.jvm.internal.Intrinsics::checkNotNullParameter@5 (line 131)
                      ; - kotlin.coroutines.jvm.internal.DebugProbesKt::probeCoroutineResumed@3
                      ; - kotlin.coroutines.jvm.internal.BaseContinuationImpl::resumeWith@13 (line 28)
  0x00007f0ce1cc09c0: 1ceb 3807 | e9a6 f5ff 

  0x00007f0ce1cc09c8: ;   {metadata({method} {0x00007f0cbc8599e0} 'sanitizeStackTrace' '(Ljava/lang/Throwable;)Ljava/lang/Throwable;' in 'kotlin/jvm/internal/Intrinsics')}
  0x00007f0ce1cc09c8: ff49 bae0 | 9985 bc0c | 7f00 004c | 8954 2408 | 48c7 0424 | ffff ffff 

  0x00007f0ce1cc09e0: ;   {runtime_call C1 Runtime counter_overflow_blob}
  0x00007f0ce1cc09e0: e8fb 3339 

  0x00007f0ce1cc09e4: ; ImmutableOopMap {[232]=Oop [240]=Oop [248]=Oop }
                      ;*synchronization entry
                      ; - kotlin.jvm.internal.Intrinsics::sanitizeStackTrace@-1 (line 253)
                      ; - kotlin.jvm.internal.Intrinsics::throwParameterIsNullNPE@11 (line 140)
                      ; - kotlin.jvm.internal.Intrinsics::checkNotNullParameter@5 (line 131)
                      ; - kotlin.coroutines.jvm.internal.DebugProbesKt::probeCoroutineResumed@3
                      ; - kotlin.coroutines.jvm.internal.BaseContinuationImpl::resumeWith@13 (line 28)
  0x00007f0ce1cc09e4: 07e9 2bf6 

  0x00007f0ce1cc09e8: ;   {metadata({method} {0x00007f0cbc016a88} 'getName' '()Ljava/lang/String;' in 'java/lang/Class')}
  0x00007f0ce1cc09e8: ffff 49ba | 886a 01bc | 0c7f 0000 | 4c89 5424 | 0848 c704 | 24ff ffff 

  0x00007f0ce1cc0a00: ;   {runtime_call C1 Runtime counter_overflow_blob}
  0x00007f0ce1cc0a00: ffe8 da33 

  0x00007f0ce1cc0a04: ; ImmutableOopMap {rsi=Oop [232]=Oop [240]=Oop [248]=Oop }
                      ;*synchronization entry
                      ; - java.lang.Class::getName@-1
                      ; - kotlin.jvm.internal.Intrinsics::sanitizeStackTrace@3 (line 253)
                      ; - kotlin.jvm.internal.Intrinsics::throwParameterIsNullNPE@11 (line 140)
                      ; - kotlin.jvm.internal.Intrinsics::checkNotNullParameter@5 (line 131)
                      ; - kotlin.coroutines.jvm.internal.DebugProbesKt::probeCoroutineResumed@3
                      ; - kotlin.coroutines.jvm.internal.BaseContinuationImpl::resumeWith@13 (line 28)
  0x00007f0ce1cc0a04: 3907 e9c1 

  0x00007f0ce1cc0a08: ;   {runtime_call C1 Runtime throw_null_pointer_exception_blob}
  0x00007f0ce1cc0a08: f6ff ffe8 

  0x00007f0ce1cc0a0c: ; ImmutableOopMap {rbx=Oop rax=Oop [176]=Oop }
                      ;*invokeinterface resumeWith {reexecute=0 rethrow=0 return_oop=0}
                      ; - kotlin.coroutines.jvm.internal.BaseContinuationImpl::resumeWith@114 (line 46)
  0x00007f0ce1cc0a0c: d0e1 3807 

  0x00007f0ce1cc0a10: ;   {internal_word}
  0x00007f0ce1cc0a10: 49ba 0c02 | cce1 0c7f | 0000 4d89 | 9738 0500 

  0x00007f0ce1cc0a20: ;   {runtime_call SafepointBlob}
  0x00007f0ce1cc0a20: 00e9 3a5e 

  0x00007f0ce1cc0a24: ;   {internal_word}
  0x00007f0ce1cc0a24: 2c07 49ba | 1f02 cce1 | 0c7f 0000 | 4d89 9738 

  0x00007f0ce1cc0a34: ;   {runtime_call SafepointBlob}
  0x00007f0ce1cc0a34: 0500 00e9 | 245e 2c07 | 4889 0424 

  0x00007f0ce1cc0a40: ;   {runtime_call C1 Runtime throw_class_cast_exception_blob}
  0x00007f0ce1cc0a40: e89b 0539 

  0x00007f0ce1cc0a44: ; ImmutableOopMap {rsi=Oop [232]=Oop }
                      ;*checkcast {reexecute=0 rethrow=0 return_oop=0}
                      ; - kotlin.jvm.internal.Intrinsics::throwParameterIsNullNPE@14 (line 140)
                      ; - kotlin.jvm.internal.Intrinsics::checkNotNullParameter@5 (line 131)
                      ; - kotlin.coroutines.jvm.internal.DebugProbesKt::probeCoroutineResumed@3
                      ; - kotlin.coroutines.jvm.internal.BaseContinuationImpl::resumeWith@13 (line 28)
                      ;   {runtime_call C1 Runtime throw_null_pointer_exception_blob}
  0x00007f0ce1cc0a44: 07e8 96e1 

  0x00007f0ce1cc0a48: ; ImmutableOopMap {rsi=Oop rax=Oop [232]=Oop }
                      ;*athrow {reexecute=1 rethrow=0 return_oop=0}
                      ; - (reexecute) kotlin.jvm.internal.Intrinsics::throwParameterIsNullNPE@17 (line 140)
                      ; - kotlin.jvm.internal.Intrinsics::checkNotNullParameter@5 (line 131)
                      ; - kotlin.coroutines.jvm.internal.DebugProbesKt::probeCoroutineResumed@3
                      ; - kotlin.coroutines.jvm.internal.BaseContinuationImpl::resumeWith@13 (line 28)
  0x00007f0ce1cc0a48: 3807 4889 

  0x00007f0ce1cc0a4c: ;   {runtime_call C1 Runtime throw_class_cast_exception_blob}
  0x00007f0ce1cc0a4c: 0424 e88d 

  0x00007f0ce1cc0a50: ; ImmutableOopMap {rdx=Oop [168]=Oop [176]=Oop }
                      ;*checkcast {reexecute=0 rethrow=0 return_oop=0}
                      ; - kotlin.jvm.internal.Intrinsics::throwJavaNpe@10 (line 45)
                      ; - kotlin.jvm.internal.Intrinsics::checkNotNull@4 (line 25)
                      ; - kotlin.coroutines.jvm.internal.BaseContinuationImpl::resumeWith@31 (line 30)
                      ;   {runtime_call C1 Runtime throw_null_pointer_exception_blob}
  0x00007f0ce1cc0a50: 0539 07e8 

  0x00007f0ce1cc0a54: ; ImmutableOopMap {rdx=Oop rax=Oop [168]=Oop [176]=Oop }
                      ;*athrow {reexecute=1 rethrow=0 return_oop=0}
                      ; - (reexecute) kotlin.jvm.internal.Intrinsics::throwJavaNpe@13 (line 45)
                      ; - kotlin.jvm.internal.Intrinsics::checkNotNull@4 (line 25)
                      ; - kotlin.coroutines.jvm.internal.BaseContinuationImpl::resumeWith@31 (line 30)
  0x00007f0ce1cc0a54: 88e1 3807 | 4889 0424 

  0x00007f0ce1cc0a5c: ;   {runtime_call C1 Runtime throw_class_cast_exception_blob}
  0x00007f0ce1cc0a5c: e87f 0539 

  0x00007f0ce1cc0a60: ; ImmutableOopMap {[168]=Oop [176]=Oop [208]=Oop }
                      ;*checkcast {reexecute=0 rethrow=0 return_oop=0}
                      ; - kotlin.jvm.internal.Intrinsics::throwParameterIsNullNPE@14 (line 140)
                      ; - kotlin.jvm.internal.Intrinsics::checkNotNullParameter@5 (line 131)
                      ; - kotlin.ResultKt::createFailure@3
                      ; - kotlin.coroutines.jvm.internal.BaseContinuationImpl::resumeWith@76 (line 37)
                      ;   {runtime_call C1 Runtime throw_null_pointer_exception_blob}
  0x00007f0ce1cc0a60: 07e8 7ae1 

  0x00007f0ce1cc0a64: ; ImmutableOopMap {rax=Oop [168]=Oop [176]=Oop [208]=Oop }
                      ;*athrow {reexecute=1 rethrow=0 return_oop=0}
                      ; - (reexecute) kotlin.jvm.internal.Intrinsics::throwParameterIsNullNPE@17 (line 140)
                      ; - kotlin.jvm.internal.Intrinsics::checkNotNullParameter@5 (line 131)
                      ; - kotlin.ResultKt::createFailure@3
                      ; - kotlin.coroutines.jvm.internal.BaseContinuationImpl::resumeWith@76 (line 37)
  0x00007f0ce1cc0a64: 3807 4889 

  0x00007f0ce1cc0a68: ;   {runtime_call C1 Runtime throw_class_cast_exception_blob}
  0x00007f0ce1cc0a68: 0424 e871 

  0x00007f0ce1cc0a6c: ; ImmutableOopMap {rbx=Oop rsi=Oop rdi=Oop rdx=Oop [176]=Oop }
                      ;*checkcast {reexecute=0 rethrow=0 return_oop=0}
                      ; - kotlin.jvm.internal.Intrinsics::throwParameterIsNullNPE@14 (line 140)
                      ; - kotlin.jvm.internal.Intrinsics::checkNotNullParameter@5 (line 131)
                      ; - kotlin.Result$Failure::<init>@3
                      ; - kotlin.ResultKt::createFailure@11 (line 122)
                      ; - kotlin.coroutines.jvm.internal.BaseContinuationImpl::resumeWith@76 (line 37)
                      ;   {runtime_call C1 Runtime throw_null_pointer_exception_blob}
  0x00007f0ce1cc0a6c: 0539 07e8 

  0x00007f0ce1cc0a70: ; ImmutableOopMap {rbx=Oop rsi=Oop rdi=Oop rdx=Oop rax=Oop [176]=Oop }
                      ;*athrow {reexecute=1 rethrow=0 return_oop=0}
                      ; - (reexecute) kotlin.jvm.internal.Intrinsics::throwParameterIsNullNPE@17 (line 140)
                      ; - kotlin.jvm.internal.Intrinsics::checkNotNullParameter@5 (line 131)
                      ; - kotlin.Result$Failure::<init>@3
                      ; - kotlin.ResultKt::createFailure@11 (line 122)
                      ; - kotlin.coroutines.jvm.internal.BaseContinuationImpl::resumeWith@76 (line 37)
  0x00007f0ce1cc0a70: 6ce1 3807 | 498b 87e0 | 0500 0049 | c787 e005 | 0000 0000 | 0000 49c7 | 87e8 0500 | 0000 0000 
  0x00007f0ce1cc0a90: 0048 81c4 | 1001 0000 

  0x00007f0ce1cc0a98: ;   {runtime_call C1 Runtime unwind_exception_blob}
  0x00007f0ce1cc0a98: 5de9 42d2 | 3807 f4f4 
[Stub Code]
  0x00007f0ce1cc0aa0: ;   {other}
  0x00007f0ce1cc0aa0: 0f1f 4400 

  0x00007f0ce1cc0aa4: ;   {static_stub}
  0x00007f0ce1cc0aa4: 0048 bb00 | 0000 0000 

  0x00007f0ce1cc0aac: ;   {runtime_call nmethod}
  0x00007f0ce1cc0aac: 0000 00e9 | fbff ffff 

  0x00007f0ce1cc0ab4: ;   {static_stub}
  0x00007f0ce1cc0ab4: 9048 bb00 | 0000 0000 

  0x00007f0ce1cc0abc: ;   {runtime_call nmethod}
  0x00007f0ce1cc0abc: 0000 00e9 | fbff ffff 

  0x00007f0ce1cc0ac4: ;   {static_stub}
  0x00007f0ce1cc0ac4: 9048 bb00 | 0000 0000 

  0x00007f0ce1cc0acc: ;   {runtime_call nmethod}
  0x00007f0ce1cc0acc: 0000 00e9 | fbff ffff 

  0x00007f0ce1cc0ad4: ;   {static_stub}
  0x00007f0ce1cc0ad4: 48bb 0000 | 0000 0000 

  0x00007f0ce1cc0adc: ;   {runtime_call nmethod}
  0x00007f0ce1cc0adc: 0000 e9fb 

  0x00007f0ce1cc0ae0: ;   {static_stub}
  0x00007f0ce1cc0ae0: ffff ff48 | bb00 0000 | 0000 0000 

  0x00007f0ce1cc0aec: ;   {runtime_call nmethod}
  0x00007f0ce1cc0aec: 00e9 fbff 

  0x00007f0ce1cc0af0: ;   {static_stub}
  0x00007f0ce1cc0af0: ffff 48bb | 0000 0000 | 0000 0000 

  0x00007f0ce1cc0afc: ;   {runtime_call nmethod}
  0x00007f0ce1cc0afc: e9fb ffff 

  0x00007f0ce1cc0b00: ;   {static_stub}
  0x00007f0ce1cc0b00: ff48 bb00 | 0000 0000 

  0x00007f0ce1cc0b08: ;   {runtime_call nmethod}
  0x00007f0ce1cc0b08: 0000 00e9 | fbff ffff 

  0x00007f0ce1cc0b10: ;   {static_stub}
  0x00007f0ce1cc0b10: 48bb 0000 | 0000 0000 

  0x00007f0ce1cc0b18: ;   {runtime_call nmethod}
  0x00007f0ce1cc0b18: 0000 e9fb 

  0x00007f0ce1cc0b1c: ;   {runtime_call C1 Runtime handle_exception_from_callee_blob}
  0x00007f0ce1cc0b1c: ffff ffe8 | bcfe 3807 

  0x00007f0ce1cc0b24: ;   {external_word}
  0x00007f0ce1cc0b24: 48bf 3c97 | 57fb 0c7f | 0000 4883 

  0x00007f0ce1cc0b30: ;   {runtime_call MacroAssembler::debug64(char*, long, long*)}
  0x00007f0ce1cc0b30: e4f0 e889 | ba28 19f4 
[Deopt Handler Code]
  0x00007f0ce1cc0b38: ;   {section_word}
  0x00007f0ce1cc0b38: 49ba 380b | cce1 0c7f | 0000 4152 

  0x00007f0ce1cc0b44: ;   {runtime_call DeoptimizationBlob}
  0x00007f0ce1cc0b44: e917 602c | 07f4 f4f4 | f4f4 f4f4 
[/MachCode]


Compiled method (c1) 18317 2195   !   3       kotlinx.coroutines.DispatchedTask::run (400 bytes)
 total in heap  [0x00007f0ce1ca0b08,0x00007f0ce1ca3c28] = 12576
 main code      [0x00007f0ce1ca0c00,0x00007f0ce1ca3a80] = 11904
 stub code      [0x00007f0ce1ca3a80,0x00007f0ce1ca3c08] = 392
 oops           [0x00007f0ce1ca3c08,0x00007f0ce1ca3c28] = 32
 mutable data [0x00007f0c949f3e70,0x00007f0c949f4388] = 1304
 relocation     [0x00007f0c949f3e70,0x00007f0c949f4318] = 1192
 metadata       [0x00007f0c949f4318,0x00007f0c949f4388] = 112
 immutable data [0x00007f0c949f2640,0x00007f0c949f3e60] = 6176
 dependencies   [0x00007f0c949f2640,0x00007f0c949f2660] = 32
 nul chk table  [0x00007f0c949f2660,0x00007f0c949f26c0] = 96
 handler table  [0x00007f0c949f26c0,0x00007f0c949f2eb8] = 2040
 scopes pcs     [0x00007f0c949f2eb8,0x00007f0c949f3598] = 1760
 scopes data    [0x00007f0c949f3598,0x00007f0c949f3e60] = 2248

[Constant Pool (empty)]

[MachCode]
[Instructions begin]
  0x00007f0ce1ca0c00: 6666 660f | 1f84 0000 | 0000 0066 | 6666 9066 | 6690 448b | 5608 443b 

  0x00007f0ce1ca0c18: ;   {runtime_call Shared Runtime ic_miss_blob}
  0x00007f0ce1ca0c18: 5008 0f85 | c037 2e07 
[Verified Entry Point]
  0x00007f0ce1ca0c20: 8984 2400 | c0fe ff55 | 4881 ec60 | 0100 0090 | 4181 7f20 | 0500 0000 

  0x00007f0ce1ca0c38: ;   {runtime_call Stub::method_entry_barrier}
  0x00007f0ce1ca0c38: 7405 e801 | b32c 0748 | 89b4 24b0 

  0x00007f0ce1ca0c44: ;   {metadata(method data for {method} {0x00007f0cbcd64cb0} 'run' '()V' in 'kotlinx/coroutines/DispatchedTask')}
  0x00007f0ce1ca0c44: 0000 0048 | bfb0 361a | be0c 7f00 | 008b 9f90 | 0000 0083 | c302 899f | 9000 0000 | 81e3 fe07 
  0x00007f0ce1ca0c64: 0000 85db | 0f84 b927 

  0x00007f0ce1ca0c6c: ;   {metadata(method data for {method} {0x00007f0cbcd64cb0} 'run' '()V' in 'kotlinx/coroutines/DispatchedTask')}
  0x00007f0ce1ca0c6c: 0000 48bf | b036 1abe | 0c7f 0000 | 4883 87d8 | 0000 0001 

  0x00007f0ce1ca0c80: ;   {metadata(method data for {method} {0x00007f0cbcd427a0} 'getASSERTIONS_ENABLED' '()Z' in 'kotlinx/coroutines/DebugKt')}
  0x00007f0ce1ca0c80: 48bf 28b7 | ddbd 0c7f | 0000 8b9f | 9000 0000 | 83c3 0289 | 9f90 0000 | 0081 e3fe | ff1f 0085 
  0x00007f0ce1ca0ca0: db0f 84a1 

  0x00007f0ce1ca0ca4: ;   {metadata(method data for {method} {0x00007f0cbcd64cb0} 'run' '()V' in 'kotlinx/coroutines/DispatchedTask')}
  0x00007f0ce1ca0ca4: 2700 0048 | bfb0 361a | be0c 7f00 | 00ff 87e8 | 0000 0048 

  0x00007f0ce1ca0cb8: ;   {metadata(method data for {method} {0x00007f0cbcd64cb0} 'run' '()V' in 'kotlinx/coroutines/DispatchedTask')}
  0x00007f0ce1ca0cb8: 8bfe 48bb | b036 1abe | 0c7f 0000 | 8b7f 0848 | 3bbb 7801 | 0000 750d | 4883 8380 | 0100 0001 
  0x00007f0ce1ca0cd8: e960 0000 | 0048 3bbb | 8801 0000 | 750d 4883 | 8390 0100 | 0001 e94a | 0000 0048 | 83bb 7801 
  0x00007f0ce1ca0cf8: 0000 0075 | 1748 89bb | 7801 0000 | 48c7 8380 | 0100 0001 | 0000 00e9 | 2900 0000 | 4883 bb88 
  0x00007f0ce1ca0d18: 0100 0000 | 7517 4889 | bb88 0100 | 0048 c783 | 9001 0000 | 0100 0000 | e908 0000 | 0048 8383 
  0x00007f0ce1ca0d38: 7001 0000 | 0148 8bfe | 488b f766 | 9048 b860 | 509f 940c 

  0x00007f0ce1ca0d4c: ;   {virtual_call}
  0x00007f0ce1ca0d4c: 7f00 00e8 

  0x00007f0ce1ca0d50: ; ImmutableOopMap {[176]=Oop }
                      ;*invokevirtual getDelegate$kotlinx_coroutines_core {reexecute=0 rethrow=0 return_oop=0}
                      ; - kotlinx.coroutines.DispatchedTask::run@36 (line 81)
  0x00007f0ce1ca0d50: 4ccc 3b07 

  0x00007f0ce1ca0d54: ;   {post_call_nop}
  0x00007f0ce1ca0d54: 0f1f 8400 | 4c02 0000 | 4889 8424 | b800 0000 

  0x00007f0ce1ca0d64: ;   {metadata(method data for {method} {0x00007f0cbcd64cb0} 'run' '()V' in 'kotlinx/coroutines/DispatchedTask')}
  0x00007f0ce1ca0d64: 48ba b036 | 1abe 0c7f | 0000 4883 | 82a0 0100 

  0x00007f0ce1ca0d74: ;   {metadata(method data for {method} {0x00007f0cbc857868} 'checkNotNull' '(Ljava/lang/Object;Ljava/lang/String;)V' in 'kotlin/jvm/internal/Intrinsics')}
  0x00007f0ce1ca0d74: 0001 48ba | 301d 4dbd | 0c7f 0000 | 8bb2 9000 | 0000 83c6 | 0289 b290 | 0000 0081 | e6fe ff1f 
  0x00007f0ce1ca0d94: 0085 f60f | 84cc 2600 | 0048 85c0 

  0x00007f0ce1ca0da0: ;   {metadata(method data for {method} {0x00007f0cbc857868} 'checkNotNull' '(Ljava/lang/Object;Ljava/lang/String;)V' in 'kotlin/jvm/internal/Intrinsics')}
  0x00007f0ce1ca0da0: 48ba 301d | 4dbd 0c7f | 0000 bed8 | 0000 0075 | 05be e800 | 0000 488b | 3c32 488d | 7f01 4889 
  0x00007f0ce1ca0dc0: 3c32 0f85 | 4402 0000 

  0x00007f0ce1ca0dc8: ;   {metadata(method data for {method} {0x00007f0cbc857868} 'checkNotNull' '(Ljava/lang/Object;Ljava/lang/String;)V' in 'kotlin/jvm/internal/Intrinsics')}
  0x00007f0ce1ca0dc8: 48ba 301d | 4dbd 0c7f | 0000 4883 | 82f8 0000 

  0x00007f0ce1ca0dd8: ;   {metadata(method data for {method} {0x00007f0cbc857b38} 'throwJavaNpe' '(Ljava/lang/String;)V' in 'kotlin/jvm/internal/Intrinsics')}
  0x00007f0ce1ca0dd8: 0001 48ba | 801e 4dbd | 0c7f 0000 | 8bb2 9000 | 0000 83c6 | 0289 b290 | 0000 0081 | e6fe ff1f 
  0x00007f0ce1ca0df8: 0085 f60f | 8489 2600 | 000f 1f80 | 0000 0000 

  0x00007f0ce1ca0e08: ;   {other}
  0x00007f0ce1ca0e08: e9ad 2600 | 0000 0000 | 0000 498b | 87c8 0100 | 0048 8d78 | 3049 3bbf | d801 0000 | 0f87 9a26 
  0x00007f0ce1ca0e28: 0000 4989 | bfc8 0100 | 0048 c700 | 0100 0000 | 488b ca89 | 4808 4833 | c989 480c | 4833 c948 
  0x00007f0ce1ca0e48: 8948 1048 | 8948 1848 | 8948 2048 | 8948 2848 

  0x00007f0ce1ca0e58: ;   {metadata(method data for {method} {0x00007f0cbc857b38} 'throwJavaNpe' '(Ljava/lang/String;)V' in 'kotlin/jvm/internal/Intrinsics')}
  0x00007f0ce1ca0e58: 8bd0 48be | 801e 4dbd | 0c7f 0000 | 4883 86d8 | 0000 0001 

  0x00007f0ce1ca0e6c: ;   {oop("null cannot be cast to non-null type kotlinx.coroutines.internal.DispatchedContinuation<T of kotlinx.coroutines.DispatchedTask>"{0x0000000748228b78})}
  0x00007f0ce1ca0e6c: 48ba 788b | 2248 0700 | 0000 488b | f048 8984 | 24c0 0000 | 0066 0f1f 

  0x00007f0ce1ca0e84: ;   {optimized virtual_call}
  0x00007f0ce1ca0e84: 4400 00e8 

  0x00007f0ce1ca0e88: ; ImmutableOopMap {[176]=Oop [184]=Oop [192]=Oop }
                      ;*invokespecial <init> {reexecute=0 rethrow=0 return_oop=0}
                      ; - kotlin.jvm.internal.Intrinsics::throwJavaNpe@5 (line 50)
                      ; - kotlin.jvm.internal.Intrinsics::checkNotNull@5 (line 31)
                      ; - kotlinx.coroutines.DispatchedTask::run@42 (line 81)
  0x00007f0ce1ca0e88: 5438 2e07 

  0x00007f0ce1ca0e8c: ;   {post_call_nop}
  0x00007f0ce1ca0e8c: 0f1f 8400 | 8403 0001 

  0x00007f0ce1ca0e94: ;   {metadata(method data for {method} {0x00007f0cbc857b38} 'throwJavaNpe' '(Ljava/lang/String;)V' in 'kotlin/jvm/internal/Intrinsics')}
  0x00007f0ce1ca0e94: 48be 801e | 4dbd 0c7f | 0000 4883 | 86e8 0000 

  0x00007f0ce1ca0ea4: ;   {metadata(method data for {method} {0x00007f0cbc8599e0} 'sanitizeStackTrace' '(Ljava/lang/Throwable;)Ljava/lang/Throwable;' in 'kotlin/jvm/internal/Intrinsics')}
  0x00007f0ce1ca0ea4: 0001 48be | 084d e1bc | 0c7f 0000 | 8bbe 9000 | 0000 83c7 | 0289 be90 | 0000 0081 | e7fe ff1f 
  0x00007f0ce1ca0ec4: 0085 ff0f | 8404 2600 

  0x00007f0ce1ca0ecc: ;   {oop(a 'java/lang/Class'{0x0000000747f0aa10} = 'kotlin/jvm/internal/Intrinsics')}
  0x00007f0ce1ca0ecc: 0048 be10 | aaf0 4707 | 0000 0048 

  0x00007f0ce1ca0ed8: ;   {metadata(method data for {method} {0x00007f0cbc8599e0} 'sanitizeStackTrace' '(Ljava/lang/Throwable;)Ljava/lang/Throwable;' in 'kotlin/jvm/internal/Intrinsics')}
  0x00007f0ce1ca0ed8: 8bfe 48bb | 084d e1bc | 0c7f 0000 | 8b7f 0848 | 3bbb e000 | 0000 750d | 4883 83e8 | 0000 0001 
  0x00007f0ce1ca0ef8: e960 0000 | 0048 3bbb | f000 0000 | 750d 4883 | 83f8 0000 | 0001 e94a | 0000 0048 | 83bb e000 
  0x00007f0ce1ca0f18: 0000 0075 | 1748 89bb | e000 0000 | 48c7 83e8 | 0000 0001 | 0000 00e9 | 2900 0000 | 4883 bbf0 
  0x00007f0ce1ca0f38: 0000 0000 | 7517 4889 | bbf0 0000 | 0048 c783 | f800 0000 | 0100 0000 | e908 0000 | 0048 8383 
  0x00007f0ce1ca0f58: d800 0000 

  0x00007f0ce1ca0f5c: ;   {metadata(method data for {method} {0x00007f0cbc016a88} 'getName' '()Ljava/lang/String;' in 'java/lang/Class')}
  0x00007f0ce1ca0f5c: 0148 bfa0 | ca68 bc0c | 7f00 008b | 9f90 0000 | 0083 c302 | 899f 9000 | 0000 81e3 | feff 1f00 
  0x00007f0ce1ca0f7c: 85db 0f84 | 6e25 0000 | 8b76 3048 | c1e6 0348 

  0x00007f0ce1ca0f8c: ;   {metadata(method data for {method} {0x00007f0cbc016a88} 'getName' '()Ljava/lang/String;' in 'java/lang/Class')}
  0x00007f0ce1ca0f8c: 85f6 48bf | a0ca 68bc | 0c7f 0000 | bbd8 0000 | 0074 05bb | e800 0000 | 488b 041f | 488d 4001 
  0x00007f0ce1ca0fac: 4889 041f | 0f84 1800 

  0x00007f0ce1ca0fb4: ;   {metadata(method data for {method} {0x00007f0cbc016a88} 'getName' '()Ljava/lang/String;' in 'java/lang/Class')}
  0x00007f0ce1ca0fb4: 0000 48bf | a0ca 68bc | 0c7f 0000 | ff87 f800 | 0000 488b | fee9 3100 

  0x00007f0ce1ca0fcc: ;   {oop(a 'java/lang/Class'{0x0000000747f0aa10} = 'kotlin/jvm/internal/Intrinsics')}
  0x00007f0ce1ca0fcc: 0000 48be | 10aa f047 | 0700 0000 

  0x00007f0ce1ca0fd8: ;   {metadata(method data for {method} {0x00007f0cbc016a88} 'getName' '()Ljava/lang/String;' in 'java/lang/Class')}
  0x00007f0ce1ca0fd8: 488b fe48 | bba0 ca68 | bc0c 7f00 | 0048 8383 | 1001 0000 

  0x00007f0ce1ca0fec: ;   {optimized virtual_call}
  0x00007f0ce1ca0fec: 0166 90e8 

  0x00007f0ce1ca0ff0: ; ImmutableOopMap {[176]=Oop [184]=Oop [192]=Oop }
                      ;*invokevirtual initClassName {reexecute=0 rethrow=0 return_oop=0}
                      ; - java.lang.Class::getName@14
                      ; - kotlin.jvm.internal.Intrinsics::sanitizeStackTrace@3 (line 253)
                      ; - kotlin.jvm.internal.Intrinsics::throwJavaNpe@8 (line 50)
                      ; - kotlin.jvm.internal.Intrinsics::checkNotNull@5 (line 31)
                      ; - kotlinx.coroutines.DispatchedTask::run@42 (line 81)
  0x00007f0ce1ca0ff0: ec36 2e07 

  0x00007f0ce1ca0ff4: ;   {post_call_nop}
  0x00007f0ce1ca0ff4: 0f1f 8400 | ec04 0002 | 488b f848 | 8b84 24c0 | 0000 00e9 | f021 0000 

  0x00007f0ce1ca100c: ;   {metadata(method data for {method} {0x00007f0cbcd64cb0} 'run' '()V' in 'kotlinx/coroutines/DispatchedTask')}
  0x00007f0ce1ca100c: 4885 c048 | bbb0 361a | be0c 7f00 | 0075 0c80 | 8ba9 0100 | 0001 e994 | 0000 008b | 7008 483b 
  0x00007f0ce1ca102c: b3b8 0100 | 0075 0d48 | 8383 c001 | 0000 01e9 | 6000 0000 | 483b b3c8 | 0100 0075 | 0d48 8383 
  0x00007f0ce1ca104c: d001 0000 | 01e9 4a00 | 0000 4883 | bbb8 0100 | 0000 7517 | 4889 b3b8 | 0100 0048 | c783 c001 
  0x00007f0ce1ca106c: 0000 0100 | 0000 e929 | 0000 0048 | 83bb c801 | 0000 0075 | 1748 89b3 | c801 0000 | 48c7 83d0 
  0x00007f0ce1ca108c: 0100 0001 | 0000 00e9 | 0800 0000 | 4883 83b0 | 0100 0001 

  0x00007f0ce1ca10a0: ;   {metadata('kotlinx/coroutines/internal/DispatchedContinuation')}
  0x00007f0ce1ca10a0: 48be 00a0 | 18b8 0000 | 0000 8b78 | 0848 3bf7 | 0f85 5d24 | 0000 e900 | 0000 0048 | 8bf0 8b7e 
  0x00007f0ce1ca10c0: 2048 c1e7 | 038b 5e28 | 48c1 e303 

  0x00007f0ce1ca10cc: ; implicit exception: dispatches to 0x00007f0ce1ca3521
  0x00007f0ce1ca10cc: 483b 0748 

  0x00007f0ce1ca10d0: ;   {metadata(method data for {method} {0x00007f0cbcd64cb0} 'run' '()V' in 'kotlinx/coroutines/DispatchedTask')}
  0x00007f0ce1ca10d0: 8bf7 48b8 | b036 1abe | 0c7f 0000 | 8b76 0848 | 3bb0 e801 | 0000 750d | 4883 80f0 | 0100 0001 
  0x00007f0ce1ca10f0: e960 0000 | 0048 3bb0 | f801 0000 | 750d 4883 | 8000 0200 | 0001 e94a | 0000 0048 | 83b8 e801 
  0x00007f0ce1ca1110: 0000 0075 | 1748 89b0 | e801 0000 | 48c7 80f0 | 0100 0001 | 0000 00e9 | 2900 0000 | 4883 b8f8 
  0x00007f0ce1ca1130: 0100 0000 | 7517 4889 | b0f8 0100 | 0048 c780 | 0002 0000 | 0100 0000 | e908 0000 | 0048 8380 
  0x00007f0ce1ca1150: e001 0000 | 0148 8bf7 | 4889 bc24 | d000 0000 | 4889 9c24 | c800 0000 | 0f1f 4400 | 0048 b888 
  0x00007f0ce1ca1170: 509f 940c 

  0x00007f0ce1ca1174: ;   {virtual_call}
  0x00007f0ce1ca1174: 7f00 00e8 

  0x00007f0ce1ca1178: ; ImmutableOopMap {[176]=Oop [200]=Oop [208]=Oop }
                      ;*invokeinterface getContext {reexecute=0 rethrow=0 return_oop=0}
                      ; - kotlinx.coroutines.DispatchedTask::run@64 (line 210)
  0x00007f0ce1ca1178: e4c2 3b07 

  0x00007f0ce1ca117c: ;   {post_call_nop}
  0x00007f0ce1ca117c: 0f1f 8400 | 7406 0003 

  0x00007f0ce1ca1184: ;   {metadata(method data for {method} {0x00007f0cbcd64cb0} 'run' '()V' in 'kotlinx/coroutines/DispatchedTask')}
  0x00007f0ce1ca1184: 48be b036 | 1abe 0c7f | 0000 4883 | 8610 0200 | 0001 488b | f048 8b94 | 24c8 0000 | 0048 8984 
  0x00007f0ce1ca11a4: 24d8 0000 | 0066 0f1f 

  0x00007f0ce1ca11ac: ;   {static_call}
  0x00007f0ce1ca11ac: 4400 00e8 

  0x00007f0ce1ca11b0: ; ImmutableOopMap {[176]=Oop [208]=Oop [216]=Oop }
                      ;*invokestatic updateThreadContext {reexecute=0 rethrow=0 return_oop=0}
                      ; - kotlinx.coroutines.DispatchedTask::run@75 (line 211)
  0x00007f0ce1ca11b0: 4ca0 0200 

  0x00007f0ce1ca11b4: ;   {post_call_nop}
  0x00007f0ce1ca11b4: 0f1f 8400 | ac06 0004 

  0x00007f0ce1ca11bc: ;   {oop(a 'kotlinx/coroutines/internal/Symbol'{0x00000007481b6318})}
  0x00007f0ce1ca11bc: 49ba 1863 | 1b48 0700 | 0000 493b 

  0x00007f0ce1ca11c8: ;   {metadata(method data for {method} {0x00007f0cbcd64cb0} 'run' '()V' in 'kotlinx/coroutines/DispatchedTask')}
  0x00007f0ce1ca11c8: c248 beb0 | 361a be0c | 7f00 00ba | 2002 0000 | 7405 ba30 | 0200 0048 | 8b0c 1648 | 8d49 0148 
  0x00007f0ce1ca11e8: 890c 160f | 8450 0000 

  0x00007f0ce1ca11f0: ;   {metadata(method data for {method} {0x00007f0cbcd64cb0} 'run' '()V' in 'kotlinx/coroutines/DispatchedTask')}
  0x00007f0ce1ca11f0: 0048 beb0 | 361a be0c | 7f00 0048 | 8386 4002 | 0000 0148 | 8bb4 24d0 | 0000 0048 | 8b94 24d8 
  0x00007f0ce1ca1210: 0000 0048 | 8bc8 4889 | 8424 e000 

  0x00007f0ce1ca121c: ;   {static_call}
  0x00007f0ce1ca121c: 0000 90e8 

  0x00007f0ce1ca1220: ; ImmutableOopMap {[176]=Oop [208]=Oop [216]=Oop [224]=Oop }
                      ;*invokestatic updateUndispatchedCompletion {reexecute=0 rethrow=0 return_oop=0}
                      ; - kotlinx.coroutines.DispatchedTask::run@93 (line 214)
  0x00007f0ce1ca1220: bc3a 2e07 

  0x00007f0ce1ca1224: ;   {post_call_nop}
  0x00007f0ce1ca1224: 0f1f 8400 | 1c07 0005 

  0x00007f0ce1ca122c: ;   {metadata(method data for {method} {0x00007f0cbcd64cb0} 'run' '()V' in 'kotlinx/coroutines/DispatchedTask')}
  0x00007f0ce1ca122c: 48be b036 | 1abe 0c7f | 0000 ff86 | 5002 0000 | e912 0000 | 0048 8984 | 24e0 0000 

  0x00007f0ce1ca1248: ;   {oop(nullptr)}
  0x00007f0ce1ca1248: 0048 b800 | 0000 0000 | 0000 0048 | 8984 24e8 | 0000 0048 | 8bbc 24d0 

  0x00007f0ce1ca1260: ;   {metadata(method data for {method} {0x00007f0cbcd64cb0} 'run' '()V' in 'kotlinx/coroutines/DispatchedTask')}
  0x00007f0ce1ca1260: 0000 0048 | beb0 361a | be0c 7f00 | 008b 7f08 | 483b be70 | 0200 0075 | 0d48 8386 | 7802 0000 
  0x00007f0ce1ca1280: 01e9 6000 | 0000 483b | be80 0200 | 0075 0d48 | 8386 8802 | 0000 01e9 | 4a00 0000 | 4883 be70 
  0x00007f0ce1ca12a0: 0200 0000 | 7517 4889 | be70 0200 | 0048 c786 | 7802 0000 | 0100 0000 | e929 0000 | 0048 83be 
  0x00007f0ce1ca12c0: 8002 0000 | 0075 1748 | 89be 8002 | 0000 48c7 | 8688 0200 | 0001 0000 | 00e9 0800 | 0000 4883 
  0x00007f0ce1ca12e0: 8668 0200 | 0001 488b | b424 d000 | 0000 0f1f | 8000 0000 | 0048 b8b0 | 509f 940c 

  0x00007f0ce1ca12fc: ;   {virtual_call}
  0x00007f0ce1ca12fc: 7f00 00e8 

  0x00007f0ce1ca1300: ; ImmutableOopMap {[176]=Oop [208]=Oop [216]=Oop [224]=Oop [232]=Oop }
                      ;*invokeinterface getContext {reexecute=0 rethrow=0 return_oop=0}
                      ; - kotlinx.coroutines.DispatchedTask::run@107 (line 84)
  0x00007f0ce1ca1300: 5cc1 3b07 

  0x00007f0ce1ca1304: ;   {post_call_nop}
  0x00007f0ce1ca1304: 0f1f 8400 | fc07 0006 | 488b b424 | b000 0000 

  0x00007f0ce1ca1314: ;   {metadata(method data for {method} {0x00007f0cbcd64cb0} 'run' '()V' in 'kotlinx/coroutines/DispatchedTask')}
  0x00007f0ce1ca1314: 48bf b036 | 1abe 0c7f | 0000 8b76 | 0848 3bb7 | a002 0000 | 750d 4883 | 87a8 0200 | 0001 e960 
  0x00007f0ce1ca1334: 0000 0048 | 3bb7 b002 | 0000 750d | 4883 87b8 | 0200 0001 | e94a 0000 | 0048 83bf | a002 0000 
  0x00007f0ce1ca1354: 0075 1748 | 89b7 a002 | 0000 48c7 | 87a8 0200 | 0001 0000 | 00e9 2900 | 0000 4883 | bfb0 0200 
  0x00007f0ce1ca1374: 0000 7517 | 4889 b7b0 | 0200 0048 | c787 b802 | 0000 0100 | 0000 e908 | 0000 0048 | 8387 9802 
  0x00007f0ce1ca1394: 0000 0148 | 8bb4 24b0 | 0000 0048 | 8984 24f0 | 0000 0066 | 0f1f 4400 | 0048 b8d8 | 509f 940c 
  0x00007f0ce1ca13b4: ;   {virtual_call}
  0x00007f0ce1ca13b4: 7f00 00e8 

  0x00007f0ce1ca13b8: ; ImmutableOopMap {[176]=Oop [208]=Oop [216]=Oop [224]=Oop [232]=Oop [240]=Oop }
                      ;*invokevirtual takeState$kotlinx_coroutines_core {reexecute=0 rethrow=0 return_oop=0}
                      ; - kotlinx.coroutines.DispatchedTask::run@115 (line 85)
  0x00007f0ce1ca13b8: a4c2 3b07 

  0x00007f0ce1ca13bc: ;   {post_call_nop}
  0x00007f0ce1ca13bc: 0f1f 8400 | b408 0007 | 4889 8424 | f800 0000 | 488b b424 | b000 0000 

  0x00007f0ce1ca13d4: ;   {metadata(method data for {method} {0x00007f0cbcd64cb0} 'run' '()V' in 'kotlinx/coroutines/DispatchedTask')}
  0x00007f0ce1ca13d4: 48ba b036 | 1abe 0c7f | 0000 8b76 | 0848 3bb2 | d002 0000 | 750d 4883 | 82d8 0200 | 0001 e960 
  0x00007f0ce1ca13f4: 0000 0048 | 3bb2 e002 | 0000 750d | 4883 82e8 | 0200 0001 | e94a 0000 | 0048 83ba | d002 0000 
  0x00007f0ce1ca1414: 0075 1748 | 89b2 d002 | 0000 48c7 | 82d8 0200 | 0001 0000 | 00e9 2900 | 0000 4883 | bae0 0200 
  0x00007f0ce1ca1434: 0000 7517 | 4889 b2e0 | 0200 0048 | c782 e802 | 0000 0100 | 0000 e908 | 0000 0048 | 8382 c802 
  0x00007f0ce1ca1454: 0000 0148 | 8bd0 488b | b424 b000 | 0000 6666 | 9048 b800 | 519f 940c 

  0x00007f0ce1ca146c: ;   {virtual_call}
  0x00007f0ce1ca146c: 7f00 00e8 

  0x00007f0ce1ca1470: ; ImmutableOopMap {[176]=Oop [208]=Oop [216]=Oop [224]=Oop [232]=Oop [240]=Oop [248]=Oop }
                      ;*invokevirtual getExceptionalResult$kotlinx_coroutines_core {reexecute=0 rethrow=0 return_oop=0}
                      ; - kotlinx.coroutines.DispatchedTask::run@123 (line 86)
  0x00007f0ce1ca1470: ccc1 3b07 

  0x00007f0ce1ca1474: ;   {post_call_nop}
  0x00007f0ce1ca1474: 0f1f 8400 | 6c09 0008 | 4889 8424 | 0001 0000 

  0x00007f0ce1ca1484: ;   {metadata(method data for {method} {0x00007f0cbcd64cb0} 'run' '()V' in 'kotlinx/coroutines/DispatchedTask')}
  0x00007f0ce1ca1484: 4885 c048 | bab0 361a | be0c 7f00 | 00be f802 | 0000 7505 | be08 0300 | 0048 8b3c | 3248 8d7f 
  0x00007f0ce1ca14a4: 0148 893c | 3248 8bb4 | 24b0 0000 | 000f 85de | 0000 008b 

  0x00007f0ce1ca14b8: ;   {metadata(method data for {method} {0x00007f0cbcd64cb0} 'run' '()V' in 'kotlinx/coroutines/DispatchedTask')}
  0x00007f0ce1ca14b8: 5618 48bf | b036 1abe | 0c7f 0000 | 4883 8718 | 0300 0001 

  0x00007f0ce1ca14cc: ;   {metadata(method data for {method} {0x00007f0cbcd7b528} 'isCancellableMode' '(I)Z' in 'kotlinx/coroutines/DispatchedTaskKt')}
  0x00007f0ce1ca14cc: 48bf 40c1 | 19be 0c7f | 0000 8b9f | 9000 0000 | 83c3 0289 | 9f90 0000 | 0081 e3fe | ff1f 0085 
  0x00007f0ce1ca14ec: db0f 8433 | 2000 0083 

  0x00007f0ce1ca14f4: ;   {metadata(method data for {method} {0x00007f0cbcd7b528} 'isCancellableMode' '(I)Z' in 'kotlinx/coroutines/DispatchedTaskKt')}
  0x00007f0ce1ca14f4: fa01 48bf | 40c1 19be | 0c7f 0000 | bbd8 0000 | 0074 05bb | e800 0000 | 488b 0c1f | 488d 4901 
  0x00007f0ce1ca1514: 4889 0c1f | 0f84 2b00 | 0000 83fa 

  0x00007f0ce1ca1520: ;   {metadata(method data for {method} {0x00007f0cbcd7b528} 'isCancellableMode' '(I)Z' in 'kotlinx/coroutines/DispatchedTaskKt')}
  0x00007f0ce1ca1520: 0248 ba40 | c119 be0c | 7f00 00bf | f800 0000 | 7505 bf08 | 0100 0048 | 8b1c 3a48 | 8d5b 0148 
  0x00007f0ce1ca1540: 891c 3a0f | 851a 0000 

  0x00007f0ce1ca1548: ;   {metadata(method data for {method} {0x00007f0cbcd7b528} 'isCancellableMode' '(I)Z' in 'kotlinx/coroutines/DispatchedTaskKt')}
  0x00007f0ce1ca1548: 0048 ba40 | c119 be0c | 7f00 00ff | 8218 0100 | 00ba 0100 | 0000 e905 | 0000 00ba | 0000 0000 
  0x00007f0ce1ca1568: 83e2 0185 

  0x00007f0ce1ca156c: ;   {metadata(method data for {method} {0x00007f0cbcd64cb0} 'run' '()V' in 'kotlinx/coroutines/DispatchedTask')}
  0x00007f0ce1ca156c: d248 bab0 | 361a be0c | 7f00 00bf | 3803 0000 | 7505 bf28 | 0300 0048 | 8b1c 3a48 | 8d5b 0148 
  0x00007f0ce1ca158c: 891c 3a0f | 850f 0000 

  0x00007f0ce1ca1594: ;   {oop(nullptr)}
  0x00007f0ce1ca1594: 0048 bf00 | 0000 0000 | 0000 00e9 | 9801 0000 | 488b 8424 | f000 0000 

  0x00007f0ce1ca15ac: ; implicit exception: dispatches to 0x00007f0ce1ca3547
  0x00007f0ce1ca15ac: 483b 0048 

  0x00007f0ce1ca15b0: ;   {metadata(method data for {method} {0x00007f0cbcd64cb0} 'run' '()V' in 'kotlinx/coroutines/DispatchedTask')}
  0x00007f0ce1ca15b0: 8bd0 48bb | b036 1abe | 0c7f 0000 | 8b52 0848 | 3b93 8003 | 0000 750d | 4883 8388 | 0300 0001 
  0x00007f0ce1ca15d0: e960 0000 | 0048 3b93 | 9003 0000 | 750d 4883 | 8398 0300 | 0001 e94a | 0000 0048 | 83bb 8003 
  0x00007f0ce1ca15f0: 0000 0075 | 1748 8993 | 8003 0000 | 48c7 8388 | 0300 0001 | 0000 00e9 | 2900 0000 | 4883 bb90 
  0x00007f0ce1ca1610: 0300 0000 | 7517 4889 | 9390 0300 | 0048 c783 | 9803 0000 | 0100 0000 | e908 0000 | 0048 8383 
  0x00007f0ce1ca1630: 7803 0000 

  0x00007f0ce1ca1634: ;   {oop(a 'kotlinx/coroutines/Job$Key'{0x00000007480d1798})}
  0x00007f0ce1ca1634: 0148 ba98 | 170d 4807 | 0000 0048 | 8bf0 6666 | 9048 b828 | 519f 940c 

  0x00007f0ce1ca164c: ;   {virtual_call}
  0x00007f0ce1ca164c: 7f00 00e8 

  0x00007f0ce1ca1650: ; ImmutableOopMap {[176]=Oop [208]=Oop [216]=Oop [224]=Oop [232]=Oop [248]=Oop [256]=Oop }
                      ;*invokeinterface get {reexecute=0 rethrow=0 return_oop=0}
                      ; - kotlinx.coroutines.DispatchedTask::run@151 (line 92)
  0x00007f0ce1ca1650: be57 f6ff 

  0x00007f0ce1ca1654: ;   {post_call_nop}
  0x00007f0ce1ca1654: 0f1f 8400 | 4c0b 0009 

  0x00007f0ce1ca165c: ;   {metadata(method data for {method} {0x00007f0cbcd64cb0} 'run' '()V' in 'kotlinx/coroutines/DispatchedTask')}
  0x00007f0ce1ca165c: 4885 c048 | bbb0 361a | be0c 7f00 | 0075 0c80 | 8ba1 0300 | 0001 e9af | 0000 008b | 7008 483b 
  0x00007f0ce1ca167c: b3b0 0300 | 0075 0d48 | 8383 b803 | 0000 01e9 | 6000 0000 | 483b b3c0 | 0300 0075 | 0d48 8383 
  0x00007f0ce1ca169c: c803 0000 | 01e9 4a00 | 0000 4883 | bbb0 0300 | 0000 7517 | 4889 b3b0 | 0300 0048 | c783 b803 
  0x00007f0ce1ca16bc: 0000 0100 | 0000 e929 | 0000 0048 | 83bb c003 | 0000 0075 | 1748 89b3 | c003 0000 | 48c7 83c8 
  0x00007f0ce1ca16dc: 0300 0001 | 0000 00e9 | 0800 0000 | 4883 83a8 | 0300 0001 

  0x00007f0ce1ca16f0: ;   {metadata('kotlinx/coroutines/Job')}
  0x00007f0ce1ca16f0: 48be d0c4 | 18b8 0000 | 0000 8b58 | 0848 3b73 | 200f 841f | 0000 0048 | 3bde 0f84 | 1600 0000 
  0x00007f0ce1ca1710: ;   {runtime_call C1 Runtime slow_subtype_check_blob}
  0x00007f0ce1ca1710: 5356 e8c9 | fe3a 075b | 5b85 db0f | 842b 1e00 | 00e9 0000 | 0000 488b 

  0x00007f0ce1ca1728: ;   {metadata(method data for {method} {0x00007f0cbcd64cb0} 'run' '()V' in 'kotlinx/coroutines/DispatchedTask')}
  0x00007f0ce1ca1728: f048 bfb0 | 361a be0c | 7f00 00ff | 87d8 0300 | 0048 8bfe 

  0x00007f0ce1ca173c: ;   {metadata(method data for {method} {0x00007f0cbcd64cb0} 'run' '()V' in 'kotlinx/coroutines/DispatchedTask')}
  0x00007f0ce1ca173c: 4885 ff48 | beb0 361a | be0c 7f00 | 00bb f003 | 0000 7405 | bb00 0400 | 0048 8b04 | 1e48 8d40 
  0x00007f0ce1ca175c: 0148 8904 | 1e0f 84d7 | 0000 0048 | 3b07 488b 

  0x00007f0ce1ca176c: ;   {metadata(method data for {method} {0x00007f0cbcd64cb0} 'run' '()V' in 'kotlinx/coroutines/DispatchedTask')}
  0x00007f0ce1ca176c: f748 bbb0 | 361a be0c | 7f00 008b | 7608 483b | b318 0400 | 0075 0d48 | 8383 2004 | 0000 01e9 
  0x00007f0ce1ca178c: 6000 0000 | 483b b328 | 0400 0075 | 0d48 8383 | 3004 0000 | 01e9 4a00 | 0000 4883 | bb18 0400 
  0x00007f0ce1ca17ac: 0000 7517 | 4889 b318 | 0400 0048 | c783 2004 | 0000 0100 | 0000 e929 | 0000 0048 | 83bb 2804 
  0x00007f0ce1ca17cc: 0000 0075 | 1748 89b3 | 2804 0000 | 48c7 8330 | 0400 0001 | 0000 00e9 | 0800 0000 | 4883 8310 
  0x00007f0ce1ca17ec: 0400 0001 | 488b f748 | 89bc 2408 | 0100 0066 | 9048 b850 | 519f 940c 

  0x00007f0ce1ca1804: ;   {virtual_call}
  0x00007f0ce1ca1804: 7f00 00e8 

  0x00007f0ce1ca1808: ; ImmutableOopMap {[176]=Oop [208]=Oop [216]=Oop [224]=Oop [232]=Oop [248]=Oop [256]=Oop [264]=Oop }
                      ;*invokeinterface isActive {reexecute=0 rethrow=0 return_oop=0}
                      ; - kotlinx.coroutines.DispatchedTask::run@172 (line 93)
  0x00007f0ce1ca1808: 34c2 3b07 

  0x00007f0ce1ca180c: ;   {post_call_nop}
  0x00007f0ce1ca180c: 0f1f 8400 | 040d 000a 

  0x00007f0ce1ca1814: ;   {metadata(method data for {method} {0x00007f0cbcd64cb0} 'run' '()V' in 'kotlinx/coroutines/DispatchedTask')}
  0x00007f0ce1ca1814: 85c0 48ba | b036 1abe | 0c7f 0000 | be50 0400 | 0074 05be | 4004 0000 | 488b 3c32 | 488d 7f01 
  0x00007f0ce1ca1834: 4889 3c32 | 0f84 9b09 | 0000 488b | 8424 0001 | 0000 4885 

  0x00007f0ce1ca1848: ;   {metadata(method data for {method} {0x00007f0cbcd64cb0} 'run' '()V' in 'kotlinx/coroutines/DispatchedTask')}
  0x00007f0ce1ca1848: c048 bab0 | 361a be0c | 7f00 00be | 9006 0000 | 7405 bea0 | 0600 0048 | 8b3c 3248 | 8d7f 0148 
  0x00007f0ce1ca1868: 893c 320f | 84c8 0700 

  0x00007f0ce1ca1870: ;   {metadata(method data for {method} {0x00007f0cbcd64cb0} 'run' '()V' in 'kotlinx/coroutines/DispatchedTask')}
  0x00007f0ce1ca1870: 0048 bab0 | 361a be0c | 7f00 0048 | 8382 b006 

  0x00007f0ce1ca1880: ;   {metadata(method data for {method} {0x00007f0cbcd813d8} 'createFailure' '(Ljava/lang/Throwable;)Ljava/lang/Object;' in 'kotlin/ResultKt')}
  0x00007f0ce1ca1880: 0000 0148 | ba38 471a | be0c 7f00 | 008b b290 | 0000 0083 | c602 89b2 | 9000 0000 | 81e6 feff 
  0x00007f0ce1ca18a0: 1f00 85f6 | 0f84 b01c 

  0x00007f0ce1ca18a8: ;   {metadata(method data for {method} {0x00007f0cbcd813d8} 'createFailure' '(Ljava/lang/Throwable;)Ljava/lang/Object;' in 'kotlin/ResultKt')}
  0x00007f0ce1ca18a8: 0000 48ba | 3847 1abe | 0c7f 0000 | 4883 82d8 | 0000 0001 

  0x00007f0ce1ca18bc: ;   {metadata(method data for {method} {0x00007f0cbc8587e8} 'checkNotNullParameter' '(Ljava/lang/Object;Ljava/lang/String;)V' in 'kotlin/jvm/internal/Intrinsics')}
  0x00007f0ce1ca18bc: 48ba 803d | e1bc 0c7f | 0000 8bb2 | 9000 0000 | 83c6 0289 | b290 0000 | 0081 e6fe | ff1f 0085 
  0x00007f0ce1ca18dc: f60f 8498 | 1c00 0048 

  0x00007f0ce1ca18e4: ;   {metadata(method data for {method} {0x00007f0cbc8587e8} 'checkNotNullParameter' '(Ljava/lang/Object;Ljava/lang/String;)V' in 'kotlin/jvm/internal/Intrinsics')}
  0x00007f0ce1ca18e4: 85c0 48ba | 803d e1bc | 0c7f 0000 | bed8 0000 | 0075 05be | e800 0000 | 488b 3c32 | 488d 7f01 
  0x00007f0ce1ca1904: 4889 3c32 | 0f85 6e02 

  0x00007f0ce1ca190c: ;   {metadata(method data for {method} {0x00007f0cbc8587e8} 'checkNotNullParameter' '(Ljava/lang/Object;Ljava/lang/String;)V' in 'kotlin/jvm/internal/Intrinsics')}
  0x00007f0ce1ca190c: 0000 48ba | 803d e1bc | 0c7f 0000 | 4883 82f8 | 0000 0001 

  0x00007f0ce1ca1920: ;   {metadata(method data for {method} {0x00007f0cbc858968} 'throwParameterIsNullNPE' '(Ljava/lang/String;)V' in 'kotlin/jvm/internal/Intrinsics')}
  0x00007f0ce1ca1920: 48ba d03e | e1bc 0c7f | 0000 8bb2 | 9000 0000 | 83c6 0289 | b290 0000 | 0081 e6fe | ff1f 0085 
  0x00007f0ce1ca1940: f60f 8455 | 1c00 0090 

  0x00007f0ce1ca1948: ;   {other}
  0x00007f0ce1ca1948: e97f 1c00 | 0000 0000 | 0000 498b | 87c8 0100 | 0048 8d78 | 3049 3bbf | d801 0000 | 0f87 6c1c 
  0x00007f0ce1ca1968: 0000 4989 | bfc8 0100 | 0048 c700 | 0100 0000 | 488b ca89 | 4808 4833 | c989 480c | 4833 c948 
  0x00007f0ce1ca1988: 8948 1048 | 8948 1848 | 8948 2048 

  0x00007f0ce1ca1994: ;   {metadata(method data for {method} {0x00007f0cbc858968} 'throwParameterIsNullNPE' '(Ljava/lang/String;)V' in 'kotlin/jvm/internal/Intrinsics')}
  0x00007f0ce1ca1994: 8948 2848 | bed0 3ee1 | bc0c 7f00 | 0048 8386 | d800 0000 

  0x00007f0ce1ca19a8: ;   {oop("exception"{0x000000074961ae30})}
  0x00007f0ce1ca19a8: 0148 be30 | ae61 4907 | 0000 0048 | 8984 2410 | 0100 000f 

  0x00007f0ce1ca19bc: ;   {static_call}
  0x00007f0ce1ca19bc: 1f40 00e8 

  0x00007f0ce1ca19c0: ; ImmutableOopMap {[176]=Oop [208]=Oop [216]=Oop [224]=Oop [232]=Oop [256]=Oop [272]=Oop }
                      ;*invokestatic createParameterIsNullExceptionMessage {reexecute=0 rethrow=0 return_oop=0}
                      ; - kotlin.jvm.internal.Intrinsics::throwParameterIsNullNPE@5 (line 140)
                      ; - kotlin.jvm.internal.Intrinsics::checkNotNullParameter@5 (line 131)
                      ; - kotlin.ResultKt::createFailure@3
                      ; - kotlinx.coroutines.DispatchedTask::run@277 (line 99)
  0x00007f0ce1ca19c0: 1c33 2e07 

  0x00007f0ce1ca19c4: ;   {post_call_nop}
  0x00007f0ce1ca19c4: 0f1f 8400 | bc0e 000b | 488b 9424 | 1001 0000 

  0x00007f0ce1ca19d4: ;   {metadata(method data for {method} {0x00007f0cbc858968} 'throwParameterIsNullNPE' '(Ljava/lang/String;)V' in 'kotlin/jvm/internal/Intrinsics')}
  0x00007f0ce1ca19d4: 48be d03e | e1bc 0c7f | 0000 4883 | 86e8 0000 | 0001 488b | d048 8bb4 | 2410 0100 | 0066 0f1f 
  0x00007f0ce1ca19f4: ;   {optimized virtual_call}
  0x00007f0ce1ca19f4: 4400 00e8 

  0x00007f0ce1ca19f8: ; ImmutableOopMap {[176]=Oop [208]=Oop [216]=Oop [224]=Oop [232]=Oop [256]=Oop [272]=Oop }
                      ;*invokespecial <init> {reexecute=0 rethrow=0 return_oop=0}
                      ; - kotlin.jvm.internal.Intrinsics::throwParameterIsNullNPE@8 (line 140)
                      ; - kotlin.jvm.internal.Intrinsics::checkNotNullParameter@5 (line 131)
                      ; - kotlin.ResultKt::createFailure@3
                      ; - kotlinx.coroutines.DispatchedTask::run@277 (line 99)
  0x00007f0ce1ca19f8: e42c 2e07 

  0x00007f0ce1ca19fc: ;   {post_call_nop}
  0x00007f0ce1ca19fc: 0f1f 8400 | f40e 000c 

  0x00007f0ce1ca1a04: ;   {metadata(method data for {method} {0x00007f0cbc858968} 'throwParameterIsNullNPE' '(Ljava/lang/String;)V' in 'kotlin/jvm/internal/Intrinsics')}
  0x00007f0ce1ca1a04: 48be d03e | e1bc 0c7f | 0000 4883 | 86f8 0000 

  0x00007f0ce1ca1a14: ;   {metadata(method data for {method} {0x00007f0cbc8599e0} 'sanitizeStackTrace' '(Ljava/lang/Throwable;)Ljava/lang/Throwable;' in 'kotlin/jvm/internal/Intrinsics')}
  0x00007f0ce1ca1a14: 0001 48be | 084d e1bc | 0c7f 0000 | 8bbe 9000 | 0000 83c7 | 0289 be90 | 0000 0081 | e7fe ff1f 
  0x00007f0ce1ca1a34: 0085 ff0f | 84a6 1b00 

  0x00007f0ce1ca1a3c: ;   {oop(a 'java/lang/Class'{0x0000000747f0aa10} = 'kotlin/jvm/internal/Intrinsics')}
  0x00007f0ce1ca1a3c: 0048 be10 | aaf0 4707 | 0000 0048 

  0x00007f0ce1ca1a48: ;   {metadata(method data for {method} {0x00007f0cbc8599e0} 'sanitizeStackTrace' '(Ljava/lang/Throwable;)Ljava/lang/Throwable;' in 'kotlin/jvm/internal/Intrinsics')}
  0x00007f0ce1ca1a48: 8bfe 48bb | 084d e1bc | 0c7f 0000 | 8b7f 0848 | 3bbb e000 | 0000 750d | 4883 83e8 | 0000 0001 
  0x00007f0ce1ca1a68: e960 0000 | 0048 3bbb | f000 0000 | 750d 4883 | 83f8 0000 | 0001 e94a | 0000 0048 | 83bb e000 
  0x00007f0ce1ca1a88: 0000 0075 | 1748 89bb | e000 0000 | 48c7 83e8 | 0000 0001 | 0000 00e9 | 2900 0000 | 4883 bbf0 
  0x00007f0ce1ca1aa8: 0000 0000 | 7517 4889 | bbf0 0000 | 0048 c783 | f800 0000 | 0100 0000 | e908 0000 | 0048 8383 
  0x00007f0ce1ca1ac8: d800 0000 

  0x00007f0ce1ca1acc: ;   {metadata(method data for {method} {0x00007f0cbc016a88} 'getName' '()Ljava/lang/String;' in 'java/lang/Class')}
  0x00007f0ce1ca1acc: 0148 bfa0 | ca68 bc0c | 7f00 008b | 9f90 0000 | 0083 c302 | 899f 9000 | 0000 81e3 | feff 1f00 
  0x00007f0ce1ca1aec: 85db 0f84 | 101b 0000 | 8b76 3048 | c1e6 0348 

  0x00007f0ce1ca1afc: ;   {metadata(method data for {method} {0x00007f0cbc016a88} 'getName' '()Ljava/lang/String;' in 'java/lang/Class')}
  0x00007f0ce1ca1afc: 85f6 48bf | a0ca 68bc | 0c7f 0000 | bbd8 0000 | 0074 05bb | e800 0000 | 488b 041f | 488d 4001 
  0x00007f0ce1ca1b1c: 4889 041f | 0f84 1800 

  0x00007f0ce1ca1b24: ;   {metadata(method data for {method} {0x00007f0cbc016a88} 'getName' '()Ljava/lang/String;' in 'java/lang/Class')}
  0x00007f0ce1ca1b24: 0000 48bf | a0ca 68bc | 0c7f 0000 | ff87 f800 | 0000 488b | fee9 3100 

  0x00007f0ce1ca1b3c: ;   {oop(a 'java/lang/Class'{0x0000000747f0aa10} = 'kotlin/jvm/internal/Intrinsics')}
  0x00007f0ce1ca1b3c: 0000 48be | 10aa f047 | 0700 0000 

  0x00007f0ce1ca1b48: ;   {metadata(method data for {method} {0x00007f0cbc016a88} 'getName' '()Ljava/lang/String;' in 'java/lang/Class')}
  0x00007f0ce1ca1b48: 488b fe48 | bba0 ca68 | bc0c 7f00 | 0048 8383 | 1001 0000 

  0x00007f0ce1ca1b5c: ;   {optimized virtual_call}
  0x00007f0ce1ca1b5c: 0166 90e8 

  0x00007f0ce1ca1b60: ; ImmutableOopMap {[176]=Oop [208]=Oop [216]=Oop [224]=Oop [232]=Oop [256]=Oop [272]=Oop }
                      ;*invokevirtual initClassName {reexecute=0 rethrow=0 return_oop=0}
                      ; - java.lang.Class::getName@14
                      ; - kotlin.jvm.internal.Intrinsics::sanitizeStackTrace@3 (line 253)
                      ; - kotlin.jvm.internal.Intrinsics::throwParameterIsNullNPE@11 (line 140)
                      ; - kotlin.jvm.internal.Intrinsics::checkNotNullParameter@5 (line 131)
                      ; - kotlin.ResultKt::createFailure@3
                      ; - kotlinx.coroutines.DispatchedTask::run@277 (line 99)
  0x00007f0ce1ca1b60: 7c2b 2e07 

  0x00007f0ce1ca1b64: ;   {post_call_nop}
  0x00007f0ce1ca1b64: 0f1f 8400 | 5c10 000d | 488b f848 | 8b84 2410 | 0100 00e9 | 2314 0000 

  0x00007f0ce1ca1b7c: ;   {metadata('kotlin/Result$Failure')}
  0x00007f0ce1ca1b7c: 48ba 98b7 | 18b8 0000 | 0000 488b | d849 8b87 | c801 0000 | 488d 7810 | 493b bfd8 | 0100 000f 
  0x00007f0ce1ca1b9c: 8784 1a00 | 0049 89bf | c801 0000 | 48c7 0001 | 0000 0048 | 8bca 8948 | 0848 33c9 | 8948 0c48 
  0x00007f0ce1ca1bbc: 33c9 4889 | 8424 2001 | 0000 488b 

  0x00007f0ce1ca1bc8: ;   {metadata(method data for {method} {0x00007f0cbcd813d8} 'createFailure' '(Ljava/lang/Throwable;)Ljava/lang/Object;' in 'kotlin/ResultKt')}
  0x00007f0ce1ca1bc8: d048 be38 | 471a be0c | 7f00 0048 | 8386 e800 

  0x00007f0ce1ca1bd8: ;   {metadata(method data for {method} {0x00007f0cbcd6fa50} '<init>' '(Ljava/lang/Throwable;)V' in 'kotlin/Result$Failure')}
  0x00007f0ce1ca1bd8: 0000 0148 | ba70 481a | be0c 7f00 | 008b b290 | 0000 0083 | c602 89b2 | 9000 0000 | 81e6 feff 
  0x00007f0ce1ca1bf8: 1f00 85f6 | 0f84 301a 

  0x00007f0ce1ca1c00: ;   {metadata(method data for {method} {0x00007f0cbcd6fa50} '<init>' '(Ljava/lang/Throwable;)V' in 'kotlin/Result$Failure')}
  0x00007f0ce1ca1c00: 0000 48ba | 7048 1abe | 0c7f 0000 | 4883 82d8 | 0000 0001 

  0x00007f0ce1ca1c14: ;   {metadata(method data for {method} {0x00007f0cbc8587e8} 'checkNotNullParameter' '(Ljava/lang/Object;Ljava/lang/String;)V' in 'kotlin/jvm/internal/Intrinsics')}
  0x00007f0ce1ca1c14: 48ba 803d | e1bc 0c7f | 0000 8bb2 | 9000 0000 | 83c6 0289 | b290 0000 | 0081 e6fe | ff1f 0085 
  0x00007f0ce1ca1c34: f60f 8418 | 1a00 0048 

  0x00007f0ce1ca1c3c: ;   {metadata(method data for {method} {0x00007f0cbc8587e8} 'checkNotNullParameter' '(Ljava/lang/Object;Ljava/lang/String;)V' in 'kotlin/jvm/internal/Intrinsics')}
  0x00007f0ce1ca1c3c: 85db 48ba | 803d e1bc | 0c7f 0000 | bed8 0000 | 0075 05be | e800 0000 | 488b 3c32 | 488d 7f01 
  0x00007f0ce1ca1c5c: 4889 3c32 | 0f85 6e02 

  0x00007f0ce1ca1c64: ;   {metadata(method data for {method} {0x00007f0cbc8587e8} 'checkNotNullParameter' '(Ljava/lang/Object;Ljava/lang/String;)V' in 'kotlin/jvm/internal/Intrinsics')}
  0x00007f0ce1ca1c64: 0000 48ba | 803d e1bc | 0c7f 0000 | 4883 82f8 | 0000 0001 

  0x00007f0ce1ca1c78: ;   {metadata(method data for {method} {0x00007f0cbc858968} 'throwParameterIsNullNPE' '(Ljava/lang/String;)V' in 'kotlin/jvm/internal/Intrinsics')}
  0x00007f0ce1ca1c78: 48ba d03e | e1bc 0c7f | 0000 8bb2 | 9000 0000 | 83c6 0289 | b290 0000 | 0081 e6fe | ff1f 0085 
  0x00007f0ce1ca1c98: f60f 84d5 | 1900 0090 

  0x00007f0ce1ca1ca0: ;   {other}
  0x00007f0ce1ca1ca0: e9ff 1900 | 0000 0000 | 0000 498b | 87c8 0100 | 0048 8d78 | 3049 3bbf | d801 0000 | 0f87 ec19 
  0x00007f0ce1ca1cc0: 0000 4989 | bfc8 0100 | 0048 c700 | 0100 0000 | 488b ca89 | 4808 4833 | c989 480c | 4833 c948 
  0x00007f0ce1ca1ce0: 8948 1048 | 8948 1848 | 8948 2048 

  0x00007f0ce1ca1cec: ;   {metadata(method data for {method} {0x00007f0cbc858968} 'throwParameterIsNullNPE' '(Ljava/lang/String;)V' in 'kotlin/jvm/internal/Intrinsics')}
  0x00007f0ce1ca1cec: 8948 2848 | bed0 3ee1 | bc0c 7f00 | 0048 8386 | d800 0000 

  0x00007f0ce1ca1d00: ;   {oop("exception"{0x000000074961ae30})}
  0x00007f0ce1ca1d00: 0148 be30 | ae61 4907 | 0000 0048 | 8984 2418 | 0100 000f 

  0x00007f0ce1ca1d14: ;   {static_call}
  0x00007f0ce1ca1d14: 1f40 00e8 

  0x00007f0ce1ca1d18: ; ImmutableOopMap {[176]=Oop [208]=Oop [216]=Oop [224]=Oop [232]=Oop [256]=Oop [280]=Oop [288]=Oop }
                      ;*invokestatic createParameterIsNullExceptionMessage {reexecute=0 rethrow=0 return_oop=0}
                      ; - kotlin.jvm.internal.Intrinsics::throwParameterIsNullNPE@5 (line 140)
                      ; - kotlin.jvm.internal.Intrinsics::checkNotNullParameter@5 (line 131)
                      ; - kotlin.Result$Failure::<init>@3
                      ; - kotlin.ResultKt::createFailure@11 (line 122)
                      ; - kotlinx.coroutines.DispatchedTask::run@277 (line 99)
  0x00007f0ce1ca1d18: c42f 2e07 

  0x00007f0ce1ca1d1c: ;   {post_call_nop}
  0x00007f0ce1ca1d1c: 0f1f 8400 | 1412 000e | 488b 9424 | 1801 0000 

  0x00007f0ce1ca1d2c: ;   {metadata(method data for {method} {0x00007f0cbc858968} 'throwParameterIsNullNPE' '(Ljava/lang/String;)V' in 'kotlin/jvm/internal/Intrinsics')}
  0x00007f0ce1ca1d2c: 48be d03e | e1bc 0c7f | 0000 4883 | 86e8 0000 | 0001 488b | d048 8bb4 | 2418 0100 | 0066 0f1f 
  0x00007f0ce1ca1d4c: ;   {optimized virtual_call}
  0x00007f0ce1ca1d4c: 4400 00e8 

  0x00007f0ce1ca1d50: ; ImmutableOopMap {[176]=Oop [208]=Oop [216]=Oop [224]=Oop [232]=Oop [256]=Oop [280]=Oop [288]=Oop }
                      ;*invokespecial <init> {reexecute=0 rethrow=0 return_oop=0}
                      ; - kotlin.jvm.internal.Intrinsics::throwParameterIsNullNPE@8 (line 140)
                      ; - kotlin.jvm.internal.Intrinsics::checkNotNullParameter@5 (line 131)
                      ; - kotlin.Result$Failure::<init>@3
                      ; - kotlin.ResultKt::createFailure@11 (line 122)
                      ; - kotlinx.coroutines.DispatchedTask::run@277 (line 99)
  0x00007f0ce1ca1d50: 8c29 2e07 

  0x00007f0ce1ca1d54: ;   {post_call_nop}
  0x00007f0ce1ca1d54: 0f1f 8400 | 4c12 000f 

  0x00007f0ce1ca1d5c: ;   {metadata(method data for {method} {0x00007f0cbc858968} 'throwParameterIsNullNPE' '(Ljava/lang/String;)V' in 'kotlin/jvm/internal/Intrinsics')}
  0x00007f0ce1ca1d5c: 48be d03e | e1bc 0c7f | 0000 4883 | 86f8 0000 

  0x00007f0ce1ca1d6c: ;   {metadata(method data for {method} {0x00007f0cbc8599e0} 'sanitizeStackTrace' '(Ljava/lang/Throwable;)Ljava/lang/Throwable;' in 'kotlin/jvm/internal/Intrinsics')}
  0x00007f0ce1ca1d6c: 0001 48be | 084d e1bc | 0c7f 0000 | 8bbe 9000 | 0000 83c7 | 0289 be90 | 0000 0081 | e7fe ff1f 
  0x00007f0ce1ca1d8c: 0085 ff0f | 8426 1900 

  0x00007f0ce1ca1d94: ;   {oop(a 'java/lang/Class'{0x0000000747f0aa10} = 'kotlin/jvm/internal/Intrinsics')}
  0x00007f0ce1ca1d94: 0048 be10 | aaf0 4707 | 0000 0048 

  0x00007f0ce1ca1da0: ;   {metadata(method data for {method} {0x00007f0cbc8599e0} 'sanitizeStackTrace' '(Ljava/lang/Throwable;)Ljava/lang/Throwable;' in 'kotlin/jvm/internal/Intrinsics')}
  0x00007f0ce1ca1da0: 8bfe 48bb | 084d e1bc | 0c7f 0000 | 8b7f 0848 | 3bbb e000 | 0000 750d | 4883 83e8 | 0000 0001 
  0x00007f0ce1ca1dc0: e960 0000 | 0048 3bbb | f000 0000 | 750d 4883 | 83f8 0000 | 0001 e94a | 0000 0048 | 83bb e000 
  0x00007f0ce1ca1de0: 0000 0075 | 1748 89bb | e000 0000 | 48c7 83e8 | 0000 0001 | 0000 00e9 | 2900 0000 | 4883 bbf0 
  0x00007f0ce1ca1e00: 0000 0000 | 7517 4889 | bbf0 0000 | 0048 c783 | f800 0000 | 0100 0000 | e908 0000 | 0048 8383 
  0x00007f0ce1ca1e20: d800 0000 

  0x00007f0ce1ca1e24: ;   {metadata(method data for {method} {0x00007f0cbc016a88} 'getName' '()Ljava/lang/String;' in 'java/lang/Class')}
  0x00007f0ce1ca1e24: 0148 bfa0 | ca68 bc0c | 7f00 008b | 9f90 0000 | 0083 c302 | 899f 9000 | 0000 81e3 | feff 1f00 
  0x00007f0ce1ca1e44: 85db 0f84 | 9018 0000 | 8b76 3048 | c1e6 0348 

  0x00007f0ce1ca1e54: ;   {metadata(method data for {method} {0x00007f0cbc016a88} 'getName' '()Ljava/lang/String;' in 'java/lang/Class')}
  0x00007f0ce1ca1e54: 85f6 48bf | a0ca 68bc | 0c7f 0000 | bbd8 0000 | 0074 05bb | e800 0000 | 488b 041f | 488d 4001 
  0x00007f0ce1ca1e74: 4889 041f | 0f84 1800 

  0x00007f0ce1ca1e7c: ;   {metadata(method data for {method} {0x00007f0cbc016a88} 'getName' '()Ljava/lang/String;' in 'java/lang/Class')}
  0x00007f0ce1ca1e7c: 0000 48bf | a0ca 68bc | 0c7f 0000 | ff87 f800 | 0000 488b | fee9 3100 

  0x00007f0ce1ca1e94: ;   {oop(a 'java/lang/Class'{0x0000000747f0aa10} = 'kotlin/jvm/internal/Intrinsics')}
  0x00007f0ce1ca1e94: 0000 48be | 10aa f047 | 0700 0000 

  0x00007f0ce1ca1ea0: ;   {metadata(method data for {method} {0x00007f0cbc016a88} 'getName' '()Ljava/lang/String;' in 'java/lang/Class')}
  0x00007f0ce1ca1ea0: 488b fe48 | bba0 ca68 | bc0c 7f00 | 0048 8383 | 1001 0000 

  0x00007f0ce1ca1eb4: ;   {optimized virtual_call}
  0x00007f0ce1ca1eb4: 0166 90e8 

  0x00007f0ce1ca1eb8: ; ImmutableOopMap {[176]=Oop [208]=Oop [216]=Oop [224]=Oop [232]=Oop [256]=Oop [280]=Oop [288]=Oop }
                      ;*invokevirtual initClassName {reexecute=0 rethrow=0 return_oop=0}
                      ; - java.lang.Class::getName@14
                      ; - kotlin.jvm.internal.Intrinsics::sanitizeStackTrace@3 (line 253)
                      ; - kotlin.jvm.internal.Intrinsics::throwParameterIsNullNPE@11 (line 140)
                      ; - kotlin.jvm.internal.Intrinsics::checkNotNullParameter@5 (line 131)
                      ; - kotlin.Result$Failure::<init>@3
                      ; - kotlin.ResultKt::createFailure@11 (line 122)
                      ; - kotlinx.coroutines.DispatchedTask::run@277 (line 99)
  0x00007f0ce1ca1eb8: 2428 2e07 

  0x00007f0ce1ca1ebc: ;   {post_call_nop}
  0x00007f0ce1ca1ebc: 0f1f 8400 | b413 0010 | 488b f848 | 8b84 2418 | 0100 00e9 | db0f 0000 

  0x00007f0ce1ca1ed4: ;   {metadata(method data for {method} {0x00007f0cbcd6fa50} '<init>' '(Ljava/lang/Throwable;)V' in 'kotlin/Result$Failure')}
  0x00007f0ce1ca1ed4: 488b d048 | be70 481a | be0c 7f00 | 0048 8386 | e800 0000 

  0x00007f0ce1ca1ee8: ;   {metadata(method data for {method} {0x00007f0cbc0005d0} '<init>' '()V' in 'java/lang/Object')}
  0x00007f0ce1ca1ee8: 0148 bab0 | 2123 bc0c | 7f00 008b | b290 0000 | 0083 c602 | 89b2 9000 | 0000 81e6 | feff 1f00 
  0x00007f0ce1ca1f08: 85f6 0f84 | ed17 0000 | 410f be57 | 4885 d20f | 8501 1800 | 004c 8bd3 | 49c1 ea03 | 4489 500c 
  0x00007f0ce1ca1f28: 488b d048 | 33d3 48c1 | ea15 4883 | fa00 0f85 | 0118 0000 

  0x00007f0ce1ca1f3c: ;   {metadata(method data for {method} {0x00007f0cbcd64cb0} 'run' '()V' in 'kotlinx/coroutines/DispatchedTask')}
  0x00007f0ce1ca1f3c: 48ba b036 | 1abe 0c7f | 0000 4883 | 82c0 0600 

  0x00007f0ce1ca1f4c: ;   {metadata(method data for {method} {0x00007f0cbcd6b6d0} 'constructor-impl' '(Ljava/lang/Object;)Ljava/lang/Object;' in 'kotlin/Result')}
  0x00007f0ce1ca1f4c: 0001 48ba | c0bd 19be | 0c7f 0000 | 8bb2 9000 | 0000 83c6 | 0289 b290 | 0000 0081 | e6fe ff1f 
  0x00007f0ce1ca1f6c: 0085 f60f | 84e0 1700 | 0048 8bbc | 24d0 0000 

  0x00007f0ce1ca1f7c: ;   {metadata(method data for {method} {0x00007f0cbcd64cb0} 'run' '()V' in 'kotlinx/coroutines/DispatchedTask')}
  0x00007f0ce1ca1f7c: 0048 bab0 | 361a be0c | 7f00 008b | 7f08 483b | bad8 0600 | 0075 0d48 | 8382 e006 | 0000 01e9 
  0x00007f0ce1ca1f9c: 6000 0000 | 483b bae8 | 0600 0075 | 0d48 8382 | f006 0000 | 01e9 4a00 | 0000 4883 | bad8 0600 
  0x00007f0ce1ca1fbc: 0000 7517 | 4889 bad8 | 0600 0048 | c782 e006 | 0000 0100 | 0000 e929 | 0000 0048 | 83ba e806 
  0x00007f0ce1ca1fdc: 0000 0075 | 1748 89ba | e806 0000 | 48c7 82f0 | 0600 0001 | 0000 00e9 | 0800 0000 | 4883 82d0 
  0x00007f0ce1ca1ffc: 0600 0001 | 488b d048 | 8bb4 24d0 | 0000 0066 | 9048 b878 | 519f 940c 

  0x00007f0ce1ca2014: ;   {virtual_call}
  0x00007f0ce1ca2014: 7f00 00e8 

  0x00007f0ce1ca2018: ; ImmutableOopMap {[176]=Oop [216]=Oop [224]=Oop [232]=Oop }
                      ;*invokeinterface resumeWith {reexecute=0 rethrow=0 return_oop=0}
                      ; - kotlinx.coroutines.DispatchedTask::run@283 (line 99)
  0x00007f0ce1ca2018: 84b2 3b07 

  0x00007f0ce1ca201c: ;   {post_call_nop}
  0x00007f0ce1ca201c: 0f1f 8400 | 1415 0011 

  0x00007f0ce1ca2024: ;   {metadata(method data for {method} {0x00007f0cbcd64cb0} 'run' '()V' in 'kotlinx/coroutines/DispatchedTask')}
  0x00007f0ce1ca2024: 48ba b036 | 1abe 0c7f | 0000 ff82 | 0007 0000 | e933 0b00 | 0048 8bb4 | 24b0 0000 

  0x00007f0ce1ca2040: ;   {metadata(method data for {method} {0x00007f0cbcd64cb0} 'run' '()V' in 'kotlinx/coroutines/DispatchedTask')}
  0x00007f0ce1ca2040: 0048 bab0 | 361a be0c | 7f00 008b | 7608 483b | b220 0700 | 0075 0d48 | 8382 2807 | 0000 01e9 
  0x00007f0ce1ca2060: 6000 0000 | 483b b230 | 0700 0075 | 0d48 8382 | 3807 0000 | 01e9 4a00 | 0000 4883 | ba20 0700 
  0x00007f0ce1ca2080: 0000 7517 | 4889 b220 | 0700 0048 | c782 2807 | 0000 0100 | 0000 e929 | 0000 0048 | 83ba 3007 
  0x00007f0ce1ca20a0: 0000 0075 | 1748 89b2 | 3007 0000 | 48c7 8238 | 0700 0001 | 0000 00e9 | 0800 0000 | 4883 8218 
  0x00007f0ce1ca20c0: 0700 0001 | 488b 9424 | f800 0000 | 488b b424 | b000 0000 | 9048 b8a0 | 519f 940c 

  0x00007f0ce1ca20dc: ;   {virtual_call}
  0x00007f0ce1ca20dc: 7f00 00e8 

  0x00007f0ce1ca20e0: ; ImmutableOopMap {[176]=Oop [208]=Oop [216]=Oop [224]=Oop [232]=Oop }
                      ;*invokevirtual getSuccessfulResult$kotlinx_coroutines_core {reexecute=0 rethrow=0 return_oop=0}
                      ; - kotlinx.coroutines.DispatchedTask::run@299 (line 101)
  0x00007f0ce1ca20e0: 2cb4 3b07 

  0x00007f0ce1ca20e4: ;   {post_call_nop}
  0x00007f0ce1ca20e4: 0f1f 8400 | dc15 0012 

  0x00007f0ce1ca20ec: ;   {metadata(method data for {method} {0x00007f0cbcd64cb0} 'run' '()V' in 'kotlinx/coroutines/DispatchedTask')}
  0x00007f0ce1ca20ec: 48ba b036 | 1abe 0c7f | 0000 4883 | 8248 0700 

  0x00007f0ce1ca20fc: ;   {metadata(method data for {method} {0x00007f0cbcd6b6d0} 'constructor-impl' '(Ljava/lang/Object;)Ljava/lang/Object;' in 'kotlin/Result')}
  0x00007f0ce1ca20fc: 0001 48ba | c0bd 19be | 0c7f 0000 | 8bb2 9000 | 0000 83c6 | 0289 b290 | 0000 0081 | e6fe ff1f 
  0x00007f0ce1ca211c: 0085 f60f | 8451 1600 | 0048 8bbc | 24d0 0000 

  0x00007f0ce1ca212c: ;   {metadata(method data for {method} {0x00007f0cbcd64cb0} 'run' '()V' in 'kotlinx/coroutines/DispatchedTask')}
  0x00007f0ce1ca212c: 0048 bab0 | 361a be0c | 7f00 008b | 7f08 483b | ba60 0700 | 0075 0d48 | 8382 6807 | 0000 01e9 
  0x00007f0ce1ca214c: 6000 0000 | 483b ba70 | 0700 0075 | 0d48 8382 | 7807 0000 | 01e9 4a00 | 0000 4883 | ba60 0700 
  0x00007f0ce1ca216c: 0000 7517 | 4889 ba60 | 0700 0048 | c782 6807 | 0000 0100 | 0000 e929 | 0000 0048 | 83ba 7007 
  0x00007f0ce1ca218c: 0000 0075 | 1748 89ba | 7007 0000 | 48c7 8278 | 0700 0001 | 0000 00e9 | 0800 0000 | 4883 8258 
  0x00007f0ce1ca21ac: 0700 0001 | 488b d048 | 8bb4 24d0 | 0000 0066 | 9048 b8c8 | 519f 940c 

  0x00007f0ce1ca21c4: ;   {virtual_call}
  0x00007f0ce1ca21c4: 7f00 00e8 

  0x00007f0ce1ca21c8: ; ImmutableOopMap {[176]=Oop [216]=Oop [224]=Oop [232]=Oop }
                      ;*invokeinterface resumeWith {reexecute=0 rethrow=0 return_oop=0}
                      ; - kotlinx.coroutines.DispatchedTask::run@305 (line 101)
  0x00007f0ce1ca21c8: d4b0 3b07 

  0x00007f0ce1ca21cc: ;   {post_call_nop}
  0x00007f0ce1ca21cc: 0f1f 8400 | c416 0013 | e993 0900 | 0048 8bbc | 2408 0100 | 0048 8bf7 

  0x00007f0ce1ca21e4: ;   {metadata(method data for {method} {0x00007f0cbcd64cb0} 'run' '()V' in 'kotlinx/coroutines/DispatchedTask')}
  0x00007f0ce1ca21e4: 48bb b036 | 1abe 0c7f | 0000 8b76 | 0848 3bb3 | 6804 0000 | 750d 4883 | 8370 0400 | 0001 e960 
  0x00007f0ce1ca2204: 0000 0048 | 3bb3 7804 | 0000 750d | 4883 8380 | 0400 0001 | e94a 0000 | 0048 83bb | 6804 0000 
  0x00007f0ce1ca2224: 0075 1748 | 89b3 6804 | 0000 48c7 | 8370 0400 | 0001 0000 | 00e9 2900 | 0000 4883 | bb78 0400 
  0x00007f0ce1ca2244: 0000 7517 | 4889 b378 | 0400 0048 | c783 8004 | 0000 0100 | 0000 e908 | 0000 0048 | 8383 6004 
  0x00007f0ce1ca2264: 0000 0148 | 8bf7 6666 | 9048 b8f0 | 519f 940c 

  0x00007f0ce1ca2274: ;   {virtual_call}
  0x00007f0ce1ca2274: 7f00 00e8 

  0x00007f0ce1ca2278: ; ImmutableOopMap {[176]=Oop [208]=Oop [216]=Oop [224]=Oop [232]=Oop [248]=Oop }
                      ;*invokeinterface getCancellationException {reexecute=0 rethrow=0 return_oop=0}
                      ; - kotlinx.coroutines.DispatchedTask::run@182 (line 94)
  0x00007f0ce1ca2278: 6427 2e07 

  0x00007f0ce1ca227c: ;   {post_call_nop}
  0x00007f0ce1ca227c: 0f1f 8400 | 7417 0014 | 4889 8424 | 2801 0000 | 488b b424 | b000 0000 

  0x00007f0ce1ca2294: ;   {metadata(method data for {method} {0x00007f0cbcd64cb0} 'run' '()V' in 'kotlinx/coroutines/DispatchedTask')}
  0x00007f0ce1ca2294: 48ba b036 | 1abe 0c7f | 0000 8b76 | 0848 3bb2 | c804 0000 | 750d 4883 | 82d0 0400 | 0001 e960 
  0x00007f0ce1ca22b4: 0000 0048 | 3bb2 d804 | 0000 750d | 4883 82e0 | 0400 0001 | e94a 0000 | 0048 83ba | c804 0000 
  0x00007f0ce1ca22d4: 0075 1748 | 89b2 c804 | 0000 48c7 | 82d0 0400 | 0001 0000 | 00e9 2900 | 0000 4883 | bad8 0400 
  0x00007f0ce1ca22f4: 0000 7517 | 4889 b2d8 | 0400 0048 | c782 e004 | 0000 0100 | 0000 e908 | 0000 0048 | 8382 c004 
  0x00007f0ce1ca2314: 0000 0148 | 8b94 24f8 | 0000 0048 | 8bc8 488b | b424 b000 | 0000 6666 | 9048 b818 | 529f 940c 
  0x00007f0ce1ca2334: ;   {virtual_call}
  0x00007f0ce1ca2334: 7f00 00e8 

  0x00007f0ce1ca2338: ; ImmutableOopMap {[176]=Oop [208]=Oop [216]=Oop [224]=Oop [232]=Oop [296]=Oop }
                      ;*invokevirtual cancelCompletedResult$kotlinx_coroutines_core {reexecute=0 rethrow=0 return_oop=0}
                      ; - kotlinx.coroutines.DispatchedTask::run@197 (line 95)
  0x00007f0ce1ca2338: a426 2e07 

  0x00007f0ce1ca233c: ;   {post_call_nop}
  0x00007f0ce1ca233c: 0f1f 8400 | 3418 0015 

  0x00007f0ce1ca2344: ;   {metadata(method data for {method} {0x00007f0cbcd64cb0} 'run' '()V' in 'kotlinx/coroutines/DispatchedTask')}
  0x00007f0ce1ca2344: 48ba b036 | 1abe 0c7f | 0000 4883 | 82f0 0400 

  0x00007f0ce1ca2354: ;   {metadata(method data for {method} {0x00007f0cbcd428d0} 'getRECOVER_STACK_TRACES' '()Z' in 'kotlinx/coroutines/DebugKt')}
  0x00007f0ce1ca2354: 0001 48ba | 4846 1abe | 0c7f 0000 | 8bb2 9000 | 0000 83c6 | 0289 b290 | 0000 0081 | e6fe ff1f 
  0x00007f0ce1ca2374: 0085 f60f | 841a 1400 

  0x00007f0ce1ca237c: ;   {metadata(method data for {method} {0x00007f0cbcd64cb0} 'run' '()V' in 'kotlinx/coroutines/DispatchedTask')}
  0x00007f0ce1ca237c: 0048 bab0 | 361a be0c | 7f00 00ff | 8200 0500 

  0x00007f0ce1ca238c: ;   {metadata(method data for {method} {0x00007f0cbcd64cb0} 'run' '()V' in 'kotlinx/coroutines/DispatchedTask')}
  0x00007f0ce1ca238c: 0048 bab0 | 361a be0c | 7f00 00ff | 82a0 0500 | 0048 8b84 | 2428 0100 

  0x00007f0ce1ca23a4: ;   {metadata(method data for {method} {0x00007f0cbcd64cb0} 'run' '()V' in 'kotlinx/coroutines/DispatchedTask')}
  0x00007f0ce1ca23a4: 0048 bab0 | 361a be0c | 7f00 0048 | 8382 2806 

  0x00007f0ce1ca23b4: ;   {metadata(method data for {method} {0x00007f0cbcd813d8} 'createFailure' '(Ljava/lang/Throwable;)Ljava/lang/Object;' in 'kotlin/ResultKt')}
  0x00007f0ce1ca23b4: 0000 0148 | ba38 471a | be0c 7f00 | 008b b290 | 0000 0083 | c602 89b2 | 9000 0000 | 81e6 feff 
  0x00007f0ce1ca23d4: 1f00 85f6 | 0f84 da13 

  0x00007f0ce1ca23dc: ;   {metadata(method data for {method} {0x00007f0cbcd813d8} 'createFailure' '(Ljava/lang/Throwable;)Ljava/lang/Object;' in 'kotlin/ResultKt')}
  0x00007f0ce1ca23dc: 0000 48ba | 3847 1abe | 0c7f 0000 | 4883 82d8 | 0000 0001 

  0x00007f0ce1ca23f0: ;   {metadata(method data for {method} {0x00007f0cbc8587e8} 'checkNotNullParameter' '(Ljava/lang/Object;Ljava/lang/String;)V' in 'kotlin/jvm/internal/Intrinsics')}
  0x00007f0ce1ca23f0: 48ba 803d | e1bc 0c7f | 0000 8bb2 | 9000 0000 | 83c6 0289 | b290 0000 | 0081 e6fe | ff1f 0085 
  0x00007f0ce1ca2410: f60f 84c2 | 1300 0048 

  0x00007f0ce1ca2418: ;   {metadata(method data for {method} {0x00007f0cbc8587e8} 'checkNotNullParameter' '(Ljava/lang/Object;Ljava/lang/String;)V' in 'kotlin/jvm/internal/Intrinsics')}
  0x00007f0ce1ca2418: 85c0 48ba | 803d e1bc | 0c7f 0000 | bed8 0000 | 0075 05be | e800 0000 | 488b 3c32 | 488d 7f01 
  0x00007f0ce1ca2438: 4889 3c32 | 0f85 7202 

  0x00007f0ce1ca2440: ;   {metadata(method data for {method} {0x00007f0cbc8587e8} 'checkNotNullParameter' '(Ljava/lang/Object;Ljava/lang/String;)V' in 'kotlin/jvm/internal/Intrinsics')}
  0x00007f0ce1ca2440: 0000 48ba | 803d e1bc | 0c7f 0000 | 4883 82f8 | 0000 0001 

  0x00007f0ce1ca2454: ;   {metadata(method data for {method} {0x00007f0cbc858968} 'throwParameterIsNullNPE' '(Ljava/lang/String;)V' in 'kotlin/jvm/internal/Intrinsics')}
  0x00007f0ce1ca2454: 48ba d03e | e1bc 0c7f | 0000 8bb2 | 9000 0000 | 83c6 0289 | b290 0000 | 0081 e6fe | ff1f 0085 
  0x00007f0ce1ca2474: f60f 847f | 1300 000f | 1f44 0000 

  0x00007f0ce1ca2480: ;   {other}
  0x00007f0ce1ca2480: e9a5 1300 | 0000 0000 | 0000 498b | 87c8 0100 | 0048 8d78 | 3049 3bbf | d801 0000 | 0f87 9213 
  0x00007f0ce1ca24a0: 0000 4989 | bfc8 0100 | 0048 c700 | 0100 0000 | 488b ca89 | 4808 4833 | c989 480c | 4833 c948 
  0x00007f0ce1ca24c0: 8948 1048 | 8948 1848 | 8948 2048 

  0x00007f0ce1ca24cc: ;   {metadata(method data for {method} {0x00007f0cbc858968} 'throwParameterIsNullNPE' '(Ljava/lang/String;)V' in 'kotlin/jvm/internal/Intrinsics')}
  0x00007f0ce1ca24cc: 8948 2848 | bed0 3ee1 | bc0c 7f00 | 0048 8386 | d800 0000 

  0x00007f0ce1ca24e0: ;   {oop("exception"{0x000000074961ae30})}
  0x00007f0ce1ca24e0: 0148 be30 | ae61 4907 | 0000 0048 | 8984 2430 | 0100 000f 

  0x00007f0ce1ca24f4: ;   {static_call}
  0x00007f0ce1ca24f4: 1f40 00e8 

  0x00007f0ce1ca24f8: ; ImmutableOopMap {[176]=Oop [208]=Oop [216]=Oop [224]=Oop [232]=Oop [296]=Oop [304]=Oop }
                      ;*invokestatic createParameterIsNullExceptionMessage {reexecute=0 rethrow=0 return_oop=0}
                      ; - kotlin.jvm.internal.Intrinsics::throwParameterIsNullNPE@5 (line 140)
                      ; - kotlin.jvm.internal.Intrinsics::checkNotNullParameter@5 (line 131)
                      ; - kotlin.ResultKt::createFailure@3
                      ; - kotlinx.coroutines.DispatchedTask::run@250 (line 220)
  0x00007f0ce1ca24f8: e427 2e07 

  0x00007f0ce1ca24fc: ;   {post_call_nop}
  0x00007f0ce1ca24fc: 0f1f 8400 | f419 0016 | 488b 9424 | 3001 0000 

  0x00007f0ce1ca250c: ;   {metadata(method data for {method} {0x00007f0cbc858968} 'throwParameterIsNullNPE' '(Ljava/lang/String;)V' in 'kotlin/jvm/internal/Intrinsics')}
  0x00007f0ce1ca250c: 48be d03e | e1bc 0c7f | 0000 4883 | 86e8 0000 | 0001 488b | d048 8bb4 | 2430 0100 | 0066 0f1f 
  0x00007f0ce1ca252c: ;   {optimized virtual_call}
  0x00007f0ce1ca252c: 4400 00e8 

  0x00007f0ce1ca2530: ; ImmutableOopMap {[176]=Oop [208]=Oop [216]=Oop [224]=Oop [232]=Oop [296]=Oop [304]=Oop }
                      ;*invokespecial <init> {reexecute=0 rethrow=0 return_oop=0}
                      ; - kotlin.jvm.internal.Intrinsics::throwParameterIsNullNPE@8 (line 140)
                      ; - kotlin.jvm.internal.Intrinsics::checkNotNullParameter@5 (line 131)
                      ; - kotlin.ResultKt::createFailure@3
                      ; - kotlinx.coroutines.DispatchedTask::run@250 (line 220)
  0x00007f0ce1ca2530: ac21 2e07 

  0x00007f0ce1ca2534: ;   {post_call_nop}
  0x00007f0ce1ca2534: 0f1f 8400 | 2c1a 0017 

  0x00007f0ce1ca253c: ;   {metadata(method data for {method} {0x00007f0cbc858968} 'throwParameterIsNullNPE' '(Ljava/lang/String;)V' in 'kotlin/jvm/internal/Intrinsics')}
  0x00007f0ce1ca253c: 48be d03e | e1bc 0c7f | 0000 4883 | 86f8 0000 

  0x00007f0ce1ca254c: ;   {metadata(method data for {method} {0x00007f0cbc8599e0} 'sanitizeStackTrace' '(Ljava/lang/Throwable;)Ljava/lang/Throwable;' in 'kotlin/jvm/internal/Intrinsics')}
  0x00007f0ce1ca254c: 0001 48be | 084d e1bc | 0c7f 0000 | 8bbe 9000 | 0000 83c7 | 0289 be90 | 0000 0081 | e7fe ff1f 
  0x00007f0ce1ca256c: 0085 ff0f | 84cc 1200 

  0x00007f0ce1ca2574: ;   {oop(a 'java/lang/Class'{0x0000000747f0aa10} = 'kotlin/jvm/internal/Intrinsics')}
  0x00007f0ce1ca2574: 0048 be10 | aaf0 4707 | 0000 0048 

  0x00007f0ce1ca2580: ;   {metadata(method data for {method} {0x00007f0cbc8599e0} 'sanitizeStackTrace' '(Ljava/lang/Throwable;)Ljava/lang/Throwable;' in 'kotlin/jvm/internal/Intrinsics')}
  0x00007f0ce1ca2580: 8bfe 48bb | 084d e1bc | 0c7f 0000 | 8b7f 0848 | 3bbb e000 | 0000 750d | 4883 83e8 | 0000 0001 
  0x00007f0ce1ca25a0: e960 0000 | 0048 3bbb | f000 0000 | 750d 4883 | 83f8 0000 | 0001 e94a | 0000 0048 | 83bb e000 
  0x00007f0ce1ca25c0: 0000 0075 | 1748 89bb | e000 0000 | 48c7 83e8 | 0000 0001 | 0000 00e9 | 2900 0000 | 4883 bbf0 
  0x00007f0ce1ca25e0: 0000 0000 | 7517 4889 | bbf0 0000 | 0048 c783 | f800 0000 | 0100 0000 | e908 0000 | 0048 8383 
  0x00007f0ce1ca2600: d800 0000 

  0x00007f0ce1ca2604: ;   {metadata(method data for {method} {0x00007f0cbc016a88} 'getName' '()Ljava/lang/String;' in 'java/lang/Class')}
  0x00007f0ce1ca2604: 0148 bfa0 | ca68 bc0c | 7f00 008b | 9f90 0000 | 0083 c302 | 899f 9000 | 0000 81e3 | feff 1f00 
  0x00007f0ce1ca2624: 85db 0f84 | 3612 0000 | 8b76 3048 | c1e6 0348 

  0x00007f0ce1ca2634: ;   {metadata(method data for {method} {0x00007f0cbc016a88} 'getName' '()Ljava/lang/String;' in 'java/lang/Class')}
  0x00007f0ce1ca2634: 85f6 48bf | a0ca 68bc | 0c7f 0000 | bbd8 0000 | 0074 05bb | e800 0000 | 488b 041f | 488d 4001 
  0x00007f0ce1ca2654: 4889 041f | 0f84 1800 

  0x00007f0ce1ca265c: ;   {metadata(method data for {method} {0x00007f0cbc016a88} 'getName' '()Ljava/lang/String;' in 'java/lang/Class')}
  0x00007f0ce1ca265c: 0000 48bf | a0ca 68bc | 0c7f 0000 | ff87 f800 | 0000 488b | fee9 3100 

  0x00007f0ce1ca2674: ;   {oop(a 'java/lang/Class'{0x0000000747f0aa10} = 'kotlin/jvm/internal/Intrinsics')}
  0x00007f0ce1ca2674: 0000 48be | 10aa f047 | 0700 0000 

  0x00007f0ce1ca2680: ;   {metadata(method data for {method} {0x00007f0cbc016a88} 'getName' '()Ljava/lang/String;' in 'java/lang/Class')}
  0x00007f0ce1ca2680: 488b fe48 | bba0 ca68 | bc0c 7f00 | 0048 8383 | 1001 0000 

  0x00007f0ce1ca2694: ;   {optimized virtual_call}
  0x00007f0ce1ca2694: 0166 90e8 

  0x00007f0ce1ca2698: ; ImmutableOopMap {[176]=Oop [208]=Oop [216]=Oop [224]=Oop [232]=Oop [296]=Oop [304]=Oop }
                      ;*invokevirtual initClassName {reexecute=0 rethrow=0 return_oop=0}
                      ; - java.lang.Class::getName@14
                      ; - kotlin.jvm.internal.Intrinsics::sanitizeStackTrace@3 (line 253)
                      ; - kotlin.jvm.internal.Intrinsics::throwParameterIsNullNPE@11 (line 140)
                      ; - kotlin.jvm.internal.Intrinsics::checkNotNullParameter@5 (line 131)
                      ; - kotlin.ResultKt::createFailure@3
                      ; - kotlinx.coroutines.DispatchedTask::run@250 (line 220)
  0x00007f0ce1ca2698: 4420 2e07 

  0x00007f0ce1ca269c: ;   {post_call_nop}
  0x00007f0ce1ca269c: 0f1f 8400 | 941b 0018 | 488b f848 | 8b84 2430 | 0100 00e9 | 0b07 0000 

  0x00007f0ce1ca26b4: ;   {metadata('kotlin/Result$Failure')}
  0x00007f0ce1ca26b4: 48ba 98b7 | 18b8 0000 | 0000 488b | d849 8b87 | c801 0000 | 488d 7810 | 493b bfd8 | 0100 000f 
  0x00007f0ce1ca26d4: 87aa 1100 | 0049 89bf | c801 0000 | 48c7 0001 | 0000 0048 | 8bca 8948 | 0848 33c9 | 8948 0c48 
  0x00007f0ce1ca26f4: 33c9 4889 | 8424 4001 | 0000 488b 

  0x00007f0ce1ca2700: ;   {metadata(method data for {method} {0x00007f0cbcd813d8} 'createFailure' '(Ljava/lang/Throwable;)Ljava/lang/Object;' in 'kotlin/ResultKt')}
  0x00007f0ce1ca2700: d048 be38 | 471a be0c | 7f00 0048 | 8386 e800 

  0x00007f0ce1ca2710: ;   {metadata(method data for {method} {0x00007f0cbcd6fa50} '<init>' '(Ljava/lang/Throwable;)V' in 'kotlin/Result$Failure')}
  0x00007f0ce1ca2710: 0000 0148 | ba70 481a | be0c 7f00 | 008b b290 | 0000 0083 | c602 89b2 | 9000 0000 | 81e6 feff 
  0x00007f0ce1ca2730: 1f00 85f6 | 0f84 5611 

  0x00007f0ce1ca2738: ;   {metadata(method data for {method} {0x00007f0cbcd6fa50} '<init>' '(Ljava/lang/Throwable;)V' in 'kotlin/Result$Failure')}
  0x00007f0ce1ca2738: 0000 48ba | 7048 1abe | 0c7f 0000 | 4883 82d8 | 0000 0001 

  0x00007f0ce1ca274c: ;   {metadata(method data for {method} {0x00007f0cbc8587e8} 'checkNotNullParameter' '(Ljava/lang/Object;Ljava/lang/String;)V' in 'kotlin/jvm/internal/Intrinsics')}
  0x00007f0ce1ca274c: 48ba 803d | e1bc 0c7f | 0000 8bb2 | 9000 0000 | 83c6 0289 | b290 0000 | 0081 e6fe | ff1f 0085 
  0x00007f0ce1ca276c: f60f 843e | 1100 0048 

  0x00007f0ce1ca2774: ;   {metadata(method data for {method} {0x00007f0cbc8587e8} 'checkNotNullParameter' '(Ljava/lang/Object;Ljava/lang/String;)V' in 'kotlin/jvm/internal/Intrinsics')}
  0x00007f0ce1ca2774: 85db 48ba | 803d e1bc | 0c7f 0000 | bed8 0000 | 0075 05be | e800 0000 | 488b 3c32 | 488d 7f01 
  0x00007f0ce1ca2794: 4889 3c32 | 0f85 6e02 

  0x00007f0ce1ca279c: ;   {metadata(method data for {method} {0x00007f0cbc8587e8} 'checkNotNullParameter' '(Ljava/lang/Object;Ljava/lang/String;)V' in 'kotlin/jvm/internal/Intrinsics')}
  0x00007f0ce1ca279c: 0000 48ba | 803d e1bc | 0c7f 0000 | 4883 82f8 | 0000 0001 

  0x00007f0ce1ca27b0: ;   {metadata(method data for {method} {0x00007f0cbc858968} 'throwParameterIsNullNPE' '(Ljava/lang/String;)V' in 'kotlin/jvm/internal/Intrinsics')}
  0x00007f0ce1ca27b0: 48ba d03e | e1bc 0c7f | 0000 8bb2 | 9000 0000 | 83c6 0289 | b290 0000 | 0081 e6fe | ff1f 0085 
  0x00007f0ce1ca27d0: f60f 84fb | 1000 0090 

  0x00007f0ce1ca27d8: ;   {other}
  0x00007f0ce1ca27d8: e925 1100 | 0000 0000 | 0000 498b | 87c8 0100 | 0048 8d78 | 3049 3bbf | d801 0000 | 0f87 1211 
  0x00007f0ce1ca27f8: 0000 4989 | bfc8 0100 | 0048 c700 | 0100 0000 | 488b ca89 | 4808 4833 | c989 480c | 4833 c948 
  0x00007f0ce1ca2818: 8948 1048 | 8948 1848 | 8948 2048 

  0x00007f0ce1ca2824: ;   {metadata(method data for {method} {0x00007f0cbc858968} 'throwParameterIsNullNPE' '(Ljava/lang/String;)V' in 'kotlin/jvm/internal/Intrinsics')}
  0x00007f0ce1ca2824: 8948 2848 | bed0 3ee1 | bc0c 7f00 | 0048 8386 | d800 0000 

  0x00007f0ce1ca2838: ;   {oop("exception"{0x000000074961ae30})}
  0x00007f0ce1ca2838: 0148 be30 | ae61 4907 | 0000 0048 | 8984 2438 | 0100 000f 

  0x00007f0ce1ca284c: ;   {static_call}
  0x00007f0ce1ca284c: 1f40 00e8 

  0x00007f0ce1ca2850: ; ImmutableOopMap {[176]=Oop [208]=Oop [216]=Oop [224]=Oop [232]=Oop [296]=Oop [312]=Oop [320]=Oop }
                      ;*invokestatic createParameterIsNullExceptionMessage {reexecute=0 rethrow=0 return_oop=0}
                      ; - kotlin.jvm.internal.Intrinsics::throwParameterIsNullNPE@5 (line 140)
                      ; - kotlin.jvm.internal.Intrinsics::checkNotNullParameter@5 (line 131)
                      ; - kotlin.Result$Failure::<init>@3
                      ; - kotlin.ResultKt::createFailure@11 (line 122)
                      ; - kotlinx.coroutines.DispatchedTask::run@250 (line 220)
  0x00007f0ce1ca2850: 8c24 2e07 

  0x00007f0ce1ca2854: ;   {post_call_nop}
  0x00007f0ce1ca2854: 0f1f 8400 | 4c1d 0019 | 488b 9424 | 3801 0000 

  0x00007f0ce1ca2864: ;   {metadata(method data for {method} {0x00007f0cbc858968} 'throwParameterIsNullNPE' '(Ljava/lang/String;)V' in 'kotlin/jvm/internal/Intrinsics')}
  0x00007f0ce1ca2864: 48be d03e | e1bc 0c7f | 0000 4883 | 86e8 0000 | 0001 488b | d048 8bb4 | 2438 0100 | 0066 0f1f 
  0x00007f0ce1ca2884: ;   {optimized virtual_call}
  0x00007f0ce1ca2884: 4400 00e8 

  0x00007f0ce1ca2888: ; ImmutableOopMap {[176]=Oop [208]=Oop [216]=Oop [224]=Oop [232]=Oop [296]=Oop [312]=Oop [320]=Oop }
                      ;*invokespecial <init> {reexecute=0 rethrow=0 return_oop=0}
                      ; - kotlin.jvm.internal.Intrinsics::throwParameterIsNullNPE@8 (line 140)
                      ; - kotlin.jvm.internal.Intrinsics::checkNotNullParameter@5 (line 131)
                      ; - kotlin.Result$Failure::<init>@3
                      ; - kotlin.ResultKt::createFailure@11 (line 122)
                      ; - kotlinx.coroutines.DispatchedTask::run@250 (line 220)
  0x00007f0ce1ca2888: 541e 2e07 

  0x00007f0ce1ca288c: ;   {post_call_nop}
  0x00007f0ce1ca288c: 0f1f 8400 | 841d 001a 

  0x00007f0ce1ca2894: ;   {metadata(method data for {method} {0x00007f0cbc858968} 'throwParameterIsNullNPE' '(Ljava/lang/String;)V' in 'kotlin/jvm/internal/Intrinsics')}
  0x00007f0ce1ca2894: 48be d03e | e1bc 0c7f | 0000 4883 | 86f8 0000 

  0x00007f0ce1ca28a4: ;   {metadata(method data for {method} {0x00007f0cbc8599e0} 'sanitizeStackTrace' '(Ljava/lang/Throwable;)Ljava/lang/Throwable;' in 'kotlin/jvm/internal/Intrinsics')}
  0x00007f0ce1ca28a4: 0001 48be | 084d e1bc | 0c7f 0000 | 8bbe 9000 | 0000 83c7 | 0289 be90 | 0000 0081 | e7fe ff1f 
  0x00007f0ce1ca28c4: 0085 ff0f | 844c 1000 

  0x00007f0ce1ca28cc: ;   {oop(a 'java/lang/Class'{0x0000000747f0aa10} = 'kotlin/jvm/internal/Intrinsics')}
  0x00007f0ce1ca28cc: 0048 be10 | aaf0 4707 | 0000 0048 

  0x00007f0ce1ca28d8: ;   {metadata(method data for {method} {0x00007f0cbc8599e0} 'sanitizeStackTrace' '(Ljava/lang/Throwable;)Ljava/lang/Throwable;' in 'kotlin/jvm/internal/Intrinsics')}
  0x00007f0ce1ca28d8: 8bfe 48bb | 084d e1bc | 0c7f 0000 | 8b7f 0848 | 3bbb e000 | 0000 750d | 4883 83e8 | 0000 0001 
  0x00007f0ce1ca28f8: e960 0000 | 0048 3bbb | f000 0000 | 750d 4883 | 83f8 0000 | 0001 e94a | 0000 0048 | 83bb e000 
  0x00007f0ce1ca2918: 0000 0075 | 1748 89bb | e000 0000 | 48c7 83e8 | 0000 0001 | 0000 00e9 | 2900 0000 | 4883 bbf0 
  0x00007f0ce1ca2938: 0000 0000 | 7517 4889 | bbf0 0000 | 0048 c783 | f800 0000 | 0100 0000 | e908 0000 | 0048 8383 
  0x00007f0ce1ca2958: d800 0000 

  0x00007f0ce1ca295c: ;   {metadata(method data for {method} {0x00007f0cbc016a88} 'getName' '()Ljava/lang/String;' in 'java/lang/Class')}
  0x00007f0ce1ca295c: 0148 bfa0 | ca68 bc0c | 7f00 008b | 9f90 0000 | 0083 c302 | 899f 9000 | 0000 81e3 | feff 1f00 
  0x00007f0ce1ca297c: 85db 0f84 | b60f 0000 | 8b76 3048 | c1e6 0348 

  0x00007f0ce1ca298c: ;   {metadata(method data for {method} {0x00007f0cbc016a88} 'getName' '()Ljava/lang/String;' in 'java/lang/Class')}
  0x00007f0ce1ca298c: 85f6 48bf | a0ca 68bc | 0c7f 0000 | bbd8 0000 | 0074 05bb | e800 0000 | 488b 041f | 488d 4001 
  0x00007f0ce1ca29ac: 4889 041f | 0f84 1800 

  0x00007f0ce1ca29b4: ;   {metadata(method data for {method} {0x00007f0cbc016a88} 'getName' '()Ljava/lang/String;' in 'java/lang/Class')}
  0x00007f0ce1ca29b4: 0000 48bf | a0ca 68bc | 0c7f 0000 | ff87 f800 | 0000 488b | fee9 3100 

  0x00007f0ce1ca29cc: ;   {oop(a 'java/lang/Class'{0x0000000747f0aa10} = 'kotlin/jvm/internal/Intrinsics')}
  0x00007f0ce1ca29cc: 0000 48be | 10aa f047 | 0700 0000 

  0x00007f0ce1ca29d8: ;   {metadata(method data for {method} {0x00007f0cbc016a88} 'getName' '()Ljava/lang/String;' in 'java/lang/Class')}
  0x00007f0ce1ca29d8: 488b fe48 | bba0 ca68 | bc0c 7f00 | 0048 8383 | 1001 0000 

  0x00007f0ce1ca29ec: ;   {optimized virtual_call}
  0x00007f0ce1ca29ec: 0166 90e8 

  0x00007f0ce1ca29f0: ; ImmutableOopMap {[176]=Oop [208]=Oop [216]=Oop [224]=Oop [232]=Oop [296]=Oop [312]=Oop [320]=Oop }
                      ;*invokevirtual initClassName {reexecute=0 rethrow=0 return_oop=0}
                      ; - java.lang.Class::getName@14
                      ; - kotlin.jvm.internal.Intrinsics::sanitizeStackTrace@3 (line 253)
                      ; - kotlin.jvm.internal.Intrinsics::throwParameterIsNullNPE@11 (line 140)
                      ; - kotlin.jvm.internal.Intrinsics::checkNotNullParameter@5 (line 131)
                      ; - kotlin.Result$Failure::<init>@3
                      ; - kotlin.ResultKt::createFailure@11 (line 122)
                      ; - kotlinx.coroutines.DispatchedTask::run@250 (line 220)
  0x00007f0ce1ca29f0: ec1c 2e07 

  0x00007f0ce1ca29f4: ;   {post_call_nop}
  0x00007f0ce1ca29f4: 0f1f 8400 | ec1e 001b | 488b f848 | 8b84 2438 | 0100 00e9 | c302 0000 

  0x00007f0ce1ca2a0c: ;   {metadata(method data for {method} {0x00007f0cbcd6fa50} '<init>' '(Ljava/lang/Throwable;)V' in 'kotlin/Result$Failure')}
  0x00007f0ce1ca2a0c: 488b d048 | be70 481a | be0c 7f00 | 0048 8386 | e800 0000 

  0x00007f0ce1ca2a20: ;   {metadata(method data for {method} {0x00007f0cbc0005d0} '<init>' '()V' in 'java/lang/Object')}
  0x00007f0ce1ca2a20: 0148 bab0 | 2123 bc0c | 7f00 008b | b290 0000 | 0083 c602 | 89b2 9000 | 0000 81e6 | feff 1f00 
  0x00007f0ce1ca2a40: 85f6 0f84 | 130f 0000 | 410f be57 | 4885 d20f | 8527 0f00 | 004c 8bd3 | 49c1 ea03 | 4489 500c 
  0x00007f0ce1ca2a60: 488b d048 | 33d3 48c1 | ea15 4883 | fa00 0f85 | 270f 0000 

  0x00007f0ce1ca2a74: ;   {metadata(method data for {method} {0x00007f0cbcd64cb0} 'run' '()V' in 'kotlinx/coroutines/DispatchedTask')}
  0x00007f0ce1ca2a74: 48ba b036 | 1abe 0c7f | 0000 4883 | 8238 0600 

  0x00007f0ce1ca2a84: ;   {metadata(method data for {method} {0x00007f0cbcd6b6d0} 'constructor-impl' '(Ljava/lang/Object;)Ljava/lang/Object;' in 'kotlin/Result')}
  0x00007f0ce1ca2a84: 0001 48ba | c0bd 19be | 0c7f 0000 | 8bb2 9000 | 0000 83c6 | 0289 b290 | 0000 0081 | e6fe ff1f 
  0x00007f0ce1ca2aa4: 0085 f60f | 8406 0f00 | 0048 8bbc | 24d0 0000 

  0x00007f0ce1ca2ab4: ;   {metadata(method data for {method} {0x00007f0cbcd64cb0} 'run' '()V' in 'kotlinx/coroutines/DispatchedTask')}
  0x00007f0ce1ca2ab4: 0048 bab0 | 361a be0c | 7f00 008b | 7f08 483b | ba50 0600 | 0075 0d48 | 8382 5806 | 0000 01e9 
  0x00007f0ce1ca2ad4: 6000 0000 | 483b ba60 | 0600 0075 | 0d48 8382 | 6806 0000 | 01e9 4a00 | 0000 4883 | ba50 0600 
  0x00007f0ce1ca2af4: 0000 7517 | 4889 ba50 | 0600 0048 | c782 5806 | 0000 0100 | 0000 e929 | 0000 0048 | 83ba 6006 
  0x00007f0ce1ca2b14: 0000 0075 | 1748 89ba | 6006 0000 | 48c7 8268 | 0600 0001 | 0000 00e9 | 0800 0000 | 4883 8248 
  0x00007f0ce1ca2b34: 0600 0001 | 488b d048 | 8bb4 24d0 | 0000 0066 | 9048 b840 | 529f 940c 

  0x00007f0ce1ca2b4c: ;   {virtual_call}
  0x00007f0ce1ca2b4c: 7f00 00e8 

  0x00007f0ce1ca2b50: ; ImmutableOopMap {[176]=Oop [216]=Oop [224]=Oop [232]=Oop }
                      ;*invokeinterface resumeWith {reexecute=0 rethrow=0 return_oop=0}
                      ; - kotlinx.coroutines.DispatchedTask::run@256 (line 220)
  0x00007f0ce1ca2b50: 8c1e 2e07 

  0x00007f0ce1ca2b54: ;   {post_call_nop}
  0x00007f0ce1ca2b54: 0f1f 8400 | 4c20 001c 

  0x00007f0ce1ca2b5c: ;   {metadata(method data for {method} {0x00007f0cbcd64cb0} 'run' '()V' in 'kotlinx/coroutines/DispatchedTask')}
  0x00007f0ce1ca2b5c: 48be b036 | 1abe 0c7f | 0000 ff86 | 7806 0000 | 488b 8424 | e800 0000 

  0x00007f0ce1ca2b74: ;   {metadata(method data for {method} {0x00007f0cbcd64cb0} 'run' '()V' in 'kotlinx/coroutines/DispatchedTask')}
  0x00007f0ce1ca2b74: 4885 c048 | beb0 361a | be0c 7f00 | 00bf 8807 | 0000 7405 | bf98 0700 | 0048 8b1c | 3e48 8d5b 
  0x00007f0ce1ca2b94: 0148 891c | 3e0f 84c7 | 0000 0048 | 3b00 488b 

  0x00007f0ce1ca2ba4: ;   {metadata(method data for {method} {0x00007f0cbcd64cb0} 'run' '()V' in 'kotlinx/coroutines/DispatchedTask')}
  0x00007f0ce1ca2ba4: f048 bfb0 | 361a be0c | 7f00 008b | 7608 483b | b7b0 0700 | 0075 0d48 | 8387 b807 | 0000 01e9 
  0x00007f0ce1ca2bc4: 6000 0000 | 483b b7c0 | 0700 0075 | 0d48 8387 | c807 0000 | 01e9 4a00 | 0000 4883 | bfb0 0700 
  0x00007f0ce1ca2be4: 0000 7517 | 4889 b7b0 | 0700 0048 | c787 b807 | 0000 0100 | 0000 e929 | 0000 0048 | 83bf c007 
  0x00007f0ce1ca2c04: 0000 0075 | 1748 89b7 | c007 0000 | 48c7 87c8 | 0700 0001 | 0000 00e9 | 0800 0000 | 4883 87a8 
  0x00007f0ce1ca2c24: 0700 0001 | 488b f00f 

  0x00007f0ce1ca2c2c: ;   {optimized virtual_call}
  0x00007f0ce1ca2c2c: 1f40 00e8 

  0x00007f0ce1ca2c30: ; ImmutableOopMap {[176]=Oop [216]=Oop [224]=Oop }
                      ;*invokevirtual clearThreadContext {reexecute=0 rethrow=0 return_oop=0}
                      ; - kotlinx.coroutines.DispatchedTask::run@323 (line 224)
  0x00007f0ce1ca2c30: ac1a 2e07 

  0x00007f0ce1ca2c34: ;   {post_call_nop}
  0x00007f0ce1ca2c34: 0f1f 8400 | 2c21 001d 

  0x00007f0ce1ca2c3c: ;   {metadata(method data for {method} {0x00007f0cbcd64cb0} 'run' '()V' in 'kotlinx/coroutines/DispatchedTask')}
  0x00007f0ce1ca2c3c: 85c0 48be | b036 1abe | 0c7f 0000 | bad8 0700 | 0074 05ba | e807 0000 | 488b 3c16 | 488d 7f01 
  0x00007f0ce1ca2c5c: 4889 3c16 | 0f84 3600 

  0x00007f0ce1ca2c64: ;   {metadata(method data for {method} {0x00007f0cbcd64cb0} 'run' '()V' in 'kotlinx/coroutines/DispatchedTask')}
  0x00007f0ce1ca2c64: 0000 48be | b036 1abe | 0c7f 0000 | 4883 86f8 | 0700 0001 | 488b b424 | d800 0000 | 488b 9424 
  0x00007f0ce1ca2c84: e000 0000 | 0f1f 8000 

  0x00007f0ce1ca2c8c: ;   {static_call}
  0x00007f0ce1ca2c8c: 0000 00e8 

  0x00007f0ce1ca2c90: ; ImmutableOopMap {[176]=Oop }
                      ;*invokestatic restoreThreadContext {reexecute=0 rethrow=0 return_oop=0}
                      ; - kotlinx.coroutines.DispatchedTask::run@333 (line 225)
  0x00007f0ce1ca2c90: ec4c ffff 

  0x00007f0ce1ca2c94: ;   {post_call_nop}
  0x00007f0ce1ca2c94: 0f1f 8400 | 8c21 001e 

  0x00007f0ce1ca2c9c: ;   {metadata(method data for {method} {0x00007f0cbcd64cb0} 'run' '()V' in 'kotlinx/coroutines/DispatchedTask')}
  0x00007f0ce1ca2c9c: 48be b036 | 1abe 0c7f | 0000 ff86 | 0808 0000 

  0x00007f0ce1ca2cac: ;   {metadata(method data for {method} {0x00007f0cbcd64cb0} 'run' '()V' in 'kotlinx/coroutines/DispatchedTask')}
  0x00007f0ce1ca2cac: 48be b036 | 1abe 0c7f | 0000 ff86 | a008 0000 | 4881 c460 | 0100 005d 

  0x00007f0ce1ca2cc4: ;   {poll_return}
  0x00007f0ce1ca2cc4: 493b 6728 | 0f87 0b0d 

  0x00007f0ce1ca2ccc: ;   {metadata(method data for {method} {0x00007f0cbc8599e0} 'sanitizeStackTrace' '(Ljava/lang/Throwable;)Ljava/lang/Throwable;' in 'kotlin/jvm/internal/Intrinsics')}
  0x00007f0ce1ca2ccc: 0000 c348 | be08 4de1 | bc0c 7f00 | 0048 8386 | 0801 0000 | 0148 8bf0 

  0x00007f0ce1ca2ce4: ;   {static_call}
  0x00007f0ce1ca2ce4: 488b d7e8 

  0x00007f0ce1ca2ce8: ; ImmutableOopMap {[176]=Oop [208]=Oop [216]=Oop [224]=Oop [232]=Oop [296]=Oop [320]=Oop }
                      ;*invokestatic sanitizeStackTrace {reexecute=0 rethrow=0 return_oop=0}
                      ; - kotlin.jvm.internal.Intrinsics::sanitizeStackTrace@6 (line 253)
                      ; - kotlin.jvm.internal.Intrinsics::throwParameterIsNullNPE@11 (line 140)
                      ; - kotlin.jvm.internal.Intrinsics::checkNotNullParameter@5 (line 131)
                      ; - kotlin.Result$Failure::<init>@3
                      ; - kotlin.ResultKt::createFailure@11 (line 122)
                      ; - kotlinx.coroutines.DispatchedTask::run@250 (line 220)
  0x00007f0ce1ca2ce8: f41f 2e07 

  0x00007f0ce1ca2cec: ;   {post_call_nop}
  0x00007f0ce1ca2cec: 0f1f 8400 | e421 001f | 488b b424 | 4001 0000 

  0x00007f0ce1ca2cfc: ;   {metadata(method data for {method} {0x00007f0cbc858968} 'throwParameterIsNullNPE' '(Ljava/lang/String;)V' in 'kotlin/jvm/internal/Intrinsics')}
  0x00007f0ce1ca2cfc: 4885 c048 | bfd0 3ee1 | bc0c 7f00 | 0075 0c80 | 8f01 0100 | 0001 e995 | 0000 008b | 5808 483b 
  0x00007f0ce1ca2d1c: 9f10 0100 | 0075 0d48 | 8387 1801 | 0000 01e9 | 6000 0000 | 483b 9f20 | 0100 0075 | 0d48 8387 
  0x00007f0ce1ca2d3c: 2801 0000 | 01e9 4a00 | 0000 4883 | bf10 0100 | 0000 7517 | 4889 9f10 | 0100 0048 | c787 1801 
  0x00007f0ce1ca2d5c: 0000 0100 | 0000 e929 | 0000 0048 | 83bf 2001 | 0000 0075 | 1748 899f | 2001 0000 | 48c7 8728 
  0x00007f0ce1ca2d7c: 0100 0001 | 0000 00e9 | 0800 0000 | 4883 8708 | 0100 0001 

  0x00007f0ce1ca2d90: ;   {metadata('java/lang/NullPointerException')}
  0x00007f0ce1ca2d90: 48bb b8ac | 01b8 0000 | 0000 8b78 | 0848 3b5f | 500f 8548 | 0c00 00e9 | 0000 0000 

  0x00007f0ce1ca2dac: ; implicit exception: dispatches to 0x00007f0ce1ca39f8
                      ; ImmutableOopMap {rsi=Oop rax=Oop [176]=Oop [208]=Oop [216]=Oop [224]=Oop [232]=Oop [296]=Oop [320]=Oop }
                      ;*athrow {reexecute=1 rethrow=0 return_oop=0}
                      ; - (reexecute) kotlin.jvm.internal.Intrinsics::throwParameterIsNullNPE@17 (line 140)
                      ; - kotlin.jvm.internal.Intrinsics::checkNotNullParameter@5 (line 131)
                      ; - kotlin.Result$Failure::<init>@3
                      ; - kotlin.ResultKt::createFailure@11 (line 122)
                      ; - kotlinx.coroutines.DispatchedTask::run@250 (line 220)
                      ;   {section_word}
  0x00007f0ce1ca2dac: 483b 0048 | baaf 2dca | e10c 7f00 

  0x00007f0ce1ca2db8: ;   {runtime_call C1 Runtime handle_exception_nofpu_blob}
  0x00007f0ce1ca2db8: 00e8 22d6 

  0x00007f0ce1ca2dbc: ;   {metadata(method data for {method} {0x00007f0cbc8599e0} 'sanitizeStackTrace' '(Ljava/lang/Throwable;)Ljava/lang/Throwable;' in 'kotlin/jvm/internal/Intrinsics')}
  0x00007f0ce1ca2dbc: 3a07 9048 | be08 4de1 | bc0c 7f00 | 0048 8386 | 0801 0000 | 0148 8bf0 

  0x00007f0ce1ca2dd4: ;   {static_call}
  0x00007f0ce1ca2dd4: 488b d7e8 

  0x00007f0ce1ca2dd8: ; ImmutableOopMap {[176]=Oop [208]=Oop [216]=Oop [224]=Oop [232]=Oop [296]=Oop }
                      ;*invokestatic sanitizeStackTrace {reexecute=0 rethrow=0 return_oop=0}
                      ; - kotlin.jvm.internal.Intrinsics::sanitizeStackTrace@6 (line 253)
                      ; - kotlin.jvm.internal.Intrinsics::throwParameterIsNullNPE@11 (line 140)
                      ; - kotlin.jvm.internal.Intrinsics::checkNotNullParameter@5 (line 131)
                      ; - kotlin.ResultKt::createFailure@3
                      ; - kotlinx.coroutines.DispatchedTask::run@250 (line 220)
  0x00007f0ce1ca2dd8: 041f 2e07 

  0x00007f0ce1ca2ddc: ;   {post_call_nop}
  0x00007f0ce1ca2ddc: 0f1f 8400 | d422 0021 | 488b b424 | 2801 0000 

  0x00007f0ce1ca2dec: ;   {metadata(method data for {method} {0x00007f0cbc858968} 'throwParameterIsNullNPE' '(Ljava/lang/String;)V' in 'kotlin/jvm/internal/Intrinsics')}
  0x00007f0ce1ca2dec: 4885 c048 | bfd0 3ee1 | bc0c 7f00 | 0075 0c80 | 8f01 0100 | 0001 e995 | 0000 008b | 5808 483b 
  0x00007f0ce1ca2e0c: 9f10 0100 | 0075 0d48 | 8387 1801 | 0000 01e9 | 6000 0000 | 483b 9f20 | 0100 0075 | 0d48 8387 
  0x00007f0ce1ca2e2c: 2801 0000 | 01e9 4a00 | 0000 4883 | bf10 0100 | 0000 7517 | 4889 9f10 | 0100 0048 | c787 1801 
  0x00007f0ce1ca2e4c: 0000 0100 | 0000 e929 | 0000 0048 | 83bf 2001 | 0000 0075 | 1748 899f | 2001 0000 | 48c7 8728 
  0x00007f0ce1ca2e6c: 0100 0001 | 0000 00e9 | 0800 0000 | 4883 8708 | 0100 0001 

  0x00007f0ce1ca2e80: ;   {metadata('java/lang/NullPointerException')}
  0x00007f0ce1ca2e80: 48bb b8ac | 01b8 0000 | 0000 8b78 | 0848 3b5f | 500f 8566 | 0b00 00e9 | 0000 0000 

  0x00007f0ce1ca2e9c: ; implicit exception: dispatches to 0x00007f0ce1ca3a06
                      ; ImmutableOopMap {rsi=Oop rax=Oop [176]=Oop [208]=Oop [216]=Oop [224]=Oop [232]=Oop [296]=Oop }
                      ;*athrow {reexecute=1 rethrow=0 return_oop=0}
                      ; - (reexecute) kotlin.jvm.internal.Intrinsics::throwParameterIsNullNPE@17 (line 140)
                      ; - kotlin.jvm.internal.Intrinsics::checkNotNullParameter@5 (line 131)
                      ; - kotlin.ResultKt::createFailure@3
                      ; - kotlinx.coroutines.DispatchedTask::run@250 (line 220)
                      ;   {section_word}
  0x00007f0ce1ca2e9c: 483b 0048 | ba9f 2eca | e10c 7f00 

  0x00007f0ce1ca2ea8: ;   {runtime_call C1 Runtime handle_exception_nofpu_blob}
  0x00007f0ce1ca2ea8: 00e8 32d5 

  0x00007f0ce1ca2eac: ;   {metadata(method data for {method} {0x00007f0cbc8599e0} 'sanitizeStackTrace' '(Ljava/lang/Throwable;)Ljava/lang/Throwable;' in 'kotlin/jvm/internal/Intrinsics')}
  0x00007f0ce1ca2eac: 3a07 9048 | be08 4de1 | bc0c 7f00 | 0048 8386 | 0801 0000 | 0148 8bf0 

  0x00007f0ce1ca2ec4: ;   {static_call}
  0x00007f0ce1ca2ec4: 488b d7e8 

  0x00007f0ce1ca2ec8: ; ImmutableOopMap {[176]=Oop [208]=Oop [216]=Oop [224]=Oop [232]=Oop [256]=Oop [288]=Oop }
                      ;*invokestatic sanitizeStackTrace {reexecute=0 rethrow=0 return_oop=0}
                      ; - kotlin.jvm.internal.Intrinsics::sanitizeStackTrace@6 (line 253)
                      ; - kotlin.jvm.internal.Intrinsics::throwParameterIsNullNPE@11 (line 140)
                      ; - kotlin.jvm.internal.Intrinsics::checkNotNullParameter@5 (line 131)
                      ; - kotlin.Result$Failure::<init>@3
                      ; - kotlin.ResultKt::createFailure@11 (line 122)
                      ; - kotlinx.coroutines.DispatchedTask::run@277 (line 99)
  0x00007f0ce1ca2ec8: 141e 2e07 

  0x00007f0ce1ca2ecc: ;   {post_call_nop}
  0x00007f0ce1ca2ecc: 0f1f 8400 | c423 0023 | 488b b424 | 2001 0000 

  0x00007f0ce1ca2edc: ;   {metadata(method data for {method} {0x00007f0cbc858968} 'throwParameterIsNullNPE' '(Ljava/lang/String;)V' in 'kotlin/jvm/internal/Intrinsics')}
  0x00007f0ce1ca2edc: 4885 c048 | bfd0 3ee1 | bc0c 7f00 | 0075 0c80 | 8f01 0100 | 0001 e995 | 0000 008b | 5808 483b 
  0x00007f0ce1ca2efc: 9f10 0100 | 0075 0d48 | 8387 1801 | 0000 01e9 | 6000 0000 | 483b 9f20 | 0100 0075 | 0d48 8387 
  0x00007f0ce1ca2f1c: 2801 0000 | 01e9 4a00 | 0000 4883 | bf10 0100 | 0000 7517 | 4889 9f10 | 0100 0048 | c787 1801 
  0x00007f0ce1ca2f3c: 0000 0100 | 0000 e929 | 0000 0048 | 83bf 2001 | 0000 0075 | 1748 899f | 2001 0000 | 48c7 8728 
  0x00007f0ce1ca2f5c: 0100 0001 | 0000 00e9 | 0800 0000 | 4883 8708 | 0100 0001 

  0x00007f0ce1ca2f70: ;   {metadata('java/lang/NullPointerException')}
  0x00007f0ce1ca2f70: 48bb b8ac | 01b8 0000 | 0000 8b78 | 0848 3b5f | 500f 8584 | 0a00 00e9 | 0000 0000 

  0x00007f0ce1ca2f8c: ; implicit exception: dispatches to 0x00007f0ce1ca3a14
                      ; ImmutableOopMap {rsi=Oop rax=Oop [176]=Oop [208]=Oop [216]=Oop [224]=Oop [232]=Oop [256]=Oop [288]=Oop }
                      ;*athrow {reexecute=1 rethrow=0 return_oop=0}
                      ; - (reexecute) kotlin.jvm.internal.Intrinsics::throwParameterIsNullNPE@17 (line 140)
                      ; - kotlin.jvm.internal.Intrinsics::checkNotNullParameter@5 (line 131)
                      ; - kotlin.Result$Failure::<init>@3
                      ; - kotlin.ResultKt::createFailure@11 (line 122)
                      ; - kotlinx.coroutines.DispatchedTask::run@277 (line 99)
                      ;   {section_word}
  0x00007f0ce1ca2f8c: 483b 0048 | ba8f 2fca | e10c 7f00 

  0x00007f0ce1ca2f98: ;   {runtime_call C1 Runtime handle_exception_nofpu_blob}
  0x00007f0ce1ca2f98: 00e8 42d4 

  0x00007f0ce1ca2f9c: ;   {metadata(method data for {method} {0x00007f0cbc8599e0} 'sanitizeStackTrace' '(Ljava/lang/Throwable;)Ljava/lang/Throwable;' in 'kotlin/jvm/internal/Intrinsics')}
  0x00007f0ce1ca2f9c: 3a07 9048 | be08 4de1 | bc0c 7f00 | 0048 8386 | 0801 0000 | 0148 8bf0 

  0x00007f0ce1ca2fb4: ;   {static_call}
  0x00007f0ce1ca2fb4: 488b d7e8 

  0x00007f0ce1ca2fb8: ; ImmutableOopMap {[176]=Oop [208]=Oop [216]=Oop [224]=Oop [232]=Oop [256]=Oop }
                      ;*invokestatic sanitizeStackTrace {reexecute=0 rethrow=0 return_oop=0}
                      ; - kotlin.jvm.internal.Intrinsics::sanitizeStackTrace@6 (line 253)
                      ; - kotlin.jvm.internal.Intrinsics::throwParameterIsNullNPE@11 (line 140)
                      ; - kotlin.jvm.internal.Intrinsics::checkNotNullParameter@5 (line 131)
                      ; - kotlin.ResultKt::createFailure@3
                      ; - kotlinx.coroutines.DispatchedTask::run@277 (line 99)
  0x00007f0ce1ca2fb8: 241d 2e07 

  0x00007f0ce1ca2fbc: ;   {post_call_nop}
  0x00007f0ce1ca2fbc: 0f1f 8400 | b424 0025 | 488b b424 | 0001 0000 | 488b bc24 | d000 0000 

  0x00007f0ce1ca2fd4: ;   {metadata(method data for {method} {0x00007f0cbc858968} 'throwParameterIsNullNPE' '(Ljava/lang/String;)V' in 'kotlin/jvm/internal/Intrinsics')}
  0x00007f0ce1ca2fd4: 4885 c048 | bbd0 3ee1 | bc0c 7f00 | 0075 0c80 | 8b01 0100 | 0001 e995 | 0000 008b | 4808 483b 
  0x00007f0ce1ca2ff4: 8b10 0100 | 0075 0d48 | 8383 1801 | 0000 01e9 | 6000 0000 | 483b 8b20 | 0100 0075 | 0d48 8383 
  0x00007f0ce1ca3014: 2801 0000 | 01e9 4a00 | 0000 4883 | bb10 0100 | 0000 7517 | 4889 8b10 | 0100 0048 | c783 1801 
  0x00007f0ce1ca3034: 0000 0100 | 0000 e929 | 0000 0048 | 83bb 2001 | 0000 0075 | 1748 898b | 2001 0000 | 48c7 8328 
  0x00007f0ce1ca3054: 0100 0001 | 0000 00e9 | 0800 0000 | 4883 8308 | 0100 0001 

  0x00007f0ce1ca3068: ;   {metadata('java/lang/NullPointerException')}
  0x00007f0ce1ca3068: 48b9 b8ac | 01b8 0000 | 0000 8b58 | 0848 3b4b | 500f 859a | 0900 00e9 | 0000 0000 

  0x00007f0ce1ca3084: ; implicit exception: dispatches to 0x00007f0ce1ca3a22
                      ; ImmutableOopMap {rsi=Oop rdi=Oop rax=Oop [176]=Oop [216]=Oop [224]=Oop [232]=Oop [256]=Oop }
                      ;*athrow {reexecute=1 rethrow=0 return_oop=0}
                      ; - (reexecute) kotlin.jvm.internal.Intrinsics::throwParameterIsNullNPE@17 (line 140)
                      ; - kotlin.jvm.internal.Intrinsics::checkNotNullParameter@5 (line 131)
                      ; - kotlin.ResultKt::createFailure@3
                      ; - kotlinx.coroutines.DispatchedTask::run@277 (line 99)
                      ;   {section_word}
  0x00007f0ce1ca3084: 483b 0048 | ba87 30ca | e10c 7f00 

  0x00007f0ce1ca3090: ;   {runtime_call C1 Runtime handle_exception_nofpu_blob}
  0x00007f0ce1ca3090: 00e8 4ad3 | 3a07 9049 | 8b87 e005 | 0000 4d33 | d24d 8997 | e005 0000 | 4d33 d24d | 8997 e805 
  0x00007f0ce1ca30b0: 0000 488b | b424 e800 | 0000 4885 

  0x00007f0ce1ca30bc: ;   {metadata(method data for {method} {0x00007f0cbcd64cb0} 'run' '()V' in 'kotlinx/coroutines/DispatchedTask')}
  0x00007f0ce1ca30bc: f648 bfb0 | 361a be0c | 7f00 00bb | 2008 0000 | 7405 bb30 | 0800 0048 | 8b14 1f48 | 8d52 0148 
  0x00007f0ce1ca30dc: 8914 1f48 | 8984 2448 | 0100 000f | 84c1 0000 | 0048 3b06 

  0x00007f0ce1ca30f0: ;   {metadata(method data for {method} {0x00007f0cbcd64cb0} 'run' '()V' in 'kotlinx/coroutines/DispatchedTask')}
  0x00007f0ce1ca30f0: 488b fe48 | bbb0 361a | be0c 7f00 | 008b 7f08 | 483b bb48 | 0800 0075 | 0d48 8383 | 5008 0000 
  0x00007f0ce1ca3110: 01e9 6000 | 0000 483b | bb58 0800 | 0075 0d48 | 8383 6008 | 0000 01e9 | 4a00 0000 | 4883 bb48 
  0x00007f0ce1ca3130: 0800 0000 | 7517 4889 | bb48 0800 | 0048 c783 | 5008 0000 | 0100 0000 | e929 0000 | 0048 83bb 
  0x00007f0ce1ca3150: 5808 0000 | 0075 1748 | 89bb 5808 | 0000 48c7 | 8360 0800 | 0001 0000 | 00e9 0800 | 0000 4883 
  0x00007f0ce1ca3170: 8340 0800 

  0x00007f0ce1ca3174: ;   {optimized virtual_call}
  0x00007f0ce1ca3174: 0001 90e8 

  0x00007f0ce1ca3178: ; ImmutableOopMap {[176]=Oop [216]=Oop [224]=Oop [328]=Oop }
                      ;*invokevirtual clearThreadContext {reexecute=0 rethrow=0 return_oop=0}
                      ; - kotlinx.coroutines.DispatchedTask::run@348 (line 224)
  0x00007f0ce1ca3178: 6415 2e07 

  0x00007f0ce1ca317c: ;   {post_call_nop}
  0x00007f0ce1ca317c: 0f1f 8400 | 7426 0027 

  0x00007f0ce1ca3184: ;   {metadata(method data for {method} {0x00007f0cbcd64cb0} 'run' '()V' in 'kotlinx/coroutines/DispatchedTask')}
  0x00007f0ce1ca3184: 85c0 48be | b036 1abe | 0c7f 0000 | ba70 0800 | 0074 05ba | 8008 0000 | 488b 3c16 | 488d 7f01 
  0x00007f0ce1ca31a4: 4889 3c16 | 0f84 3600 | 0000 488b | 9424 e000 | 0000 488b | 8424 d800 

  0x00007f0ce1ca31bc: ;   {metadata(method data for {method} {0x00007f0cbcd64cb0} 'run' '()V' in 'kotlinx/coroutines/DispatchedTask')}
  0x00007f0ce1ca31bc: 0000 48be | b036 1abe | 0c7f 0000 | 4883 8690 | 0800 0001 | 488b f00f 

  0x00007f0ce1ca31d4: ;   {static_call}
  0x00007f0ce1ca31d4: 1f40 00e8 

  0x00007f0ce1ca31d8: ; ImmutableOopMap {[176]=Oop [328]=Oop }
                      ;*invokestatic restoreThreadContext {reexecute=0 rethrow=0 return_oop=0}
                      ; - kotlinx.coroutines.DispatchedTask::run@358 (line 225)
  0x00007f0ce1ca31d8: 041b 2e07 

  0x00007f0ce1ca31dc: ;   {post_call_nop}
  0x00007f0ce1ca31dc: 0f1f 8400 | d426 0028 | 488b 8424 

  0x00007f0ce1ca31e8: ; ImmutableOopMap {rax=Oop [176]=Oop }
                      ;*athrow {reexecute=1 rethrow=0 return_oop=0}
                      ; - (reexecute) kotlinx.coroutines.DispatchedTask::run@363 (line 225)
  0x00007f0ce1ca31e8: 4801 0000 

  0x00007f0ce1ca31ec: ;   {section_word}
  0x00007f0ce1ca31ec: 48ba ec31 | cae1 0c7f 

  0x00007f0ce1ca31f4: ;   {runtime_call C1 Runtime handle_exception_nofpu_blob}
  0x00007f0ce1ca31f4: 0000 e8e5 | d13a 0790 

  0x00007f0ce1ca31fc: ;   {metadata(method data for {method} {0x00007f0cbc8599e0} 'sanitizeStackTrace' '(Ljava/lang/Throwable;)Ljava/lang/Throwable;' in 'kotlin/jvm/internal/Intrinsics')}
  0x00007f0ce1ca31fc: 48be 084d | e1bc 0c7f | 0000 4883 | 8608 0100 | 0001 488b | f048 8bd7 

  0x00007f0ce1ca3214: ;   {static_call}
  0x00007f0ce1ca3214: 6666 90e8 

  0x00007f0ce1ca3218: ; ImmutableOopMap {[176]=Oop [184]=Oop }
                      ;*invokestatic sanitizeStackTrace {reexecute=0 rethrow=0 return_oop=0}
                      ; - kotlin.jvm.internal.Intrinsics::sanitizeStackTrace@6 (line 253)
                      ; - kotlin.jvm.internal.Intrinsics::throwJavaNpe@8 (line 50)
                      ; - kotlin.jvm.internal.Intrinsics::checkNotNull@5 (line 31)
                      ; - kotlinx.coroutines.DispatchedTask::run@42 (line 81)
  0x00007f0ce1ca3218: c41a 2e07 

  0x00007f0ce1ca321c: ;   {post_call_nop}
  0x00007f0ce1ca321c: 0f1f 8400 | 1427 002a | 488b b424 | b800 0000 

  0x00007f0ce1ca322c: ;   {metadata(method data for {method} {0x00007f0cbc857b38} 'throwJavaNpe' '(Ljava/lang/String;)V' in 'kotlin/jvm/internal/Intrinsics')}
  0x00007f0ce1ca322c: 4885 c048 | bf80 1e4d | bd0c 7f00 | 0075 0c80 | 8ff1 0000 | 0001 e995 | 0000 008b | 5808 483b 
  0x00007f0ce1ca324c: 9f00 0100 | 0075 0d48 | 8387 0801 | 0000 01e9 | 6000 0000 | 483b 9f10 | 0100 0075 | 0d48 8387 
  0x00007f0ce1ca326c: 1801 0000 | 01e9 4a00 | 0000 4883 | bf00 0100 | 0000 7517 | 4889 9f00 | 0100 0048 | c787 0801 
  0x00007f0ce1ca328c: 0000 0100 | 0000 e929 | 0000 0048 | 83bf 1001 | 0000 0075 | 1748 899f | 1001 0000 | 48c7 8718 
  0x00007f0ce1ca32ac: 0100 0001 | 0000 00e9 | 0800 0000 | 4883 87f8 | 0000 0001 

  0x00007f0ce1ca32c0: ;   {metadata('java/lang/NullPointerException')}
  0x00007f0ce1ca32c0: 48bb b8ac | 01b8 0000 | 0000 8b78 | 0848 3b5f | 500f 8555 | 0700 00e9 | 0000 0000 

  0x00007f0ce1ca32dc: ; implicit exception: dispatches to 0x00007f0ce1ca3a35
                      ; ImmutableOopMap {rsi=Oop rax=Oop [176]=Oop [184]=Oop }
                      ;*athrow {reexecute=1 rethrow=0 return_oop=0}
                      ; - (reexecute) kotlin.jvm.internal.Intrinsics::throwJavaNpe@14 (line 50)
                      ; - kotlin.jvm.internal.Intrinsics::checkNotNull@5 (line 31)
                      ; - kotlinx.coroutines.DispatchedTask::run@42 (line 81)
                      ;   {section_word}
  0x00007f0ce1ca32dc: 483b 0048 | badf 32ca | e10c 7f00 

  0x00007f0ce1ca32e8: ;   {runtime_call C1 Runtime handle_exception_nofpu_blob}
  0x00007f0ce1ca32e8: 00e8 f2d0 | 3a07 9049 | 8b87 e005 | 0000 4d33 | d24d 8997 | e005 0000 | 4d33 d24d | 8997 e805 
  0x00007f0ce1ca3308: 0000 4885 

  0x00007f0ce1ca330c: ;   {metadata(method data for {method} {0x00007f0cbcd64cb0} 'run' '()V' in 'kotlinx/coroutines/DispatchedTask')}
  0x00007f0ce1ca330c: c048 bab0 | 361a be0c | 7f00 00be | b808 0000 | 7405 bec8 | 0800 0048 | 8b3c 3248 | 8d7f 0148 
  0x00007f0ce1ca332c: 893c 320f | 84af 0000 | 0048 8bb4 | 24b0 0000 | 0048 8bd6 

  0x00007f0ce1ca3340: ;   {metadata(method data for {method} {0x00007f0cbcd64cb0} 'run' '()V' in 'kotlinx/coroutines/DispatchedTask')}
  0x00007f0ce1ca3340: 48bf b036 | 1abe 0c7f | 0000 8b52 | 0848 3b97 | e008 0000 | 750d 4883 | 87e8 0800 | 0001 e960 
  0x00007f0ce1ca3360: 0000 0048 | 3b97 f008 | 0000 750d | 4883 87f8 | 0800 0001 | e94a 0000 | 0048 83bf | e008 0000 
  0x00007f0ce1ca3380: 0075 1748 | 8997 e008 | 0000 48c7 | 87e8 0800 | 0001 0000 | 00e9 2900 | 0000 4883 | bff0 0800 
  0x00007f0ce1ca33a0: 0000 7517 | 4889 97f0 | 0800 0048 | c787 f808 | 0000 0100 | 0000 e908 | 0000 0048 | 8387 d808 
  0x00007f0ce1ca33c0: 0000 0148 

  0x00007f0ce1ca33c4: ;   {optimized virtual_call}
  0x00007f0ce1ca33c4: 8bd0 90e8 

  0x00007f0ce1ca33c8: ; ImmutableOopMap {}
                      ;*invokevirtual handleFatalException$kotlinx_coroutines_core {reexecute=0 rethrow=0 return_oop=0}
                      ; - kotlinx.coroutines.DispatchedTask::run@385 (line 109)
  0x00007f0ce1ca33c8: 1413 2e07 

  0x00007f0ce1ca33cc: ;   {post_call_nop}
  0x00007f0ce1ca33cc: 0f1f 8400 | c428 002c 

  0x00007f0ce1ca33d4: ;   {metadata(method data for {method} {0x00007f0cbcd64cb0} 'run' '()V' in 'kotlinx/coroutines/DispatchedTask')}
  0x00007f0ce1ca33d4: 48b8 b036 | 1abe 0c7f | 0000 ff80 | 0809 0000 

  0x00007f0ce1ca33e4: ;   {metadata(method data for {method} {0x00007f0cbcd64cb0} 'run' '()V' in 'kotlinx/coroutines/DispatchedTask')}
  0x00007f0ce1ca33e4: 48b8 b036 | 1abe 0c7f | 0000 ff80 | 2009 0000 | 4881 c460 | 0100 005d 

  0x00007f0ce1ca33fc: ;   {poll_return}
  0x00007f0ce1ca33fc: 493b 6728 | 0f87 3406 | 0000 c349 | 8b87 e005 | 0000 4d33 | d24d 8997 | e005 0000 | 4d33 d24d 
  0x00007f0ce1ca341c: 8997 e805 | 0000 e946 

  0x00007f0ce1ca3424: ;   {metadata({method} {0x00007f0cbcd64cb0} 'run' '()V' in 'kotlinx/coroutines/DispatchedTask')}
  0x00007f0ce1ca3424: 0600 0049 | bab0 4cd6 | bc0c 7f00 | 004c 8954 | 2408 48c7 | 0424 ffff 

  0x00007f0ce1ca343c: ;   {runtime_call C1 Runtime counter_overflow_blob}
  0x00007f0ce1ca343c: ffff e89d 

  0x00007f0ce1ca3440: ; ImmutableOopMap {rsi=Oop [176]=Oop }
                      ;*synchronization entry
                      ; - kotlinx.coroutines.DispatchedTask::run@-1 (line 78)
  0x00007f0ce1ca3440: 093b 07e9 | 26d8 ffff 

  0x00007f0ce1ca3448: ;   {metadata({method} {0x00007f0cbcd427a0} 'getASSERTIONS_ENABLED' '()Z' in 'kotlinx/coroutines/DebugKt')}
  0x00007f0ce1ca3448: 49ba a027 | d4bc 0c7f | 0000 4c89 | 5424 0848 | c704 24ff 

  0x00007f0ce1ca345c: ;   {runtime_call C1 Runtime counter_overflow_blob}
  0x00007f0ce1ca345c: ffff ffe8 

  0x00007f0ce1ca3460: ; ImmutableOopMap {rsi=Oop [176]=Oop }
                      ;*synchronization entry
                      ; - kotlinx.coroutines.DebugKt::getASSERTIONS_ENABLED@-1 (line 63)
                      ; - kotlinx.coroutines.DispatchedTask::run@0 (line 78)
  0x00007f0ce1ca3460: 7c09 3b07 | e93e d8ff 

  0x00007f0ce1ca3468: ;   {metadata({method} {0x00007f0cbc857868} 'checkNotNull' '(Ljava/lang/Object;Ljava/lang/String;)V' in 'kotlin/jvm/internal/Intrinsics')}
  0x00007f0ce1ca3468: ff49 ba68 | 7885 bc0c | 7f00 004c | 8954 2408 | 48c7 0424 | ffff ffff 

  0x00007f0ce1ca3480: ;   {runtime_call C1 Runtime counter_overflow_blob}
  0x00007f0ce1ca3480: e85b 093b 

  0x00007f0ce1ca3484: ; ImmutableOopMap {rax=Oop [176]=Oop [184]=Oop }
                      ;*synchronization entry
                      ; - kotlin.jvm.internal.Intrinsics::checkNotNull@-1 (line 30)
                      ; - kotlinx.coroutines.DispatchedTask::run@42 (line 81)
  0x00007f0ce1ca3484: 07e9 13d9 

  0x00007f0ce1ca3488: ;   {metadata({method} {0x00007f0cbc857b38} 'throwJavaNpe' '(Ljava/lang/String;)V' in 'kotlin/jvm/internal/Intrinsics')}
  0x00007f0ce1ca3488: ffff 49ba | 387b 85bc | 0c7f 0000 | 4c89 5424 | 0848 c704 | 24ff ffff 

  0x00007f0ce1ca34a0: ;   {runtime_call C1 Runtime counter_overflow_blob}
  0x00007f0ce1ca34a0: ffe8 3a09 

  0x00007f0ce1ca34a4: ; ImmutableOopMap {[176]=Oop [184]=Oop }
                      ;*synchronization entry
                      ; - kotlin.jvm.internal.Intrinsics::throwJavaNpe@-1 (line 50)
                      ; - kotlin.jvm.internal.Intrinsics::checkNotNull@5 (line 31)
                      ; - kotlinx.coroutines.DispatchedTask::run@42 (line 81)
  0x00007f0ce1ca34a4: 3b07 e956 

  0x00007f0ce1ca34a8: ;   {metadata(nullptr)}
  0x00007f0ce1ca34a8: d9ff ff48 | ba00 0000 | 0000 0000 | 00b8 000f 

  0x00007f0ce1ca34b8: ;   {runtime_call C1 Runtime load_klass_patching_blob}
  0x00007f0ce1ca34b8: 050a e821 

  0x00007f0ce1ca34bc: ; ImmutableOopMap {[176]=Oop [184]=Oop }
                      ;*new {reexecute=1 rethrow=0 return_oop=0}
                      ; - (reexecute) kotlin.jvm.internal.Intrinsics::throwJavaNpe@0 (line 50)
                      ; - kotlin.jvm.internal.Intrinsics::checkNotNull@5 (line 31)
                      ; - kotlinx.coroutines.DispatchedTask::run@42 (line 81)
  0x00007f0ce1ca34bc: fa3a 07e9 | 44d9 ffff 

  0x00007f0ce1ca34c4: ;   {runtime_call C1 Runtime fast_new_instance_blob}
  0x00007f0ce1ca34c4: 488b d2e8 

  0x00007f0ce1ca34c8: ; ImmutableOopMap {[176]=Oop [184]=Oop }
                      ;*new {reexecute=0 rethrow=0 return_oop=0}
                      ; - kotlin.jvm.internal.Intrinsics::throwJavaNpe@0 (line 50)
                      ; - kotlin.jvm.internal.Intrinsics::checkNotNull@5 (line 31)
                      ; - kotlinx.coroutines.DispatchedTask::run@42 (line 81)
  0x00007f0ce1ca34c8: 14c0 3a07 | e986 d9ff 

  0x00007f0ce1ca34d0: ;   {metadata({method} {0x00007f0cbc8599e0} 'sanitizeStackTrace' '(Ljava/lang/Throwable;)Ljava/lang/Throwable;' in 'kotlin/jvm/internal/Intrinsics')}
  0x00007f0ce1ca34d0: ff49 bae0 | 9985 bc0c | 7f00 004c | 8954 2408 | 48c7 0424 | ffff ffff 

  0x00007f0ce1ca34e8: ;   {runtime_call C1 Runtime counter_overflow_blob}
  0x00007f0ce1ca34e8: e8f3 083b 

  0x00007f0ce1ca34ec: ; ImmutableOopMap {[176]=Oop [184]=Oop [192]=Oop }
                      ;*synchronization entry
                      ; - kotlin.jvm.internal.Intrinsics::sanitizeStackTrace@-1 (line 253)
                      ; - kotlin.jvm.internal.Intrinsics::throwJavaNpe@8 (line 50)
                      ; - kotlin.jvm.internal.Intrinsics::checkNotNull@5 (line 31)
                      ; - kotlinx.coroutines.DispatchedTask::run@42 (line 81)
  0x00007f0ce1ca34ec: 07e9 dbd9 

  0x00007f0ce1ca34f0: ;   {metadata({method} {0x00007f0cbc016a88} 'getName' '()Ljava/lang/String;' in 'java/lang/Class')}
  0x00007f0ce1ca34f0: ffff 49ba | 886a 01bc | 0c7f 0000 | 4c89 5424 | 0848 c704 | 24ff ffff 

  0x00007f0ce1ca3508: ;   {runtime_call C1 Runtime counter_overflow_blob}
  0x00007f0ce1ca3508: ffe8 d208 

  0x00007f0ce1ca350c: ; ImmutableOopMap {rsi=Oop [176]=Oop [184]=Oop [192]=Oop }
                      ;*synchronization entry
                      ; - java.lang.Class::getName@-1
                      ; - kotlin.jvm.internal.Intrinsics::sanitizeStackTrace@3 (line 253)
                      ; - kotlin.jvm.internal.Intrinsics::throwJavaNpe@8 (line 50)
                      ; - kotlin.jvm.internal.Intrinsics::checkNotNull@5 (line 31)
                      ; - kotlinx.coroutines.DispatchedTask::run@42 (line 81)
  0x00007f0ce1ca350c: 3b07 e971 | daff ff48 

  0x00007f0ce1ca3514: ;   {runtime_call C1 Runtime throw_class_cast_exception_blob}
  0x00007f0ce1ca3514: 8904 24e8 

  0x00007f0ce1ca3518: ; ImmutableOopMap {[176]=Oop }
                      ;*checkcast {reexecute=0 rethrow=0 return_oop=0}
                      ; - kotlinx.coroutines.DispatchedTask::run@45 (line 81)
  0x00007f0ce1ca3518: c4da 3a07 

  0x00007f0ce1ca351c: ;   {runtime_call C1 Runtime throw_null_pointer_exception_blob}
  0x00007f0ce1ca351c: e8bf b63a 

  0x00007f0ce1ca3520: ; ImmutableOopMap {rsi=Oop [176]=Oop }
                      ;*getfield continuation {reexecute=1 rethrow=0 return_oop=0}
                      ; - (reexecute) kotlinx.coroutines.DispatchedTask::run@50 (line 82)
                      ;   {runtime_call C1 Runtime throw_null_pointer_exception_blob}
  0x00007f0ce1ca3520: 07e8 bab6 

  0x00007f0ce1ca3524: ; ImmutableOopMap {rdi=Oop rbx=Oop [176]=Oop }
                      ;*invokeinterface getContext {reexecute=0 rethrow=0 return_oop=0}
                      ; - kotlinx.coroutines.DispatchedTask::run@64 (line 210)
                      ;   {metadata({method} {0x00007f0cbcd7b528} 'isCancellableMode' '(I)Z' in 'kotlinx/coroutines/DispatchedTaskKt')}
  0x00007f0ce1ca3524: 3a07 49ba | 28b5 d7bc | 0c7f 0000 | 4c89 5424 | 0848 c704 | 24ff ffff 

  0x00007f0ce1ca353c: ;   {runtime_call C1 Runtime counter_overflow_blob}
  0x00007f0ce1ca353c: ffe8 9e08 

  0x00007f0ce1ca3540: ; ImmutableOopMap {rax=Oop rsi=Oop [176]=Oop [208]=Oop [216]=Oop [224]=Oop [232]=Oop [240]=Oop [248]=Oop [256]=Oop }
                      ;*synchronization entry
                      ; - kotlinx.coroutines.DispatchedTaskKt::isCancellableMode@-1 (line 43)
                      ; - kotlinx.coroutines.DispatchedTask::run@137 (line 92)
  0x00007f0ce1ca3540: 3b07 e9ac 

  0x00007f0ce1ca3544: ;   {runtime_call C1 Runtime throw_null_pointer_exception_blob}
  0x00007f0ce1ca3544: dfff ffe8 

  0x00007f0ce1ca3548: ; ImmutableOopMap {rax=Oop [176]=Oop [208]=Oop [216]=Oop [224]=Oop [232]=Oop [248]=Oop [256]=Oop }
                      ;*invokeinterface get {reexecute=0 rethrow=0 return_oop=0}
                      ; - kotlinx.coroutines.DispatchedTask::run@151 (line 92)
  0x00007f0ce1ca3548: 94b6 3a07 | 4889 0424 

  0x00007f0ce1ca3550: ;   {runtime_call C1 Runtime throw_class_cast_exception_blob}
  0x00007f0ce1ca3550: e88b da3a 

  0x00007f0ce1ca3554: ; ImmutableOopMap {[176]=Oop [208]=Oop [216]=Oop [224]=Oop [232]=Oop [248]=Oop [256]=Oop }
                      ;*checkcast {reexecute=0 rethrow=0 return_oop=0}
                      ; - kotlinx.coroutines.DispatchedTask::run@156 (line 92)
                      ;   {runtime_call C1 Runtime throw_null_pointer_exception_blob}
  0x00007f0ce1ca3554: 07e8 86b6 

  0x00007f0ce1ca3558: ; ImmutableOopMap {rdi=Oop [176]=Oop [208]=Oop [216]=Oop [224]=Oop [232]=Oop [248]=Oop [256]=Oop }
                      ;*invokeinterface isActive {reexecute=0 rethrow=0 return_oop=0}
                      ; - kotlinx.coroutines.DispatchedTask::run@172 (line 93)
                      ;   {metadata({method} {0x00007f0cbcd813d8} 'createFailure' '(Ljava/lang/Throwable;)Ljava/lang/Object;' in 'kotlin/ResultKt')}
  0x00007f0ce1ca3558: 3a07 49ba | d813 d8bc | 0c7f 0000 | 4c89 5424 | 0848 c704 | 24ff ffff 

  0x00007f0ce1ca3570: ;   {runtime_call C1 Runtime counter_overflow_blob}
  0x00007f0ce1ca3570: ffe8 6a08 

  0x00007f0ce1ca3574: ; ImmutableOopMap {rax=Oop [176]=Oop [208]=Oop [216]=Oop [224]=Oop [232]=Oop [256]=Oop }
                      ;*synchronization entry
                      ; - kotlin.ResultKt::createFailure@-1
                      ; - kotlinx.coroutines.DispatchedTask::run@277 (line 99)
  0x00007f0ce1ca3574: 3b07 e92f 

  0x00007f0ce1ca3578: ;   {metadata({method} {0x00007f0cbc8587e8} 'checkNotNullParameter' '(Ljava/lang/Object;Ljava/lang/String;)V' in 'kotlin/jvm/internal/Intrinsics')}
  0x00007f0ce1ca3578: e3ff ff49 | bae8 8785 | bc0c 7f00 | 004c 8954 | 2408 48c7 | 0424 ffff 

  0x00007f0ce1ca3590: ;   {runtime_call C1 Runtime counter_overflow_blob}
  0x00007f0ce1ca3590: ffff e849 

  0x00007f0ce1ca3594: ; ImmutableOopMap {rax=Oop [176]=Oop [208]=Oop [216]=Oop [224]=Oop [232]=Oop [256]=Oop }
                      ;*synchronization entry
                      ; - kotlin.jvm.internal.Intrinsics::checkNotNullParameter@-1 (line 130)
                      ; - kotlin.ResultKt::createFailure@3
                      ; - kotlinx.coroutines.DispatchedTask::run@277 (line 99)
  0x00007f0ce1ca3594: 083b 07e9 | 47e3 ffff 

  0x00007f0ce1ca359c: ;   {metadata({method} {0x00007f0cbc858968} 'throwParameterIsNullNPE' '(Ljava/lang/String;)V' in 'kotlin/jvm/internal/Intrinsics')}
  0x00007f0ce1ca359c: 49ba 6889 | 85bc 0c7f | 0000 4c89 | 5424 0848 | c704 24ff 

  0x00007f0ce1ca35b0: ;   {runtime_call C1 Runtime counter_overflow_blob}
  0x00007f0ce1ca35b0: ffff ffe8 

  0x00007f0ce1ca35b4: ; ImmutableOopMap {[176]=Oop [208]=Oop [216]=Oop [224]=Oop [232]=Oop [256]=Oop }
                      ;*synchronization entry
                      ; - kotlin.jvm.internal.Intrinsics::throwParameterIsNullNPE@-1 (line 140)
                      ; - kotlin.jvm.internal.Intrinsics::checkNotNullParameter@5 (line 131)
                      ; - kotlin.ResultKt::createFailure@3
                      ; - kotlinx.coroutines.DispatchedTask::run@277 (line 99)
  0x00007f0ce1ca35b4: 2808 3b07 | e98a e3ff 

  0x00007f0ce1ca35bc: ;   {metadata(nullptr)}
  0x00007f0ce1ca35bc: ff48 ba00 | 0000 0000 | 0000 00b8 | 000f 050a 

  0x00007f0ce1ca35cc: ;   {runtime_call C1 Runtime load_klass_patching_blob}
  0x00007f0ce1ca35cc: e80f f93a 

  0x00007f0ce1ca35d0: ; ImmutableOopMap {[176]=Oop [208]=Oop [216]=Oop [224]=Oop [232]=Oop [256]=Oop }
                      ;*new {reexecute=1 rethrow=0 return_oop=0}
                      ; - (reexecute) kotlin.jvm.internal.Intrinsics::throwParameterIsNullNPE@0 (line 140)
                      ; - kotlin.jvm.internal.Intrinsics::checkNotNullParameter@5 (line 131)
                      ; - kotlin.ResultKt::createFailure@3
                      ; - kotlinx.coroutines.DispatchedTask::run@277 (line 99)
  0x00007f0ce1ca35d0: 07e9 72e3 | ffff 488b 

  0x00007f0ce1ca35d8: ;   {runtime_call C1 Runtime fast_new_instance_blob}
  0x00007f0ce1ca35d8: d2e8 02bf 

  0x00007f0ce1ca35dc: ; ImmutableOopMap {[176]=Oop [208]=Oop [216]=Oop [224]=Oop [232]=Oop [256]=Oop }
                      ;*new {reexecute=0 rethrow=0 return_oop=0}
                      ; - kotlin.jvm.internal.Intrinsics::throwParameterIsNullNPE@0 (line 140)
                      ; - kotlin.jvm.internal.Intrinsics::checkNotNullParameter@5 (line 131)
                      ; - kotlin.ResultKt::createFailure@3
                      ; - kotlinx.coroutines.DispatchedTask::run@277 (line 99)
  0x00007f0ce1ca35dc: 3a07 e9b4 

  0x00007f0ce1ca35e0: ;   {metadata({method} {0x00007f0cbc8599e0} 'sanitizeStackTrace' '(Ljava/lang/Throwable;)Ljava/lang/Throwable;' in 'kotlin/jvm/internal/Intrinsics')}
  0x00007f0ce1ca35e0: e3ff ff49 | bae0 9985 | bc0c 7f00 | 004c 8954 | 2408 48c7 | 0424 ffff 

  0x00007f0ce1ca35f8: ;   {runtime_call C1 Runtime counter_overflow_blob}
  0x00007f0ce1ca35f8: ffff e8e1 

  0x00007f0ce1ca35fc: ; ImmutableOopMap {[176]=Oop [208]=Oop [216]=Oop [224]=Oop [232]=Oop [256]=Oop [272]=Oop }
                      ;*synchronization entry
                      ; - kotlin.jvm.internal.Intrinsics::sanitizeStackTrace@-1 (line 253)
                      ; - kotlin.jvm.internal.Intrinsics::throwParameterIsNullNPE@11 (line 140)
                      ; - kotlin.jvm.internal.Intrinsics::checkNotNullParameter@5 (line 131)
                      ; - kotlin.ResultKt::createFailure@3
                      ; - kotlinx.coroutines.DispatchedTask::run@277 (line 99)
  0x00007f0ce1ca35fc: 073b 07e9 | 39e4 ffff 

  0x00007f0ce1ca3604: ;   {metadata({method} {0x00007f0cbc016a88} 'getName' '()Ljava/lang/String;' in 'java/lang/Class')}
  0x00007f0ce1ca3604: 49ba 886a | 01bc 0c7f | 0000 4c89 | 5424 0848 | c704 24ff 

  0x00007f0ce1ca3618: ;   {runtime_call C1 Runtime counter_overflow_blob}
  0x00007f0ce1ca3618: ffff ffe8 

  0x00007f0ce1ca361c: ; ImmutableOopMap {rsi=Oop [176]=Oop [208]=Oop [216]=Oop [224]=Oop [232]=Oop [256]=Oop [272]=Oop }
                      ;*synchronization entry
                      ; - java.lang.Class::getName@-1
                      ; - kotlin.jvm.internal.Intrinsics::sanitizeStackTrace@3 (line 253)
                      ; - kotlin.jvm.internal.Intrinsics::throwParameterIsNullNPE@11 (line 140)
                      ; - kotlin.jvm.internal.Intrinsics::checkNotNullParameter@5 (line 131)
                      ; - kotlin.ResultKt::createFailure@3
                      ; - kotlinx.coroutines.DispatchedTask::run@277 (line 99)
  0x00007f0ce1ca361c: c007 3b07 | e9cf e4ff | ff48 8bd2 

  0x00007f0ce1ca3628: ;   {runtime_call C1 Runtime fast_new_instance_blob}
  0x00007f0ce1ca3628: e8b3 be3a 

  0x00007f0ce1ca362c: ; ImmutableOopMap {rbx=Oop [176]=Oop [208]=Oop [216]=Oop [224]=Oop [232]=Oop [256]=Oop }
                      ;*new {reexecute=0 rethrow=0 return_oop=0}
                      ; - kotlin.ResultKt::createFailure@6 (line 122)
                      ; - kotlinx.coroutines.DispatchedTask::run@277 (line 99)
  0x00007f0ce1ca362c: 07e9 8ce5 

  0x00007f0ce1ca3630: ;   {metadata({method} {0x00007f0cbcd6fa50} '<init>' '(Ljava/lang/Throwable;)V' in 'kotlin/Result$Failure')}
  0x00007f0ce1ca3630: ffff 49ba | 50fa d6bc | 0c7f 0000 | 4c89 5424 | 0848 c704 | 24ff ffff 

  0x00007f0ce1ca3648: ;   {runtime_call C1 Runtime counter_overflow_blob}
  0x00007f0ce1ca3648: ffe8 9207 

  0x00007f0ce1ca364c: ; ImmutableOopMap {rbx=Oop rax=Oop [176]=Oop [208]=Oop [216]=Oop [224]=Oop [232]=Oop [256]=Oop [288]=Oop }
                      ;*synchronization entry
                      ; - kotlin.Result$Failure::<init>@-1
                      ; - kotlin.ResultKt::createFailure@11 (line 122)
                      ; - kotlinx.coroutines.DispatchedTask::run@277 (line 99)
  0x00007f0ce1ca364c: 3b07 e9af 

  0x00007f0ce1ca3650: ;   {metadata({method} {0x00007f0cbc8587e8} 'checkNotNullParameter' '(Ljava/lang/Object;Ljava/lang/String;)V' in 'kotlin/jvm/internal/Intrinsics')}
  0x00007f0ce1ca3650: e5ff ff49 | bae8 8785 | bc0c 7f00 | 004c 8954 | 2408 48c7 | 0424 ffff 

  0x00007f0ce1ca3668: ;   {runtime_call C1 Runtime counter_overflow_blob}
  0x00007f0ce1ca3668: ffff e871 

  0x00007f0ce1ca366c: ; ImmutableOopMap {rbx=Oop rax=Oop [176]=Oop [208]=Oop [216]=Oop [224]=Oop [232]=Oop [256]=Oop [288]=Oop }
                      ;*synchronization entry
                      ; - kotlin.jvm.internal.Intrinsics::checkNotNullParameter@-1 (line 130)
                      ; - kotlin.Result$Failure::<init>@3
                      ; - kotlin.ResultKt::createFailure@11 (line 122)
                      ; - kotlinx.coroutines.DispatchedTask::run@277 (line 99)
  0x00007f0ce1ca366c: 073b 07e9 | c7e5 ffff 

  0x00007f0ce1ca3674: ;   {metadata({method} {0x00007f0cbc858968} 'throwParameterIsNullNPE' '(Ljava/lang/String;)V' in 'kotlin/jvm/internal/Intrinsics')}
  0x00007f0ce1ca3674: 49ba 6889 | 85bc 0c7f | 0000 4c89 | 5424 0848 | c704 24ff 

  0x00007f0ce1ca3688: ;   {runtime_call C1 Runtime counter_overflow_blob}
  0x00007f0ce1ca3688: ffff ffe8 

  0x00007f0ce1ca368c: ; ImmutableOopMap {[176]=Oop [208]=Oop [216]=Oop [224]=Oop [232]=Oop [256]=Oop [288]=Oop }
                      ;*synchronization entry
                      ; - kotlin.jvm.internal.Intrinsics::throwParameterIsNullNPE@-1 (line 140)
                      ; - kotlin.jvm.internal.Intrinsics::checkNotNullParameter@5 (line 131)
                      ; - kotlin.Result$Failure::<init>@3
                      ; - kotlin.ResultKt::createFailure@11 (line 122)
                      ; - kotlinx.coroutines.DispatchedTask::run@277 (line 99)
  0x00007f0ce1ca368c: 5007 3b07 | e90a e6ff 

  0x00007f0ce1ca3694: ;   {metadata(nullptr)}
  0x00007f0ce1ca3694: ff48 ba00 | 0000 0000 | 0000 00b8 | 000f 050a 

  0x00007f0ce1ca36a4: ;   {runtime_call C1 Runtime load_klass_patching_blob}
  0x00007f0ce1ca36a4: e837 f83a 

  0x00007f0ce1ca36a8: ; ImmutableOopMap {[176]=Oop [208]=Oop [216]=Oop [224]=Oop [232]=Oop [256]=Oop [288]=Oop }
                      ;*new {reexecute=1 rethrow=0 return_oop=0}
                      ; - (reexecute) kotlin.jvm.internal.Intrinsics::throwParameterIsNullNPE@0 (line 140)
                      ; - kotlin.jvm.internal.Intrinsics::checkNotNullParameter@5 (line 131)
                      ; - kotlin.Result$Failure::<init>@3
                      ; - kotlin.ResultKt::createFailure@11 (line 122)
                      ; - kotlinx.coroutines.DispatchedTask::run@277 (line 99)
  0x00007f0ce1ca36a8: 07e9 f2e5 | ffff 488b 

  0x00007f0ce1ca36b0: ;   {runtime_call C1 Runtime fast_new_instance_blob}
  0x00007f0ce1ca36b0: d2e8 2abe 

  0x00007f0ce1ca36b4: ; ImmutableOopMap {[176]=Oop [208]=Oop [216]=Oop [224]=Oop [232]=Oop [256]=Oop [288]=Oop }
                      ;*new {reexecute=0 rethrow=0 return_oop=0}
                      ; - kotlin.jvm.internal.Intrinsics::throwParameterIsNullNPE@0 (line 140)
                      ; - kotlin.jvm.internal.Intrinsics::checkNotNullParameter@5 (line 131)
                      ; - kotlin.Result$Failure::<init>@3
                      ; - kotlin.ResultKt::createFailure@11 (line 122)
                      ; - kotlinx.coroutines.DispatchedTask::run@277 (line 99)
  0x00007f0ce1ca36b4: 3a07 e934 

  0x00007f0ce1ca36b8: ;   {metadata({method} {0x00007f0cbc8599e0} 'sanitizeStackTrace' '(Ljava/lang/Throwable;)Ljava/lang/Throwable;' in 'kotlin/jvm/internal/Intrinsics')}
  0x00007f0ce1ca36b8: e6ff ff49 | bae0 9985 | bc0c 7f00 | 004c 8954 | 2408 48c7 | 0424 ffff 

  0x00007f0ce1ca36d0: ;   {runtime_call C1 Runtime counter_overflow_blob}
  0x00007f0ce1ca36d0: ffff e809 

  0x00007f0ce1ca36d4: ; ImmutableOopMap {[176]=Oop [208]=Oop [216]=Oop [224]=Oop [232]=Oop [256]=Oop [280]=Oop [288]=Oop }
                      ;*synchronization entry
                      ; - kotlin.jvm.internal.Intrinsics::sanitizeStackTrace@-1 (line 253)
                      ; - kotlin.jvm.internal.Intrinsics::throwParameterIsNullNPE@11 (line 140)
                      ; - kotlin.jvm.internal.Intrinsics::checkNotNullParameter@5 (line 131)
                      ; - kotlin.Result$Failure::<init>@3
                      ; - kotlin.ResultKt::createFailure@11 (line 122)
                      ; - kotlinx.coroutines.DispatchedTask::run@277 (line 99)
  0x00007f0ce1ca36d4: 073b 07e9 | b9e6 ffff 

  0x00007f0ce1ca36dc: ;   {metadata({method} {0x00007f0cbc016a88} 'getName' '()Ljava/lang/String;' in 'java/lang/Class')}
  0x00007f0ce1ca36dc: 49ba 886a | 01bc 0c7f | 0000 4c89 | 5424 0848 | c704 24ff 

  0x00007f0ce1ca36f0: ;   {runtime_call C1 Runtime counter_overflow_blob}
  0x00007f0ce1ca36f0: ffff ffe8 

  0x00007f0ce1ca36f4: ; ImmutableOopMap {rsi=Oop [176]=Oop [208]=Oop [216]=Oop [224]=Oop [232]=Oop [256]=Oop [280]=Oop [288]=Oop }
                      ;*synchronization entry
                      ; - java.lang.Class::getName@-1
                      ; - kotlin.jvm.internal.Intrinsics::sanitizeStackTrace@3 (line 253)
                      ; - kotlin.jvm.internal.Intrinsics::throwParameterIsNullNPE@11 (line 140)
                      ; - kotlin.jvm.internal.Intrinsics::checkNotNullParameter@5 (line 131)
                      ; - kotlin.Result$Failure::<init>@3
                      ; - kotlin.ResultKt::createFailure@11 (line 122)
                      ; - kotlinx.coroutines.DispatchedTask::run@277 (line 99)
  0x00007f0ce1ca36f4: e806 3b07 | e94f e7ff 

  0x00007f0ce1ca36fc: ;   {metadata({method} {0x00007f0cbc0005d0} '<init>' '()V' in 'java/lang/Object')}
  0x00007f0ce1ca36fc: ff49 bad0 | 0500 bc0c | 7f00 004c | 8954 2408 | 48c7 0424 | ffff ffff 

  0x00007f0ce1ca3714: ;   {runtime_call C1 Runtime counter_overflow_blob}
  0x00007f0ce1ca3714: e8c7 063b 

  0x00007f0ce1ca3718: ; ImmutableOopMap {rbx=Oop rax=Oop [176]=Oop [208]=Oop [216]=Oop [224]=Oop [232]=Oop [256]=Oop [288]=Oop }
                      ;*synchronization entry
                      ; - java.lang.Object::<init>@-1
                      ; - kotlin.Result$Failure::<init>@7 (line 105)
                      ; - kotlin.ResultKt::createFailure@11 (line 122)
                      ; - kotlinx.coroutines.DispatchedTask::run@277 (line 99)
  0x00007f0ce1ca3718: 07e9 f2e7 | ffff 8b50 | 0c48 c1e2 | 0348 83fa | 000f 84ee | e7ff ff48 

  0x00007f0ce1ca3730: ;   {runtime_call g1_pre_barrier_slow}
  0x00007f0ce1ca3730: 8914 24e8 | a80c 3b07 | e9e0 e7ff | ff48 83fb | 000f 84f5 | e7ff ff48 

  0x00007f0ce1ca3748: ;   {runtime_call g1_post_barrier_slow}
  0x00007f0ce1ca3748: 8904 24e8 | 900f 3b07 | e9e7 e7ff 

  0x00007f0ce1ca3754: ;   {metadata({method} {0x00007f0cbcd6b6d0} 'constructor-impl' '(Ljava/lang/Object;)Ljava/lang/Object;' in 'kotlin/Result')}
  0x00007f0ce1ca3754: ff49 bad0 | b6d6 bc0c | 7f00 004c | 8954 2408 | 48c7 0424 | ffff ffff 

  0x00007f0ce1ca376c: ;   {runtime_call C1 Runtime counter_overflow_blob}
  0x00007f0ce1ca376c: e86f 063b 

  0x00007f0ce1ca3770: ; ImmutableOopMap {rax=Oop [176]=Oop [208]=Oop [216]=Oop [224]=Oop [232]=Oop [288]=Oop }
                      ;*synchronization entry
                      ; - kotlin.Result::constructor-impl@-1
                      ; - kotlinx.coroutines.DispatchedTask::run@280 (line 99)
  0x00007f0ce1ca3770: 07e9 ffe7 

  0x00007f0ce1ca3774: ;   {metadata({method} {0x00007f0cbcd6b6d0} 'constructor-impl' '(Ljava/lang/Object;)Ljava/lang/Object;' in 'kotlin/Result')}
  0x00007f0ce1ca3774: ffff 49ba | d0b6 d6bc | 0c7f 0000 | 4c89 5424 | 0848 c704 | 24ff ffff 

  0x00007f0ce1ca378c: ;   {runtime_call C1 Runtime counter_overflow_blob}
  0x00007f0ce1ca378c: ffe8 4e06 

  0x00007f0ce1ca3790: ; ImmutableOopMap {rax=Oop [176]=Oop [208]=Oop [216]=Oop [224]=Oop [232]=Oop }
                      ;*synchronization entry
                      ; - kotlin.Result::constructor-impl@-1
                      ; - kotlinx.coroutines.DispatchedTask::run@302 (line 101)
  0x00007f0ce1ca3790: 3b07 e98e 

  0x00007f0ce1ca3794: ;   {metadata({method} {0x00007f0cbcd428d0} 'getRECOVER_STACK_TRACES' '()Z' in 'kotlinx/coroutines/DebugKt')}
  0x00007f0ce1ca3794: e9ff ff49 | bad0 28d4 | bc0c 7f00 | 004c 8954 | 2408 48c7 | 0424 ffff 

  0x00007f0ce1ca37ac: ;   {runtime_call C1 Runtime counter_overflow_blob}
  0x00007f0ce1ca37ac: ffff e82d 

  0x00007f0ce1ca37b0: ; ImmutableOopMap {[176]=Oop [208]=Oop [216]=Oop [224]=Oop [232]=Oop [296]=Oop }
                      ;*synchronization entry
                      ; - kotlinx.coroutines.DebugKt::getRECOVER_STACK_TRACES@-1 (line 77)
                      ; - kotlinx.coroutines.DispatchedTask::run@215 (line 221)
  0x00007f0ce1ca37b0: 063b 07e9 | c5eb ffff 

  0x00007f0ce1ca37b8: ;   {metadata({method} {0x00007f0cbcd813d8} 'createFailure' '(Ljava/lang/Throwable;)Ljava/lang/Object;' in 'kotlin/ResultKt')}
  0x00007f0ce1ca37b8: 49ba d813 | d8bc 0c7f | 0000 4c89 | 5424 0848 | c704 24ff 

  0x00007f0ce1ca37cc: ;   {runtime_call C1 Runtime counter_overflow_blob}
  0x00007f0ce1ca37cc: ffff ffe8 

  0x00007f0ce1ca37d0: ; ImmutableOopMap {rax=Oop [176]=Oop [208]=Oop [216]=Oop [224]=Oop [232]=Oop [296]=Oop }
                      ;*synchronization entry
                      ; - kotlin.ResultKt::createFailure@-1
                      ; - kotlinx.coroutines.DispatchedTask::run@250 (line 220)
  0x00007f0ce1ca37d0: 0c06 3b07 | e905 ecff 

  0x00007f0ce1ca37d8: ;   {metadata({method} {0x00007f0cbc8587e8} 'checkNotNullParameter' '(Ljava/lang/Object;Ljava/lang/String;)V' in 'kotlin/jvm/internal/Intrinsics')}
  0x00007f0ce1ca37d8: ff49 bae8 | 8785 bc0c | 7f00 004c | 8954 2408 | 48c7 0424 | ffff ffff 

  0x00007f0ce1ca37f0: ;   {runtime_call C1 Runtime counter_overflow_blob}
  0x00007f0ce1ca37f0: e8eb 053b 

  0x00007f0ce1ca37f4: ; ImmutableOopMap {rax=Oop [176]=Oop [208]=Oop [216]=Oop [224]=Oop [232]=Oop [296]=Oop }
                      ;*synchronization entry
                      ; - kotlin.jvm.internal.Intrinsics::checkNotNullParameter@-1 (line 130)
                      ; - kotlin.ResultKt::createFailure@3
                      ; - kotlinx.coroutines.DispatchedTask::run@250 (line 220)
  0x00007f0ce1ca37f4: 07e9 1dec 

  0x00007f0ce1ca37f8: ;   {metadata({method} {0x00007f0cbc858968} 'throwParameterIsNullNPE' '(Ljava/lang/String;)V' in 'kotlin/jvm/internal/Intrinsics')}
  0x00007f0ce1ca37f8: ffff 49ba | 6889 85bc | 0c7f 0000 | 4c89 5424 | 0848 c704 | 24ff ffff 

  0x00007f0ce1ca3810: ;   {runtime_call C1 Runtime counter_overflow_blob}
  0x00007f0ce1ca3810: ffe8 ca05 

  0x00007f0ce1ca3814: ; ImmutableOopMap {[176]=Oop [208]=Oop [216]=Oop [224]=Oop [232]=Oop [296]=Oop }
                      ;*synchronization entry
                      ; - kotlin.jvm.internal.Intrinsics::throwParameterIsNullNPE@-1 (line 140)
                      ; - kotlin.jvm.internal.Intrinsics::checkNotNullParameter@5 (line 131)
                      ; - kotlin.ResultKt::createFailure@3
                      ; - kotlinx.coroutines.DispatchedTask::run@250 (line 220)
  0x00007f0ce1ca3814: 3b07 e960 

  0x00007f0ce1ca3818: ;   {metadata(nullptr)}
  0x00007f0ce1ca3818: ecff ff48 | ba00 0000 | 0000 0000 | 00b8 000f 

  0x00007f0ce1ca3828: ;   {runtime_call C1 Runtime load_klass_patching_blob}
  0x00007f0ce1ca3828: 050a e8b1 

  0x00007f0ce1ca382c: ; ImmutableOopMap {[176]=Oop [208]=Oop [216]=Oop [224]=Oop [232]=Oop [296]=Oop }
                      ;*new {reexecute=1 rethrow=0 return_oop=0}
                      ; - (reexecute) kotlin.jvm.internal.Intrinsics::throwParameterIsNullNPE@0 (line 140)
                      ; - kotlin.jvm.internal.Intrinsics::checkNotNullParameter@5 (line 131)
                      ; - kotlin.ResultKt::createFailure@3
                      ; - kotlinx.coroutines.DispatchedTask::run@250 (line 220)
  0x00007f0ce1ca382c: f63a 07e9 | 4cec ffff 

  0x00007f0ce1ca3834: ;   {runtime_call C1 Runtime fast_new_instance_blob}
  0x00007f0ce1ca3834: 488b d2e8 

  0x00007f0ce1ca3838: ; ImmutableOopMap {[176]=Oop [208]=Oop [216]=Oop [224]=Oop [232]=Oop [296]=Oop }
                      ;*new {reexecute=0 rethrow=0 return_oop=0}
                      ; - kotlin.jvm.internal.Intrinsics::throwParameterIsNullNPE@0 (line 140)
                      ; - kotlin.jvm.internal.Intrinsics::checkNotNullParameter@5 (line 131)
                      ; - kotlin.ResultKt::createFailure@3
                      ; - kotlinx.coroutines.DispatchedTask::run@250 (line 220)
  0x00007f0ce1ca3838: a4bc 3a07 | e98e ecff 

  0x00007f0ce1ca3840: ;   {metadata({method} {0x00007f0cbc8599e0} 'sanitizeStackTrace' '(Ljava/lang/Throwable;)Ljava/lang/Throwable;' in 'kotlin/jvm/internal/Intrinsics')}
  0x00007f0ce1ca3840: ff49 bae0 | 9985 bc0c | 7f00 004c | 8954 2408 | 48c7 0424 | ffff ffff 

  0x00007f0ce1ca3858: ;   {runtime_call C1 Runtime counter_overflow_blob}
  0x00007f0ce1ca3858: e883 053b 

  0x00007f0ce1ca385c: ; ImmutableOopMap {[176]=Oop [208]=Oop [216]=Oop [224]=Oop [232]=Oop [296]=Oop [304]=Oop }
                      ;*synchronization entry
                      ; - kotlin.jvm.internal.Intrinsics::sanitizeStackTrace@-1 (line 253)
                      ; - kotlin.jvm.internal.Intrinsics::throwParameterIsNullNPE@11 (line 140)
                      ; - kotlin.jvm.internal.Intrinsics::checkNotNullParameter@5 (line 131)
                      ; - kotlin.ResultKt::createFailure@3
                      ; - kotlinx.coroutines.DispatchedTask::run@250 (line 220)
  0x00007f0ce1ca385c: 07e9 13ed 

  0x00007f0ce1ca3860: ;   {metadata({method} {0x00007f0cbc016a88} 'getName' '()Ljava/lang/String;' in 'java/lang/Class')}
  0x00007f0ce1ca3860: ffff 49ba | 886a 01bc | 0c7f 0000 | 4c89 5424 | 0848 c704 | 24ff ffff 

  0x00007f0ce1ca3878: ;   {runtime_call C1 Runtime counter_overflow_blob}
  0x00007f0ce1ca3878: ffe8 6205 

  0x00007f0ce1ca387c: ; ImmutableOopMap {rsi=Oop [176]=Oop [208]=Oop [216]=Oop [224]=Oop [232]=Oop [296]=Oop [304]=Oop }
                      ;*synchronization entry
                      ; - java.lang.Class::getName@-1
                      ; - kotlin.jvm.internal.Intrinsics::sanitizeStackTrace@3 (line 253)
                      ; - kotlin.jvm.internal.Intrinsics::throwParameterIsNullNPE@11 (line 140)
                      ; - kotlin.jvm.internal.Intrinsics::checkNotNullParameter@5 (line 131)
                      ; - kotlin.ResultKt::createFailure@3
                      ; - kotlinx.coroutines.DispatchedTask::run@250 (line 220)
  0x00007f0ce1ca387c: 3b07 e9a9 | edff ff48 

  0x00007f0ce1ca3884: ;   {runtime_call C1 Runtime fast_new_instance_blob}
  0x00007f0ce1ca3884: 8bd2 e855 

  0x00007f0ce1ca3888: ; ImmutableOopMap {rbx=Oop [176]=Oop [208]=Oop [216]=Oop [224]=Oop [232]=Oop [296]=Oop }
                      ;*new {reexecute=0 rethrow=0 return_oop=0}
                      ; - kotlin.ResultKt::createFailure@6 (line 122)
                      ; - kotlinx.coroutines.DispatchedTask::run@250 (line 220)
  0x00007f0ce1ca3888: bc3a 07e9 | 66ee ffff 

  0x00007f0ce1ca3890: ;   {metadata({method} {0x00007f0cbcd6fa50} '<init>' '(Ljava/lang/Throwable;)V' in 'kotlin/Result$Failure')}
  0x00007f0ce1ca3890: 49ba 50fa | d6bc 0c7f | 0000 4c89 | 5424 0848 | c704 24ff 

  0x00007f0ce1ca38a4: ;   {runtime_call C1 Runtime counter_overflow_blob}
  0x00007f0ce1ca38a4: ffff ffe8 

  0x00007f0ce1ca38a8: ; ImmutableOopMap {rbx=Oop rax=Oop [176]=Oop [208]=Oop [216]=Oop [224]=Oop [232]=Oop [296]=Oop [320]=Oop }
                      ;*synchronization entry
                      ; - kotlin.Result$Failure::<init>@-1
                      ; - kotlin.ResultKt::createFailure@11 (line 122)
                      ; - kotlinx.coroutines.DispatchedTask::run@250 (line 220)
  0x00007f0ce1ca38a8: 3405 3b07 | e989 eeff 

  0x00007f0ce1ca38b0: ;   {metadata({method} {0x00007f0cbc8587e8} 'checkNotNullParameter' '(Ljava/lang/Object;Ljava/lang/String;)V' in 'kotlin/jvm/internal/Intrinsics')}
  0x00007f0ce1ca38b0: ff49 bae8 | 8785 bc0c | 7f00 004c | 8954 2408 | 48c7 0424 | ffff ffff 

  0x00007f0ce1ca38c8: ;   {runtime_call C1 Runtime counter_overflow_blob}
  0x00007f0ce1ca38c8: e813 053b 

  0x00007f0ce1ca38cc: ; ImmutableOopMap {rbx=Oop rax=Oop [176]=Oop [208]=Oop [216]=Oop [224]=Oop [232]=Oop [296]=Oop [320]=Oop }
                      ;*synchronization entry
                      ; - kotlin.jvm.internal.Intrinsics::checkNotNullParameter@-1 (line 130)
                      ; - kotlin.Result$Failure::<init>@3
                      ; - kotlin.ResultKt::createFailure@11 (line 122)
                      ; - kotlinx.coroutines.DispatchedTask::run@250 (line 220)
  0x00007f0ce1ca38cc: 07e9 a1ee 

  0x00007f0ce1ca38d0: ;   {metadata({method} {0x00007f0cbc858968} 'throwParameterIsNullNPE' '(Ljava/lang/String;)V' in 'kotlin/jvm/internal/Intrinsics')}
  0x00007f0ce1ca38d0: ffff 49ba | 6889 85bc | 0c7f 0000 | 4c89 5424 | 0848 c704 | 24ff ffff 

  0x00007f0ce1ca38e8: ;   {runtime_call C1 Runtime counter_overflow_blob}
  0x00007f0ce1ca38e8: ffe8 f204 

  0x00007f0ce1ca38ec: ; ImmutableOopMap {[176]=Oop [208]=Oop [216]=Oop [224]=Oop [232]=Oop [296]=Oop [320]=Oop }
                      ;*synchronization entry
                      ; - kotlin.jvm.internal.Intrinsics::throwParameterIsNullNPE@-1 (line 140)
                      ; - kotlin.jvm.internal.Intrinsics::checkNotNullParameter@5 (line 131)
                      ; - kotlin.Result$Failure::<init>@3
                      ; - kotlin.ResultKt::createFailure@11 (line 122)
                      ; - kotlinx.coroutines.DispatchedTask::run@250 (line 220)
  0x00007f0ce1ca38ec: 3b07 e9e4 

  0x00007f0ce1ca38f0: ;   {metadata(nullptr)}
  0x00007f0ce1ca38f0: eeff ff48 | ba00 0000 | 0000 0000 | 00b8 000f 

  0x00007f0ce1ca3900: ;   {runtime_call C1 Runtime load_klass_patching_blob}
  0x00007f0ce1ca3900: 050a e8d9 

  0x00007f0ce1ca3904: ; ImmutableOopMap {[176]=Oop [208]=Oop [216]=Oop [224]=Oop [232]=Oop [296]=Oop [320]=Oop }
                      ;*new {reexecute=1 rethrow=0 return_oop=0}
                      ; - (reexecute) kotlin.jvm.internal.Intrinsics::throwParameterIsNullNPE@0 (line 140)
                      ; - kotlin.jvm.internal.Intrinsics::checkNotNullParameter@5 (line 131)
                      ; - kotlin.Result$Failure::<init>@3
                      ; - kotlin.ResultKt::createFailure@11 (line 122)
                      ; - kotlinx.coroutines.DispatchedTask::run@250 (line 220)
  0x00007f0ce1ca3904: f53a 07e9 | ccee ffff 

  0x00007f0ce1ca390c: ;   {runtime_call C1 Runtime fast_new_instance_blob}
  0x00007f0ce1ca390c: 488b d2e8 

  0x00007f0ce1ca3910: ; ImmutableOopMap {[176]=Oop [208]=Oop [216]=Oop [224]=Oop [232]=Oop [296]=Oop [320]=Oop }
                      ;*new {reexecute=0 rethrow=0 return_oop=0}
                      ; - kotlin.jvm.internal.Intrinsics::throwParameterIsNullNPE@0 (line 140)
                      ; - kotlin.jvm.internal.Intrinsics::checkNotNullParameter@5 (line 131)
                      ; - kotlin.Result$Failure::<init>@3
                      ; - kotlin.ResultKt::createFailure@11 (line 122)
                      ; - kotlinx.coroutines.DispatchedTask::run@250 (line 220)
  0x00007f0ce1ca3910: ccbb 3a07 | e90e efff 

  0x00007f0ce1ca3918: ;   {metadata({method} {0x00007f0cbc8599e0} 'sanitizeStackTrace' '(Ljava/lang/Throwable;)Ljava/lang/Throwable;' in 'kotlin/jvm/internal/Intrinsics')}
  0x00007f0ce1ca3918: ff49 bae0 | 9985 bc0c | 7f00 004c | 8954 2408 | 48c7 0424 | ffff ffff 

  0x00007f0ce1ca3930: ;   {runtime_call C1 Runtime counter_overflow_blob}
  0x00007f0ce1ca3930: e8ab 043b 

  0x00007f0ce1ca3934: ; ImmutableOopMap {[176]=Oop [208]=Oop [216]=Oop [224]=Oop [232]=Oop [296]=Oop [312]=Oop [320]=Oop }
                      ;*synchronization entry
                      ; - kotlin.jvm.internal.Intrinsics::sanitizeStackTrace@-1 (line 253)
                      ; - kotlin.jvm.internal.Intrinsics::throwParameterIsNullNPE@11 (line 140)
                      ; - kotlin.jvm.internal.Intrinsics::checkNotNullParameter@5 (line 131)
                      ; - kotlin.Result$Failure::<init>@3
                      ; - kotlin.ResultKt::createFailure@11 (line 122)
                      ; - kotlinx.coroutines.DispatchedTask::run@250 (line 220)
  0x00007f0ce1ca3934: 07e9 93ef 

  0x00007f0ce1ca3938: ;   {metadata({method} {0x00007f0cbc016a88} 'getName' '()Ljava/lang/String;' in 'java/lang/Class')}
  0x00007f0ce1ca3938: ffff 49ba | 886a 01bc | 0c7f 0000 | 4c89 5424 | 0848 c704 | 24ff ffff 

  0x00007f0ce1ca3950: ;   {runtime_call C1 Runtime counter_overflow_blob}
  0x00007f0ce1ca3950: ffe8 8a04 

  0x00007f0ce1ca3954: ; ImmutableOopMap {rsi=Oop [176]=Oop [208]=Oop [216]=Oop [224]=Oop [232]=Oop [296]=Oop [312]=Oop [320]=Oop }
                      ;*synchronization entry
                      ; - java.lang.Class::getName@-1
                      ; - kotlin.jvm.internal.Intrinsics::sanitizeStackTrace@3 (line 253)
                      ; - kotlin.jvm.internal.Intrinsics::throwParameterIsNullNPE@11 (line 140)
                      ; - kotlin.jvm.internal.Intrinsics::checkNotNullParameter@5 (line 131)
                      ; - kotlin.Result$Failure::<init>@3
                      ; - kotlin.ResultKt::createFailure@11 (line 122)
                      ; - kotlinx.coroutines.DispatchedTask::run@250 (line 220)
  0x00007f0ce1ca3954: 3b07 e929 

  0x00007f0ce1ca3958: ;   {metadata({method} {0x00007f0cbc0005d0} '<init>' '()V' in 'java/lang/Object')}
  0x00007f0ce1ca3958: f0ff ff49 | bad0 0500 | bc0c 7f00 | 004c 8954 | 2408 48c7 | 0424 ffff 

  0x00007f0ce1ca3970: ;   {runtime_call C1 Runtime counter_overflow_blob}
  0x00007f0ce1ca3970: ffff e869 

  0x00007f0ce1ca3974: ; ImmutableOopMap {rbx=Oop rax=Oop [176]=Oop [208]=Oop [216]=Oop [224]=Oop [232]=Oop [296]=Oop [320]=Oop }
                      ;*synchronization entry
                      ; - java.lang.Object::<init>@-1
                      ; - kotlin.Result$Failure::<init>@7 (line 105)
                      ; - kotlin.ResultKt::createFailure@11 (line 122)
                      ; - kotlinx.coroutines.DispatchedTask::run@250 (line 220)
  0x00007f0ce1ca3974: 043b 07e9 | ccf0 ffff | 8b50 0c48 | c1e2 0348 | 83fa 000f | 84c8 f0ff | ff48 8914 

  0x00007f0ce1ca3990: ;   {runtime_call g1_pre_barrier_slow}
  0x00007f0ce1ca3990: 24e8 4a0a | 3b07 e9ba | f0ff ff48 | 83fb 000f | 84cf f0ff | ff48 8904 

  0x00007f0ce1ca39a8: ;   {runtime_call g1_post_barrier_slow}
  0x00007f0ce1ca39a8: 24e8 320d | 3b07 e9c1 

  0x00007f0ce1ca39b0: ;   {metadata({method} {0x00007f0cbcd6b6d0} 'constructor-impl' '(Ljava/lang/Object;)Ljava/lang/Object;' in 'kotlin/Result')}
  0x00007f0ce1ca39b0: f0ff ff49 | bad0 b6d6 | bc0c 7f00 | 004c 8954 | 2408 48c7 | 0424 ffff 

  0x00007f0ce1ca39c8: ;   {runtime_call C1 Runtime counter_overflow_blob}
  0x00007f0ce1ca39c8: ffff e811 

  0x00007f0ce1ca39cc: ; ImmutableOopMap {rax=Oop [176]=Oop [208]=Oop [216]=Oop [224]=Oop [232]=Oop [320]=Oop }
                      ;*synchronization entry
                      ; - kotlin.Result::constructor-impl@-1
                      ; - kotlinx.coroutines.DispatchedTask::run@253 (line 220)
  0x00007f0ce1ca39cc: 043b 07e9 | d9f0 ffff 

  0x00007f0ce1ca39d4: ;   {runtime_call C1 Runtime throw_null_pointer_exception_blob}
  0x00007f0ce1ca39d4: e807 b23a 

  0x00007f0ce1ca39d8: ; ImmutableOopMap {rax=Oop [176]=Oop [216]=Oop [224]=Oop }
                      ;*invokevirtual clearThreadContext {reexecute=0 rethrow=0 return_oop=0}
                      ; - kotlinx.coroutines.DispatchedTask::run@323 (line 224)
                      ;   {internal_word}
  0x00007f0ce1ca39d8: 0749 bac4 | 2cca e10c | 7f00 004d | 8997 3805 

  0x00007f0ce1ca39e8: ;   {runtime_call SafepointBlob}
  0x00007f0ce1ca39e8: 0000 e971 | 2e2e 0748 

  0x00007f0ce1ca39f0: ;   {runtime_call C1 Runtime throw_class_cast_exception_blob}
  0x00007f0ce1ca39f0: 8904 24e8 

  0x00007f0ce1ca39f4: ; ImmutableOopMap {rsi=Oop [176]=Oop [208]=Oop [216]=Oop [224]=Oop [232]=Oop [296]=Oop [320]=Oop }
                      ;*checkcast {reexecute=0 rethrow=0 return_oop=0}
                      ; - kotlin.jvm.internal.Intrinsics::throwParameterIsNullNPE@14 (line 140)
                      ; - kotlin.jvm.internal.Intrinsics::checkNotNullParameter@5 (line 131)
                      ; - kotlin.Result$Failure::<init>@3
                      ; - kotlin.ResultKt::createFailure@11 (line 122)
                      ; - kotlinx.coroutines.DispatchedTask::run@250 (line 220)
  0x00007f0ce1ca39f4: e8d5 3a07 

  0x00007f0ce1ca39f8: ;   {runtime_call C1 Runtime throw_null_pointer_exception_blob}
  0x00007f0ce1ca39f8: e8e3 b13a 

  0x00007f0ce1ca39fc: ; ImmutableOopMap {rsi=Oop rax=Oop [176]=Oop [208]=Oop [216]=Oop [224]=Oop [232]=Oop [296]=Oop [320]=Oop }
                      ;*athrow {reexecute=1 rethrow=0 return_oop=0}
                      ; - (reexecute) kotlin.jvm.internal.Intrinsics::throwParameterIsNullNPE@17 (line 140)
                      ; - kotlin.jvm.internal.Intrinsics::checkNotNullParameter@5 (line 131)
                      ; - kotlin.Result$Failure::<init>@3
                      ; - kotlin.ResultKt::createFailure@11 (line 122)
                      ; - kotlinx.coroutines.DispatchedTask::run@250 (line 220)
  0x00007f0ce1ca39fc: 0748 8904 

  0x00007f0ce1ca3a00: ;   {runtime_call C1 Runtime throw_class_cast_exception_blob}
  0x00007f0ce1ca3a00: 24e8 dad5 

  0x00007f0ce1ca3a04: ; ImmutableOopMap {rsi=Oop [176]=Oop [208]=Oop [216]=Oop [224]=Oop [232]=Oop [296]=Oop }
                      ;*checkcast {reexecute=0 rethrow=0 return_oop=0}
                      ; - kotlin.jvm.internal.Intrinsics::throwParameterIsNullNPE@14 (line 140)
                      ; - kotlin.jvm.internal.Intrinsics::checkNotNullParameter@5 (line 131)
                      ; - kotlin.ResultKt::createFailure@3
                      ; - kotlinx.coroutines.DispatchedTask::run@250 (line 220)
                      ;   {runtime_call C1 Runtime throw_null_pointer_exception_blob}
  0x00007f0ce1ca3a04: 3a07 e8d5 

  0x00007f0ce1ca3a08: ; ImmutableOopMap {rsi=Oop rax=Oop [176]=Oop [208]=Oop [216]=Oop [224]=Oop [232]=Oop [296]=Oop }
                      ;*athrow {reexecute=1 rethrow=0 return_oop=0}
                      ; - (reexecute) kotlin.jvm.internal.Intrinsics::throwParameterIsNullNPE@17 (line 140)
                      ; - kotlin.jvm.internal.Intrinsics::checkNotNullParameter@5 (line 131)
                      ; - kotlin.ResultKt::createFailure@3
                      ; - kotlinx.coroutines.DispatchedTask::run@250 (line 220)
  0x00007f0ce1ca3a08: b13a 0748 

  0x00007f0ce1ca3a0c: ;   {runtime_call C1 Runtime throw_class_cast_exception_blob}
  0x00007f0ce1ca3a0c: 8904 24e8 

  0x00007f0ce1ca3a10: ; ImmutableOopMap {rsi=Oop [176]=Oop [208]=Oop [216]=Oop [224]=Oop [232]=Oop [256]=Oop [288]=Oop }
                      ;*checkcast {reexecute=0 rethrow=0 return_oop=0}
                      ; - kotlin.jvm.internal.Intrinsics::throwParameterIsNullNPE@14 (line 140)
                      ; - kotlin.jvm.internal.Intrinsics::checkNotNullParameter@5 (line 131)
                      ; - kotlin.Result$Failure::<init>@3
                      ; - kotlin.ResultKt::createFailure@11 (line 122)
                      ; - kotlinx.coroutines.DispatchedTask::run@277 (line 99)
  0x00007f0ce1ca3a10: ccd5 3a07 

  0x00007f0ce1ca3a14: ;   {runtime_call C1 Runtime throw_null_pointer_exception_blob}
  0x00007f0ce1ca3a14: e8c7 b13a 

  0x00007f0ce1ca3a18: ; ImmutableOopMap {rsi=Oop rax=Oop [176]=Oop [208]=Oop [216]=Oop [224]=Oop [232]=Oop [256]=Oop [288]=Oop }
                      ;*athrow {reexecute=1 rethrow=0 return_oop=0}
                      ; - (reexecute) kotlin.jvm.internal.Intrinsics::throwParameterIsNullNPE@17 (line 140)
                      ; - kotlin.jvm.internal.Intrinsics::checkNotNullParameter@5 (line 131)
                      ; - kotlin.Result$Failure::<init>@3
                      ; - kotlin.ResultKt::createFailure@11 (line 122)
                      ; - kotlinx.coroutines.DispatchedTask::run@277 (line 99)
  0x00007f0ce1ca3a18: 0748 8904 

  0x00007f0ce1ca3a1c: ;   {runtime_call C1 Runtime throw_class_cast_exception_blob}
  0x00007f0ce1ca3a1c: 24e8 bed5 

  0x00007f0ce1ca3a20: ; ImmutableOopMap {rsi=Oop rdi=Oop [176]=Oop [216]=Oop [224]=Oop [232]=Oop [256]=Oop }
                      ;*checkcast {reexecute=0 rethrow=0 return_oop=0}
                      ; - kotlin.jvm.internal.Intrinsics::throwParameterIsNullNPE@14 (line 140)
                      ; - kotlin.jvm.internal.Intrinsics::checkNotNullParameter@5 (line 131)
                      ; - kotlin.ResultKt::createFailure@3
                      ; - kotlinx.coroutines.DispatchedTask::run@277 (line 99)
                      ;   {runtime_call C1 Runtime throw_null_pointer_exception_blob}
  0x00007f0ce1ca3a20: 3a07 e8b9 

  0x00007f0ce1ca3a24: ; ImmutableOopMap {rsi=Oop rdi=Oop rax=Oop [176]=Oop [216]=Oop [224]=Oop [232]=Oop [256]=Oop }
                      ;*athrow {reexecute=1 rethrow=0 return_oop=0}
                      ; - (reexecute) kotlin.jvm.internal.Intrinsics::throwParameterIsNullNPE@17 (line 140)
                      ; - kotlin.jvm.internal.Intrinsics::checkNotNullParameter@5 (line 131)
                      ; - kotlin.ResultKt::createFailure@3
                      ; - kotlinx.coroutines.DispatchedTask::run@277 (line 99)
                      ;   {runtime_call C1 Runtime throw_null_pointer_exception_blob}
  0x00007f0ce1ca3a24: b13a 07e8 

  0x00007f0ce1ca3a28: ; ImmutableOopMap {rsi=Oop [176]=Oop [216]=Oop [224]=Oop [328]=Oop }
                      ;*invokevirtual clearThreadContext {reexecute=0 rethrow=0 return_oop=0}
                      ; - kotlinx.coroutines.DispatchedTask::run@348 (line 224)
  0x00007f0ce1ca3a28: b4b1 3a07 | 4889 0424 

  0x00007f0ce1ca3a30: ;   {runtime_call C1 Runtime throw_class_cast_exception_blob}
  0x00007f0ce1ca3a30: e8ab d53a 

  0x00007f0ce1ca3a34: ; ImmutableOopMap {rsi=Oop [176]=Oop [184]=Oop }
                      ;*checkcast {reexecute=0 rethrow=0 return_oop=0}
                      ; - kotlin.jvm.internal.Intrinsics::throwJavaNpe@11 (line 50)
                      ; - kotlin.jvm.internal.Intrinsics::checkNotNull@5 (line 31)
                      ; - kotlinx.coroutines.DispatchedTask::run@42 (line 81)
                      ;   {runtime_call C1 Runtime throw_null_pointer_exception_blob}
  0x00007f0ce1ca3a34: 07e8 a6b1 

  0x00007f0ce1ca3a38: ; ImmutableOopMap {rsi=Oop rax=Oop [176]=Oop [184]=Oop }
                      ;*athrow {reexecute=1 rethrow=0 return_oop=0}
                      ; - (reexecute) kotlin.jvm.internal.Intrinsics::throwJavaNpe@14 (line 50)
                      ; - kotlin.jvm.internal.Intrinsics::checkNotNull@5 (line 31)
                      ; - kotlinx.coroutines.DispatchedTask::run@42 (line 81)
                      ;   {internal_word}
  0x00007f0ce1ca3a38: 3a07 49ba | fc33 cae1 | 0c7f 0000 | 4d89 9738 

  0x00007f0ce1ca3a48: ;   {runtime_call SafepointBlob}
  0x00007f0ce1ca3a48: 0500 00e9 | 102e 2e07 | 498b 87e0 | 0500 0049 | c787 e005 | 0000 0000 | 0000 49c7 | 87e8 0500 
  0x00007f0ce1ca3a68: 0000 0000 | 0048 81c4 | 6001 0000 

  0x00007f0ce1ca3a74: ;   {runtime_call C1 Runtime unwind_exception_blob}
  0x00007f0ce1ca3a74: 5de9 66a2 | 3a07 f4f4 | f4f4 f4f4 
[Stub Code]
  0x00007f0ce1ca3a80: ;   {other}
  0x00007f0ce1ca3a80: 0f1f 4400 

  0x00007f0ce1ca3a84: ;   {static_stub}
  0x00007f0ce1ca3a84: 0048 bb00 | 0000 0000 

  0x00007f0ce1ca3a8c: ;   {runtime_call nmethod}
  0x00007f0ce1ca3a8c: 0000 00e9 | fbff ffff 

  0x00007f0ce1ca3a94: ;   {static_stub}
  0x00007f0ce1ca3a94: 9048 bb00 | 0000 0000 

  0x00007f0ce1ca3a9c: ;   {runtime_call nmethod}
  0x00007f0ce1ca3a9c: 0000 00e9 | fbff ffff 

  0x00007f0ce1ca3aa4: ;   {static_stub}
  0x00007f0ce1ca3aa4: 9048 bb00 | 0000 0000 

  0x00007f0ce1ca3aac: ;   {runtime_call nmethod}
  0x00007f0ce1ca3aac: 0000 00e9 | fbff ffff 

  0x00007f0ce1ca3ab4: ;   {static_stub}
  0x00007f0ce1ca3ab4: 9048 bb00 | 0000 0000 

  0x00007f0ce1ca3abc: ;   {runtime_call nmethod}
  0x00007f0ce1ca3abc: 0000 00e9 | fbff ffff 

  0x00007f0ce1ca3ac4: ;   {static_stub}
  0x00007f0ce1ca3ac4: 9048 bb00 | 0000 0000 

  0x00007f0ce1ca3acc: ;   {runtime_call nmethod}
  0x00007f0ce1ca3acc: 0000 00e9 | fbff ffff 

  0x00007f0ce1ca3ad4: ;   {static_stub}
  0x00007f0ce1ca3ad4: 9048 bb00 | 0000 0000 

  0x00007f0ce1ca3adc: ;   {runtime_call nmethod}
  0x00007f0ce1ca3adc: 0000 00e9 | fbff ffff 

  0x00007f0ce1ca3ae4: ;   {static_stub}
  0x00007f0ce1ca3ae4: 9048 bb00 | 0000 0000 

  0x00007f0ce1ca3aec: ;   {runtime_call nmethod}
  0x00007f0ce1ca3aec: 0000 00e9 | fbff ffff 

  0x00007f0ce1ca3af4: ;   {static_stub}
  0x00007f0ce1ca3af4: 9048 bb00 | 0000 0000 

  0x00007f0ce1ca3afc: ;   {runtime_call nmethod}
  0x00007f0ce1ca3afc: 0000 00e9 | fbff ffff 

  0x00007f0ce1ca3b04: ;   {static_stub}
  0x00007f0ce1ca3b04: 9048 bb00 | 0000 0000 

  0x00007f0ce1ca3b0c: ;   {runtime_call nmethod}
  0x00007f0ce1ca3b0c: 0000 00e9 | fbff ffff 

  0x00007f0ce1ca3b14: ;   {static_stub}
  0x00007f0ce1ca3b14: 9048 bb00 | 0000 0000 

  0x00007f0ce1ca3b1c: ;   {runtime_call nmethod}
  0x00007f0ce1ca3b1c: 0000 00e9 | fbff ffff 

  0x00007f0ce1ca3b24: ;   {static_stub}
  0x00007f0ce1ca3b24: 9048 bb00 | 0000 0000 

  0x00007f0ce1ca3b2c: ;   {runtime_call nmethod}
  0x00007f0ce1ca3b2c: 0000 00e9 | fbff ffff 

  0x00007f0ce1ca3b34: ;   {static_stub}
  0x00007f0ce1ca3b34: 9048 bb00 | 0000 0000 

  0x00007f0ce1ca3b3c: ;   {runtime_call nmethod}
  0x00007f0ce1ca3b3c: 0000 00e9 | fbff ffff 

  0x00007f0ce1ca3b44: ;   {static_stub}
  0x00007f0ce1ca3b44: 9048 bb00 | 0000 0000 

  0x00007f0ce1ca3b4c: ;   {runtime_call nmethod}
  0x00007f0ce1ca3b4c: 0000 00e9 | fbff ffff 

  0x00007f0ce1ca3b54: ;   {static_stub}
  0x00007f0ce1ca3b54: 48bb 0000 | 0000 0000 

  0x00007f0ce1ca3b5c: ;   {runtime_call nmethod}
  0x00007f0ce1ca3b5c: 0000 e9fb 

  0x00007f0ce1ca3b60: ;   {static_stub}
  0x00007f0ce1ca3b60: ffff ff48 | bb00 0000 | 0000 0000 

  0x00007f0ce1ca3b6c: ;   {runtime_call nmethod}
  0x00007f0ce1ca3b6c: 00e9 fbff 

  0x00007f0ce1ca3b70: ;   {static_stub}
  0x00007f0ce1ca3b70: ffff 48bb | 0000 0000 | 0000 0000 

  0x00007f0ce1ca3b7c: ;   {runtime_call nmethod}
  0x00007f0ce1ca3b7c: e9fb ffff 

  0x00007f0ce1ca3b80: ;   {static_stub}
  0x00007f0ce1ca3b80: ff48 bb60 | 8cd6 bc0c 

  0x00007f0ce1ca3b88: ;   {runtime_call I2C/C2I adapters}
  0x00007f0ce1ca3b88: 7f00 00e9 | a67e 2e07 

  0x00007f0ce1ca3b90: ;   {static_stub}
  0x00007f0ce1ca3b90: 48bb 0000 | 0000 0000 

  0x00007f0ce1ca3b98: ;   {runtime_call nmethod}
  0x00007f0ce1ca3b98: 0000 e9fb 

  0x00007f0ce1ca3b9c: ;   {static_stub}
  0x00007f0ce1ca3b9c: ffff ff48 | bb00 0000 | 0000 0000 

  0x00007f0ce1ca3ba8: ;   {runtime_call nmethod}
  0x00007f0ce1ca3ba8: 00e9 fbff 

  0x00007f0ce1ca3bac: ;   {static_stub}
  0x00007f0ce1ca3bac: ffff 48bb | 0000 0000 | 0000 0000 

  0x00007f0ce1ca3bb8: ;   {runtime_call nmethod}
  0x00007f0ce1ca3bb8: e9fb ffff 

  0x00007f0ce1ca3bbc: ;   {static_stub}
  0x00007f0ce1ca3bbc: ff48 bb00 | 0000 0000 

  0x00007f0ce1ca3bc4: ;   {runtime_call nmethod}
  0x00007f0ce1ca3bc4: 0000 00e9 | fbff ffff 

  0x00007f0ce1ca3bcc: ;   {static_stub}
  0x00007f0ce1ca3bcc: 48bb 0000 | 0000 0000 

  0x00007f0ce1ca3bd4: ;   {runtime_call nmethod}
  0x00007f0ce1ca3bd4: 0000 e9fb 

  0x00007f0ce1ca3bd8: ;   {runtime_call C1 Runtime handle_exception_from_callee_blob}
  0x00007f0ce1ca3bd8: ffff ffe8 | 00ce 3a07 

  0x00007f0ce1ca3be0: ;   {external_word}
  0x00007f0ce1ca3be0: 48bf 3c97 | 57fb 0c7f | 0000 4883 

  0x00007f0ce1ca3bec: ;   {runtime_call MacroAssembler::debug64(char*, long, long*)}
  0x00007f0ce1ca3bec: e4f0 e8cd | 892a 19f4 
[Deopt Handler Code]
  0x00007f0ce1ca3bf4: ;   {section_word}
  0x00007f0ce1ca3bf4: 49ba f43b | cae1 0c7f | 0000 4152 

  0x00007f0ce1ca3c00: ;   {runtime_call DeoptimizationBlob}
  0x00007f0ce1ca3c00: e95b 2f2e | 07f4 f4f4 
[/MachCode]


Compiled method (c1) 18467 2260   !   3       java.awt.event.InvocationEvent::dispatch (69 bytes)
 total in heap  [0x00007f0ce1cbb388,0x00007f0ce1cbba98] = 1808
 main code      [0x00007f0ce1cbb480,0x00007f0ce1cbba38] = 1464
 stub code      [0x00007f0ce1cbba38,0x00007f0ce1cbba98] = 96
 mutable data [0x00007f0c94274a50,0x00007f0c94274ae8] = 152
 relocation     [0x00007f0c94274a50,0x00007f0c94274ae0] = 144
 metadata       [0x00007f0c94274ae0,0x00007f0c94274ae8] = 8
 immutable data [0x00007f0c942748a0,0x00007f0c94274a48] = 424
 dependencies   [0x00007f0c942748a0,0x00007f0c942748a8] = 8
 nul chk table  [0x00007f0c942748a8,0x00007f0c942748c0] = 24
 handler table  [0x00007f0c942748c0,0x00007f0c94274950] = 144
 scopes pcs     [0x00007f0c94274950,0x00007f0c942749f0] = 160
 scopes data    [0x00007f0c942749f0,0x00007f0c94274a48] = 88

[Constant Pool (empty)]

[MachCode]
[Instructions begin]
  0x00007f0ce1cbb480: 6666 660f | 1f84 0000 | 0000 0066 | 6666 9066 | 6690 448b | 5608 443b 

  0x00007f0ce1cbb498: ;   {runtime_call Shared Runtime ic_miss_blob}
  0x00007f0ce1cbb498: 5008 0f85 | 408f 2c07 
[Verified Entry Point]
  0x00007f0ce1cbb4a0: 8984 2400 | c0fe ff55 | 4883 ec30 | 4181 7f20 | 0500 0000 

  0x00007f0ce1cbb4b4: ;   {runtime_call Stub::method_entry_barrier}
  0x00007f0ce1cbb4b4: 7405 e885 | 0a2b 0748 | 8974 2418 

  0x00007f0ce1cbb4c0: ;   {metadata(method data for {method} {0x00007f0cbcc6ee98} 'dispatch' '()V' in 'java/awt/event/InvocationEvent')}
  0x00007f0ce1cbb4c0: 48bf c8f2 | fbbd 0c7f | 0000 8b9f | 9000 0000 | 83c3 0289 | 9f90 0000 | 0081 e3fe | 0700 0085 
  0x00007f0ce1cbb4e0: db0f 846f | 0400 000f | be7e 1d85 

  0x00007f0ce1cbb4ec: ;   {metadata(method data for {method} {0x00007f0cbcc6ee98} 'dispatch' '()V' in 'java/awt/event/InvocationEvent')}
  0x00007f0ce1cbb4ec: ff48 bfc8 | f2fb bd0c | 7f00 00bb | d800 0000 | 7405 bbe8 | 0000 0048 | 8b04 1f48 | 8d40 0148 
  0x00007f0ce1cbb50c: 8904 1f0f | 84c9 0000 | 008b 7e28 | 48c1 e703 

  0x00007f0ce1cbb51c: ; implicit exception: dispatches to 0x00007f0ce1cbb977
  0x00007f0ce1cbb51c: 483b 0748 

  0x00007f0ce1cbb520: ;   {metadata(method data for {method} {0x00007f0cbcc6ee98} 'dispatch' '()V' in 'java/awt/event/InvocationEvent')}
  0x00007f0ce1cbb520: 8bdf 48b8 | c8f2 fbbd | 0c7f 0000 | 8b5b 0848 | 3b98 0001 | 0000 750d | 4883 8008 | 0100 0001 
  0x00007f0ce1cbb540: e960 0000 | 0048 3b98 | 1001 0000 | 750d 4883 | 8018 0100 | 0001 e94a | 0000 0048 | 83b8 0001 
  0x00007f0ce1cbb560: 0000 0075 | 1748 8998 | 0001 0000 | 48c7 8008 | 0100 0001 | 0000 00e9 | 2900 0000 | 4883 b810 
  0x00007f0ce1cbb580: 0100 0000 | 7517 4889 | 9810 0100 | 0048 c780 | 1801 0000 | 0100 0000 | e908 0000 | 0048 8380 
  0x00007f0ce1cbb5a0: f800 0000 | 0148 8bf7 | 0f1f 4400 | 0048 b8d0 | 4b27 940c 

  0x00007f0ce1cbb5b4: ;   {virtual_call}
  0x00007f0ce1cbb5b4: 7f00 00e8 

  0x00007f0ce1cbb5b8: ; ImmutableOopMap {[24]=Oop }
                      ;*invokeinterface run {reexecute=0 rethrow=0 return_oop=0}
                      ; - java.awt.event.InvocationEvent::dispatch@11
  0x00007f0ce1cbb5b8: 2494 2c07 

  0x00007f0ce1cbb5bc: ;   {post_call_nop}
  0x00007f0ce1cbb5bc: 0f1f 8400 | 3402 0000 

  0x00007f0ce1cbb5c4: ;   {metadata(method data for {method} {0x00007f0cbcc6ee98} 'dispatch' '()V' in 'java/awt/event/InvocationEvent')}
  0x00007f0ce1cbb5c4: 48be c8f2 | fbbd 0c7f | 0000 ff86 | 2801 0000 | 488b 7424 | 18e9 d702 | 0000 8b7e | 2848 c1e7 
  0x00007f0ce1cbb5e4: 0348 3b07 

  0x00007f0ce1cbb5e8: ;   {metadata(method data for {method} {0x00007f0cbcc6ee98} 'dispatch' '()V' in 'java/awt/event/InvocationEvent')}
  0x00007f0ce1cbb5e8: 488b df48 | b8c8 f2fb | bd0c 7f00 | 008b 5b08 | 483b 98e0 | 0100 0075 | 0d48 8380 | e801 0000 
  0x00007f0ce1cbb608: 01e9 6000 | 0000 483b | 98f0 0100 | 0075 0d48 | 8380 f801 | 0000 01e9 | 4a00 0000 | 4883 b8e0 
  0x00007f0ce1cbb628: 0100 0000 | 7517 4889 | 98e0 0100 | 0048 c780 | e801 0000 | 0100 0000 | e929 0000 | 0048 83b8 
  0x00007f0ce1cbb648: f001 0000 | 0075 1748 | 8998 f001 | 0000 48c7 | 80f8 0100 | 0001 0000 | 00e9 0800 | 0000 4883 
  0x00007f0ce1cbb668: 80d8 0100 | 0001 488b | f70f 1f40 | 0048 b8f8 | 4b27 940c 

  0x00007f0ce1cbb67c: ;   {virtual_call}
  0x00007f0ce1cbb67c: 7f00 00e8 

  0x00007f0ce1cbb680: ; ImmutableOopMap {[24]=Oop }
                      ;*invokeinterface run {reexecute=0 rethrow=0 return_oop=0}
                      ; - java.awt.event.InvocationEvent::dispatch@47
  0x00007f0ce1cbb680: dc1d 3a07 

  0x00007f0ce1cbb684: ;   {post_call_nop}
  0x00007f0ce1cbb684: 0f1f 8400 | fc02 0001 | 488b 7424 | 18e9 1f02 | 0000 498b | 87e0 0500 | 004d 33d2 | 4d89 97e0 
  0x00007f0ce1cbb6a4: 0500 004d | 33d2 4d89 | 97e8 0500 | 0048 85c0 

  0x00007f0ce1cbb6b4: ;   {metadata(method data for {method} {0x00007f0cbcc6ee98} 'dispatch' '()V' in 'java/awt/event/InvocationEvent')}
  0x00007f0ce1cbb6b4: 48bf c8f2 | fbbd 0c7f | 0000 750c | 808f 3901 | 0000 01e9 | 9500 0000 | 8b58 0848 | 3b9f 4801 
  0x00007f0ce1cbb6d4: 0000 750d | 4883 8750 | 0100 0001 | e960 0000 | 0048 3b9f | 5801 0000 | 750d 4883 | 8760 0100 
  0x00007f0ce1cbb6f4: 0001 e94a | 0000 0048 | 83bf 4801 | 0000 0075 | 1748 899f | 4801 0000 | 48c7 8750 | 0100 0001 
  0x00007f0ce1cbb714: 0000 00e9 | 2900 0000 | 4883 bf58 | 0100 0000 | 7517 4889 | 9f58 0100 | 0048 c787 | 6001 0000 
  0x00007f0ce1cbb734: 0100 0000 | e908 0000 | 0048 8387 | 4001 0000 

  0x00007f0ce1cbb744: ;   {metadata('java/lang/Exception')}
  0x00007f0ce1cbb744: 0148 bbf8 | 3900 b800 | 0000 008b | 7808 483b | 5f40 0f85 | 0500 0000 | e905 0000 | 0048 33d2 
  0x00007f0ce1cbb764: eb05 ba01 | 0000 0085 

  0x00007f0ce1cbb76c: ;   {metadata(method data for {method} {0x00007f0cbcc6ee98} 'dispatch' '()V' in 'java/awt/event/InvocationEvent')}
  0x00007f0ce1cbb76c: d248 bac8 | f2fb bd0c | 7f00 00be | 7001 0000 | 7405 be80 | 0100 0048 | 8b3c 3248 | 8d7f 0148 
  0x00007f0ce1cbb78c: 893c 3248 | 8b74 2418 | 0f84 df00 | 0000 4885 

  0x00007f0ce1cbb79c: ;   {metadata(method data for {method} {0x00007f0cbcc6ee98} 'dispatch' '()V' in 'java/awt/event/InvocationEvent')}
  0x00007f0ce1cbb79c: c048 bbc8 | f2fb bd0c | 7f00 0075 | 0c80 8b89 | 0100 0001 | e995 0000 | 008b 4808 | 483b 8b98 
  0x00007f0ce1cbb7bc: 0100 0075 | 0d48 8383 | a001 0000 | 01e9 6000 | 0000 483b | 8ba8 0100 | 0075 0d48 | 8383 b001 
  0x00007f0ce1cbb7dc: 0000 01e9 | 4a00 0000 | 4883 bb98 | 0100 0000 | 7517 4889 | 8b98 0100 | 0048 c783 | a001 0000 
  0x00007f0ce1cbb7fc: 0100 0000 | e929 0000 | 0048 83bb | a801 0000 | 0075 1748 | 898b a801 | 0000 48c7 | 83b0 0100 
  0x00007f0ce1cbb81c: 0001 0000 | 00e9 0800 | 0000 4883 | 8390 0100 

  0x00007f0ce1cbb82c: ;   {metadata('java/lang/Exception')}
  0x00007f0ce1cbb82c: 0001 48b9 | f839 00b8 | 0000 0000 | 8b58 0848 | 3b4b 400f | 853c 0100 | 00e9 0000 | 0000 488b 
  0x00007f0ce1cbb84c: d041 0fbe | 7f48 85ff | 0f85 3001 | 0000 4c8b | d249 c1ea | 0344 8956 | 3448 8bfe | 4833 fa48 
  0x00007f0ce1cbb86c: c1ef 1548 | 83ff 000f | 8530 0100 | 0041 0fbe | 5748 85d2 | 0f85 3b01 | 0000 4c8b | d049 c1ea 
  0x00007f0ce1cbb88c: 0344 8956 | 3848 8bd6 | 4833 d048 | c1ea 1548 | 83fa 000f | 853b 0100 

  0x00007f0ce1cbb8a4: ;   {metadata(method data for {method} {0x00007f0cbcc6ee98} 'dispatch' '()V' in 'java/awt/event/InvocationEvent')}
  0x00007f0ce1cbb8a4: 0048 bac8 | f2fb bd0c | 7f00 00ff | 82c0 0100 | 0048 8bd6 

  0x00007f0ce1cbb8b8: ;   {metadata(method data for {method} {0x00007f0cbcc6ee98} 'dispatch' '()V' in 'java/awt/event/InvocationEvent')}
  0x00007f0ce1cbb8b8: 48bf c8f2 | fbbd 0c7f | 0000 4883 | 8708 0200 | 0001 ba01 

  0x00007f0ce1cbb8cc: ;   {optimized virtual_call}
  0x00007f0ce1cbb8cc: 0000 00e8 

  0x00007f0ce1cbb8d0: ; ImmutableOopMap {}
                      ;*invokevirtual finishedDispatching {reexecute=0 rethrow=0 return_oop=0}
                      ; - java.awt.event.InvocationEvent::dispatch@54
  0x00007f0ce1cbb8d0: 4c03 0000 

  0x00007f0ce1cbb8d4: ;   {post_call_nop}
  0x00007f0ce1cbb8d4: 0f1f 8400 | 4c05 0002 

  0x00007f0ce1cbb8dc: ;   {metadata(method data for {method} {0x00007f0cbcc6ee98} 'dispatch' '()V' in 'java/awt/event/InvocationEvent')}
  0x00007f0ce1cbb8dc: 48b8 c8f2 | fbbd 0c7f | 0000 ff80 | 3802 0000 | 4883 c430 

  0x00007f0ce1cbb8f0: ;   {poll_return}
  0x00007f0ce1cbb8f0: 5d49 3b67 | 280f 87fd | 0000 00c3 | 488b 7424 | 1849 8b87 | e005 0000 | 4d33 d24d | 8997 e005 
  0x00007f0ce1cbb910: 0000 4d33 | d24d 8997 | e805 0000 

  0x00007f0ce1cbb91c: ;   {metadata(method data for {method} {0x00007f0cbcc6ee98} 'dispatch' '()V' in 'java/awt/event/InvocationEvent')}
  0x00007f0ce1cbb91c: 488b d648 | bfc8 f2fb | bd0c 7f00 | 0048 8387 | 5002 0000 | 01ba 0100 | 0000 4889 | 4424 200f 
  0x00007f0ce1cbb93c: ;   {optimized virtual_call}
  0x00007f0ce1cbb93c: 1f40 00e8 

  0x00007f0ce1cbb940: ; ImmutableOopMap {[32]=Oop }
                      ;*invokevirtual finishedDispatching {reexecute=0 rethrow=0 return_oop=0}
                      ; - java.awt.event.InvocationEvent::dispatch@63
  0x00007f0ce1cbb940: 9c8d 2c07 

  0x00007f0ce1cbb944: ;   {post_call_nop}
  0x00007f0ce1cbb944: 0f1f 8400 | bc05 0003 | 488b 4424 | 20e9 d500 

  0x00007f0ce1cbb954: ;   {metadata({method} {0x00007f0cbcc6ee98} 'dispatch' '()V' in 'java/awt/event/InvocationEvent')}
  0x00007f0ce1cbb954: 0000 49ba | 98ee c6bc | 0c7f 0000 | 4c89 5424 | 0848 c704 | 24ff ffff 

  0x00007f0ce1cbb96c: ;   {runtime_call C1 Runtime counter_overflow_blob}
  0x00007f0ce1cbb96c: ffe8 6e84 

  0x00007f0ce1cbb970: ; ImmutableOopMap {rsi=Oop [24]=Oop }
                      ;*synchronization entry
                      ; - java.awt.event.InvocationEvent::dispatch@-1
  0x00007f0ce1cbb970: 3907 e970 

  0x00007f0ce1cbb974: ;   {runtime_call C1 Runtime throw_null_pointer_exception_blob}
  0x00007f0ce1cbb974: fbff ffe8 

  0x00007f0ce1cbb978: ; ImmutableOopMap {rsi=Oop rdi=Oop [24]=Oop }
                      ;*invokeinterface run {reexecute=0 rethrow=0 return_oop=0}
                      ; - java.awt.event.InvocationEvent::dispatch@11
  0x00007f0ce1cbb978: 6432 3907 

  0x00007f0ce1cbb97c: ;   {runtime_call C1 Runtime throw_null_pointer_exception_blob}
  0x00007f0ce1cbb97c: e85f 3239 

  0x00007f0ce1cbb980: ; ImmutableOopMap {rsi=Oop rdi=Oop [24]=Oop }
                      ;*invokeinterface run {reexecute=0 rethrow=0 return_oop=0}
                      ; - java.awt.event.InvocationEvent::dispatch@47
  0x00007f0ce1cbb980: 0748 8904 

  0x00007f0ce1cbb984: ;   {runtime_call C1 Runtime throw_class_cast_exception_blob}
  0x00007f0ce1cbb984: 24e8 5656 

  0x00007f0ce1cbb988: ; ImmutableOopMap {rax=Oop rsi=Oop [24]=Oop }
                      ;*checkcast {reexecute=0 rethrow=0 return_oop=0}
                      ; - java.awt.event.InvocationEvent::dispatch@29
  0x00007f0ce1cbb988: 3907 8b7e | 3448 c1e7 | 0348 83ff | 000f 84bf | feff ff48 

  0x00007f0ce1cbb99c: ;   {runtime_call g1_pre_barrier_slow}
  0x00007f0ce1cbb99c: 893c 24e8 | 3c8a 3907 | e9b1 feff | ff48 83fa | 000f 84c6 | feff ff48 

  0x00007f0ce1cbb9b4: ;   {runtime_call g1_post_barrier_slow}
  0x00007f0ce1cbb9b4: 8934 24e8 | 248d 3907 | e9b8 feff | ff8b 5638 | 48c1 e203 | 4883 fa00 | 0f84 b4fe | ffff 4889 
  0x00007f0ce1cbb9d4: ;   {runtime_call g1_pre_barrier_slow}
  0x00007f0ce1cbb9d4: 1424 e805 | 8a39 07e9 | a6fe ffff | 4883 f800 | 0f84 bbfe | ffff 4889 

  0x00007f0ce1cbb9ec: ;   {runtime_call g1_post_barrier_slow}
  0x00007f0ce1cbb9ec: 3424 e8ed | 8c39 07e9 | adfe ffff 

  0x00007f0ce1cbb9f8: ;   {internal_word}
  0x00007f0ce1cbb9f8: 49ba f1b8 | cbe1 0c7f | 0000 4d89 | 9738 0500 

  0x00007f0ce1cbba08: ;   {runtime_call SafepointBlob}
  0x00007f0ce1cbba08: 00e9 52ae | 2c07 498b | 87e0 0500 | 0049 c787 | e005 0000 | 0000 0000 | 49c7 87e8 | 0500 0000 
  0x00007f0ce1cbba28: 0000 0048 | 83c4 305d 

  0x00007f0ce1cbba30: ;   {runtime_call C1 Runtime unwind_exception_blob}
  0x00007f0ce1cbba30: e9ab 2239 | 07f4 f4f4 
[Stub Code]
  0x00007f0ce1cbba38: ;   {other}
  0x00007f0ce1cbba38: 0f1f 4400 

  0x00007f0ce1cbba3c: ;   {static_stub}
  0x00007f0ce1cbba3c: 0048 bb00 | 0000 0000 

  0x00007f0ce1cbba44: ;   {runtime_call nmethod}
  0x00007f0ce1cbba44: 0000 00e9 | fbff ffff 

  0x00007f0ce1cbba4c: ;   {static_stub}
  0x00007f0ce1cbba4c: 9048 bb00 | 0000 0000 

  0x00007f0ce1cbba54: ;   {runtime_call nmethod}
  0x00007f0ce1cbba54: 0000 00e9 | fbff ffff 

  0x00007f0ce1cbba5c: ;   {static_stub}
  0x00007f0ce1cbba5c: 48bb 0000 | 0000 0000 

  0x00007f0ce1cbba64: ;   {runtime_call nmethod}
  0x00007f0ce1cbba64: 0000 e9fb 

  0x00007f0ce1cbba68: ;   {runtime_call C1 Runtime handle_exception_from_callee_blob}
  0x00007f0ce1cbba68: ffff ffe8 | 704f 3907 

  0x00007f0ce1cbba70: ;   {external_word}
  0x00007f0ce1cbba70: 48bf 3c97 | 57fb 0c7f | 0000 4883 

  0x00007f0ce1cbba7c: ;   {runtime_call MacroAssembler::debug64(char*, long, long*)}
  0x00007f0ce1cbba7c: e4f0 e83d | 0b29 19f4 
[Deopt Handler Code]
  0x00007f0ce1cbba84: ;   {section_word}
  0x00007f0ce1cbba84: 49ba 84ba | cbe1 0c7f | 0000 4152 

  0x00007f0ce1cbba90: ;   {runtime_call DeoptimizationBlob}
  0x00007f0ce1cbba90: e9cb b02c | 07f4 f4f4 
[/MachCode]


---------------  P R O C E S S  ---------------

Threads class SMR info:
_java_thread_list=0x00007f0c24000950, length=29, elements={
0x00007f0cf402caf0, 0x00007f0cf415e0c0, 0x00007f0cf415f870, 0x00007f0cf41612a0,
0x00007f0cf4162af0, 0x00007f0cf41642a0, 0x00007f0cf4165fd0, 0x00007f0cf41678f0,
0x00007f0cf41c2980, 0x00007f0cf41c8530, 0x00007f0cf44937f0, 0x00007f0cf44732a0,
0x00007f0cf45c7340, 0x00007f0cf46380a0, 0x00007f0cf474fab0, 0x00007f0cf4750540,
0x00007f0c74000f40, 0x00007f0cf47563b0, 0x00007f0c7400d1d0, 0x00007f0cf477c770,
0x00007f0cf477dc70, 0x00007f0c5c454ab0, 0x00007f0c5c86b830, 0x00007f0c04001b30,
0x00007f0c6c00abd0, 0x00007f0c6c00b480, 0x00007f0bec000f40, 0x00007f0c74124210,
0x00007f0c68017410
}

Java Threads: ( => current thread )
  0x00007f0cf402caf0 JavaThread "main"                              [_thread_blocked, id=14480, stack(0x00007f0cfa100000,0x00007f0cfa200000) (1024K)]
  0x00007f0cf415e0c0 JavaThread "Reference Handler"          daemon [_thread_blocked, id=14488, stack(0x00007f0cdc6fe000,0x00007f0cdc7fe000) (1024K)]
  0x00007f0cf415f870 JavaThread "Finalizer"                  daemon [_thread_blocked, id=14489, stack(0x00007f0cdc5fe000,0x00007f0cdc6fe000) (1024K)]
  0x00007f0cf41612a0 JavaThread "Signal Dispatcher"          daemon [_thread_blocked, id=14490, stack(0x00007f0cdc4fe000,0x00007f0cdc5fe000) (1024K)]
  0x00007f0cf4162af0 JavaThread "Service Thread"             daemon [_thread_blocked, id=14491, stack(0x00007f0cdc3fe000,0x00007f0cdc4fe000) (1024K)]
  0x00007f0cf41642a0 JavaThread "Monitor Deflation Thread"   daemon [_thread_blocked, id=14492, stack(0x00007f0cdc2fe000,0x00007f0cdc3fe000) (1024K)]
  0x00007f0cf4165fd0 JavaThread "C2 CompilerThread0"         daemon [_thread_blocked, id=14493, stack(0x00007f0cdc1fe000,0x00007f0cdc2fe000) (1024K)]
  0x00007f0cf41678f0 JavaThread "C1 CompilerThread0"         daemon [_thread_blocked, id=14494, stack(0x00007f0cdc0fe000,0x00007f0cdc1fe000) (1024K)]
  0x00007f0cf41c2980 JavaThread "Notification Thread"        daemon [_thread_blocked, id=14495, stack(0x00007f0cbbf00000,0x00007f0cbc000000) (1024K)]
  0x00007f0cf41c8530 JavaThread "Common-Cleaner"             daemon [_thread_blocked, id=14496, stack(0x00007f0cadf00000,0x00007f0cae000000) (1024K)]
  0x00007f0cf44937f0 JavaThread "process reaper"             daemon [_thread_blocked, id=14498, stack(0x00007f0cdc0be000,0x00007f0cdc0e0000) (136K)]
  0x00007f0cf44732a0 JavaThread "JNA Cleaner"                daemon [_thread_blocked, id=14499, stack(0x00007f0cadb00000,0x00007f0cadc00000) (1024K)]
  0x00007f0cf45c7340 JavaThread "Java2D Disposer"            daemon [_thread_blocked, id=14500, stack(0x00007f0cac935000,0x00007f0caca35000) (1024K)]
  0x00007f0cf46380a0 JavaThread "AWT-XAWT"                   daemon [_thread_in_native, id=14501, stack(0x00007f0cac835000,0x00007f0cac935000) (1024K)]
  0x00007f0cf474fab0 JavaThread "DefaultDispatcher-worker-1" daemon [_thread_blocked, id=14502, stack(0x00007f0c7d278000,0x00007f0c7d378000) (1024K)]
  0x00007f0cf4750540 JavaThread "DefaultDispatcher-worker-2" daemon [_thread_blocked, id=14503, stack(0x00007f0c7d178000,0x00007f0c7d278000) (1024K)]
  0x00007f0c74000f40 JavaThread "DefaultDispatcher-worker-3" daemon [_thread_blocked, id=14504, stack(0x00007f0c7d078000,0x00007f0c7d178000) (1024K)]
  0x00007f0cf47563b0 JavaThread "Reference Cleaner"          daemon [_thread_blocked, id=14505, stack(0x00007f0c7cf78000,0x00007f0c7d078000) (1024K)]
  0x00007f0c7400d1d0 JavaThread "kotlinx.coroutines.DefaultExecutor" daemon [_thread_blocked, id=14506, stack(0x00007f0c7ce78000,0x00007f0c7cf78000) (1024K)]
  0x00007f0cf477c770 JavaThread "AWT-Shutdown"                      [_thread_blocked, id=14507, stack(0x00007f0c7cd78000,0x00007f0c7ce78000) (1024K)]
=>0x00007f0cf477dc70 JavaThread "AWT-EventQueue-0"                  [_thread_in_native, id=14508, stack(0x00007f0c7cc78000,0x00007f0c7cd78000) (1024K)]
  0x00007f0c5c454ab0 JavaThread "TimerQueue"                 daemon [_thread_blocked, id=14524, stack(0x00007f0c55df5000,0x00007f0c55ef5000) (1024K)]
  0x00007f0c5c86b830 JavaThread "pool-4-thread-1"            daemon [_thread_blocked, id=14529, stack(0x00007f0c55638000,0x00007f0c55738000) (1024K)]
  0x00007f0c04001b30 JavaThread "pool-4-thread-2"            daemon [_thread_blocked, id=14538, stack(0x00007f0c17600000,0x00007f0c17700000) (1024K)]
  0x00007f0c6c00abd0 JavaThread "DefaultDispatcher-worker-4" daemon [_thread_blocked, id=14540, stack(0x00007f0c17400000,0x00007f0c17500000) (1024K)]
  0x00007f0c6c00b480 JavaThread "DefaultDispatcher-worker-7" daemon [_thread_blocked, id=14541, stack(0x00007f0c17300000,0x00007f0c17400000) (1024K)]
  0x00007f0bec000f40 JavaThread "DefaultDispatcher-worker-8" daemon [_thread_blocked, id=14542, stack(0x00007f0c17200000,0x00007f0c17300000) (1024K)]
  0x00007f0c74124210 JavaThread "DefaultDispatcher-worker-5" daemon [_thread_blocked, id=14543, stack(0x00007f0c17100000,0x00007f0c17200000) (1024K)]
  0x00007f0c68017410 JavaThread "DefaultDispatcher-worker-6" daemon [_thread_blocked, id=14544, stack(0x00007f0c17000000,0x00007f0c17100000) (1024K)]
Total: 29

Other Threads:
  0x00007f0cf4128250 VMThread "VM Thread"                           [id=14487, stack(0x00007f0cdc7ff000,0x00007f0cdc8ff000) (1024K)]
  0x00007f0cf40ebb50 WatcherThread "VM Periodic Task Thread"        [id=14486, stack(0x00007f0cdc900000,0x00007f0cdca00000) (1024K)]
  0x00007f0cf4088130 WorkerThread "GC Thread#0"                     [id=14481, stack(0x00007f0cf8a9e000,0x00007f0cf8b9e000) (1024K)]
  0x00007f0cc4007ca0 WorkerThread "GC Thread#1"                     [id=14515, stack(0x00007f0c566fd000,0x00007f0c567fd000) (1024K)]
  0x00007f0cc4008a70 WorkerThread "GC Thread#2"                     [id=14516, stack(0x00007f0c565fc000,0x00007f0c566fc000) (1024K)]
  0x00007f0cc4009840 WorkerThread "GC Thread#3"                     [id=14517, stack(0x00007f0c564fb000,0x00007f0c565fb000) (1024K)]
  0x00007f0cc400a610 WorkerThread "GC Thread#4"                     [id=14518, stack(0x00007f0c563fa000,0x00007f0c564fa000) (1024K)]
  0x00007f0cc400b3e0 WorkerThread "GC Thread#5"                     [id=14519, stack(0x00007f0c562f9000,0x00007f0c563f9000) (1024K)]
  0x00007f0cc4012860 WorkerThread "GC Thread#6"                     [id=14520, stack(0x00007f0c561f8000,0x00007f0c562f8000) (1024K)]
  0x00007f0cc40139a0 WorkerThread "GC Thread#7"                     [id=14521, stack(0x00007f0c560f7000,0x00007f0c561f7000) (1024K)]
  0x00007f0cf409ae30 ConcurrentGCThread "G1 Main Marker"            [id=14482, stack(0x00007f0cf899d000,0x00007f0cf8a9d000) (1024K)]
  0x00007f0cf409c000 WorkerThread "G1 Conc#0"                       [id=14483, stack(0x00007f0cf889c000,0x00007f0cf899c000) (1024K)]
  0x00007f0cd0000ce0 WorkerThread "G1 Conc#1"                       [id=14522, stack(0x00007f0c55ff6000,0x00007f0c560f6000) (1024K)]
  0x00007f0cf40ddf90 ConcurrentGCThread "G1 Refine#0"               [id=14484, stack(0x00007f0cf3f00000,0x00007f0cf4000000) (1024K)]
  0x00007f0cf40df180 ConcurrentGCThread "G1 Service"                [id=14485, stack(0x00007f0cdeaee000,0x00007f0cdebee000) (1024K)]
Total: 15

Threads with active compile tasks:
Total: 0

VM state: not at safepoint (normal execution)

VM Mutex/Monitor currently owned by a thread: None

Heap address: 0x0000000747c00000, size: 2948 MB, Compressed Oops mode: Zero based, Oop shift amount: 3

CDS archive(s) not mapped
Compressed class space mapped at: 0x00000000b8000000-0x00000000f8000000, reserved size: 1073741824
UseCompressedClassPointers 1, UseCompactObjectHeaders 0
Narrow klass pointer bits 32, Max shift 3
Narrow klass base: 0x0000000000000000, Narrow klass shift: 0
Encoding Range: [0x0000000000000000 - 0x0000000100000000), (4294967296 bytes)
Klass Range:    [0x00000000b8000000 - 0x00000000f8000000), (1073741824 bytes)
Klass ID Range:  [3087007744 - 4160749561) (1073741817)
No protection zone.

GC Precious Log:
 CardTable entry size: 512
 Card Set container configuration: InlinePtr #cards 4 size 8 Array Of Cards #cards 16 size 48 Howl #buckets 8 coarsen threshold 3686 Howl Bitmap #cards 512 size 80 coarsen threshold 460 Card regions per heap region 1 cards per card region 4096
 CPUs: 8 total, 8 available
 Memory: 11791M
 Large Page Support: Disabled
 NUMA Support: Disabled
 Compressed Oops: Enabled (Zero based)
 Heap Region Size: 2M
 Heap Min Capacity: 8M
 Heap Initial Capacity: 186M
 Heap Max Capacity: 2948M
 Pre-touch: Disabled
 Parallel Workers: 8
 Concurrent Workers: 2
 Concurrent Refinement Workers: 8
 Periodic GC: Disabled

Heap:
 garbage-first heap   total reserved 3018752K, committed 36864K, used 21959K [0x0000000747c00000, 0x0000000800000000)
  region size 2048K, 9 young (18432K), 2 survivors (4096K)

Heap Regions: E=young(eden), S=young(survivor), O=old, HS=humongous(starts), HC=humongous(continues), CS=collection set, F=free, TAMS=top-at-mark-start, PB=parsable bottom
|   0|0x0000000747c00000, 0x0000000747e00000, 0x0000000747e00000|100%|HS|  |TAMS 0x0000000747c00000| PB 0x0000000747c00000| Complete |  0
|   1|0x0000000747e00000, 0x0000000748000000, 0x0000000748000000|100%| O|  |TAMS 0x0000000747e00000| PB 0x0000000747e00000| Untracked |  0
|   2|0x0000000748000000, 0x0000000748200000, 0x0000000748200000|100%| O|  |TAMS 0x0000000748000000| PB 0x0000000748000000| Untracked |  0
|   3|0x0000000748200000, 0x00000007482f0420, 0x0000000748400000| 46%| O|  |TAMS 0x0000000748200000| PB 0x0000000748200000| Untracked |  0
|   4|0x0000000748400000, 0x0000000748400000, 0x0000000748600000|  0%| F|  |TAMS 0x0000000748400000| PB 0x0000000748400000| Untracked |  0
|   5|0x0000000748600000, 0x0000000748600000, 0x0000000748800000|  0%| F|  |TAMS 0x0000000748600000| PB 0x0000000748600000| Untracked |  0
|   6|0x0000000748800000, 0x0000000748800000, 0x0000000748a00000|  0%| F|  |TAMS 0x0000000748800000| PB 0x0000000748800000| Untracked |  0
|   7|0x0000000748a00000, 0x0000000748a00000, 0x0000000748c00000|  0%| F|  |TAMS 0x0000000748a00000| PB 0x0000000748a00000| Untracked |  0
|   8|0x0000000748c00000, 0x0000000748c00000, 0x0000000748e00000|  0%| F|  |TAMS 0x0000000748c00000| PB 0x0000000748c00000| Untracked |  0
|   9|0x0000000748e00000, 0x0000000748e99bb8, 0x0000000749000000| 30%| E|  |TAMS 0x0000000748e00000| PB 0x0000000748e00000| Complete |  0
|  10|0x0000000749000000, 0x0000000749200000, 0x0000000749200000|100%| E|CS|TAMS 0x0000000749000000| PB 0x0000000749000000| Complete |  0
|  11|0x0000000749200000, 0x0000000749400000, 0x0000000749400000|100%| E|CS|TAMS 0x0000000749200000| PB 0x0000000749200000| Complete |  0
|  12|0x0000000749400000, 0x0000000749481bc0, 0x0000000749600000| 25%| S|CS|TAMS 0x0000000749400000| PB 0x0000000749400000| Complete |  0
|  13|0x0000000749600000, 0x0000000749800000, 0x0000000749800000|100%| S|CS|TAMS 0x0000000749600000| PB 0x0000000749600000| Complete |  0
|  68|0x0000000750400000, 0x0000000750600000, 0x0000000750600000|100%| E|CS|TAMS 0x0000000750400000| PB 0x0000000750400000| Complete |  0
|  69|0x0000000750600000, 0x0000000750800000, 0x0000000750800000|100%| E|CS|TAMS 0x0000000750600000| PB 0x0000000750600000| Complete |  0
|  70|0x0000000750800000, 0x0000000750a00000, 0x0000000750a00000|100%| E|CS|TAMS 0x0000000750800000| PB 0x0000000750800000| Complete |  0
|  92|0x0000000753400000, 0x0000000753600000, 0x0000000753600000|100%| E|CS|TAMS 0x0000000753400000| PB 0x0000000753400000| Complete |  0

Card table byte_map: [0x00007f0cf8b9e000,0x00007f0cf9160000] _byte_map_base: 0x00007f0cf5160000

Marking Bits: (CMBitMap*) 0x00007f0cf4088e80
 Bits: [0x00007f0cdebee000, 0x00007f0ce19fe000)

Polling page: 0x00007f0cfbe35000

Metaspace:
Metaspace        used 39743K, committed 40064K, reserved 1114112K
 class space     used 4325K, committed 4480K, reserved 1048576K

Usage:
  Non-class:     34.59 MB used.
      Class:      4.22 MB used.
       Both:     38.81 MB used.

Virtual space:
  Non-class space:       64.00 MB reserved,      34.75 MB ( 54%) committed,  1 nodes.
      Class space:        1.00 GB reserved,       4.38 MB ( <1%) committed,  1 nodes.
             Both:        1.06 GB reserved,      39.12 MB (  4%) committed. 

Chunk freelists:
   Non-Class:  12.41 MB
       Class:  11.60 MB
        Both:  24.01 MB

MaxMetaspaceSize: unlimited
CompressedClassSpaceSize: 1.00 GB
Initial GC threshold: 21.00 MB
Current GC threshold: 58.69 MB
CDS: off
 - commit_granule_bytes: 65536.
 - commit_granule_words: 8192.
 - virtual_space_node_default_size: 8388608.
 - enlarge_chunks_in_place: 1.
UseCompressedClassPointers 1, UseCompactObjectHeaders 0
Narrow klass pointer bits 32, Max shift 3
Narrow klass base: 0x0000000000000000, Narrow klass shift: 0
Encoding Range: [0x0000000000000000 - 0x0000000100000000), (4294967296 bytes)
Klass Range:    [0x00000000b8000000 - 0x00000000f8000000), (1073741824 bytes)
Klass ID Range:  [3087007744 - 4160749561) (1073741817)
No protection zone.


Internal statistics:

num_allocs_failed_limit: 6.
num_arena_births: 204.
num_arena_deaths: 0.
num_vsnodes_births: 2.
num_vsnodes_deaths: 0.
num_space_committed: 626.
num_space_uncommitted: 0.
num_chunks_returned_to_freelist: 6.
num_chunks_taken_from_freelist: 1049.
num_chunk_merges: 6.
num_chunk_splits: 813.
num_chunks_enlarged: 714.
num_inconsistent_stats: 0.

CodeHeap 'non-profiled nmethods': size=120032Kb used=841Kb max_used=841Kb free=119190Kb
 bounds [0x00007f0ce94c8000, 0x00007f0ce9738000, 0x00007f0cf0a00000]
CodeHeap 'profiled nmethods': size=120032Kb used=3816Kb max_used=3816Kb free=116216Kb
 bounds [0x00007f0ce19fe000, 0x00007f0ce1dbe000, 0x00007f0ce8f36000]
CodeHeap 'non-nmethods': size=5704Kb used=2401Kb max_used=2428Kb free=3302Kb
 bounds [0x00007f0ce8f36000, 0x00007f0ce91a6000, 0x00007f0ce94c8000]
CodeCache: size=245768Kb, used=7058Kb, max_used=7085Kb, free=238708Kb
 total_blobs=4031, nmethods=2715, adapters=1221, full_count=0
Compilation: enabled, stopped_count=0, restarted_count=0

Compilation events (20 events):
Event: 18.156 Thread 0x00007f0cf41678f0 nmethod 2823 0x00007f0ce1db5a88 code [0x00007f0ce1db5b80, 0x00007f0ce1db5c80]
Event: 18.156 Thread 0x00007f0cf41678f0 2825       3       androidx.compose.ui.node.LayoutNode::invalidateLayer$ui (34 bytes)
Event: 18.156 Thread 0x00007f0cf41678f0 nmethod 2825 0x00007f0ce1db5d88 code [0x00007f0ce1db5e80, 0x00007f0ce1db6718]
Event: 18.156 Thread 0x00007f0cf41678f0 2826       3       androidx.compose.ui.node.NodeChain::getAggregateChildKindSet (8 bytes)
Event: 18.156 Thread 0x00007f0cf41678f0 nmethod 2826 0x00007f0ce1db6788 code [0x00007f0ce1db6880, 0x00007f0ce1db6a18]
Event: 18.156 Thread 0x00007f0cf41678f0 2827       1       androidx.compose.ui.node.NodeChain::getTail$ui (5 bytes)
Event: 18.156 Thread 0x00007f0cf41678f0 nmethod 2827 0x00007f0ce9599888 code [0x00007f0ce9599980, 0x00007f0ce9599a40]
Event: 18.157 Thread 0x00007f0cf4165fd0 2828       4       androidx.compose.ui.node.NodeCoordinator::invalidateLayer (34 bytes)
Event: 18.157 Thread 0x00007f0cf41678f0 2829       3       androidx.compose.ui.node.LayoutNode::isAttached (13 bytes)
Event: 18.157 Thread 0x00007f0cf41678f0 nmethod 2829 0x00007f0ce1db6a88 code [0x00007f0ce1db6b80, 0x00007f0ce1db6cd8]
Event: 18.158 Thread 0x00007f0cf41678f0 2830       3       java.util.ArrayList::clear (43 bytes)
Event: 18.158 Thread 0x00007f0cf4165fd0 nmethod 2828 0x00007f0ce9599b88 code [0x00007f0ce9599c80, 0x00007f0ce9599de0]
Event: 18.159 Thread 0x00007f0cf41678f0 nmethod 2830 0x00007f0ce1db6d88 code [0x00007f0ce1db6e80, 0x00007f0ce1db71a8]
Event: 18.159 Thread 0x00007f0cf41678f0 2831       3       kotlinx.coroutines.NodeList::<init> (5 bytes)
Event: 18.159 Thread 0x00007f0cf41678f0 nmethod 2831 0x00007f0ce1db7208 code [0x00007f0ce1db7300, 0x00007f0ce1db75f0]
Event: 18.159 Thread 0x00007f0cf41678f0 2832       3       kotlinx.coroutines.JobSupportKt::access$getCOMPLETING_RETRY$p (4 bytes)
Event: 18.159 Thread 0x00007f0cf41678f0 nmethod 2832 0x00007f0ce1db7608 code [0x00007f0ce1db7700, 0x00007f0ce1db77e8]
Event: 18.161 Thread 0x00007f0cf4165fd0 2833       4       java.lang.Long::compareTo (9 bytes)
Event: 18.162 Thread 0x00007f0cf4165fd0 nmethod 2833 0x00007f0ce9599e88 code [0x00007f0ce9599f80, 0x00007f0ce959a058]
Event: 18.162 Thread 0x00007f0cf4165fd0 2834       4       java.awt.Component::getTreeLock (4 bytes)

GC Heap Usage History (8 events):
Event: 1.663 {heap Before GC invocations=0 (full 0):
 garbage-first heap   total reserved 3018752K, committed 190464K, used 43008K [0x0000000747c00000, 0x0000000800000000)
  region size 2048K, 22 young (45056K), 0 survivors (0K)
}
Event: 1.671 {heap After GC invocations=1 (full 0):
 garbage-first heap   total reserved 3018752K, committed 190464K, used 7298K [0x0000000747c00000, 0x0000000800000000)
  region size 2048K, 3 young (6144K), 3 survivors (6144K)
}
Event: 2.547 {heap Before GC invocations=2 (full 0):
 garbage-first heap   total reserved 3018752K, committed 28672K, used 27778K [0x0000000747c00000, 0x0000000800000000)
  region size 2048K, 13 young (26624K), 3 survivors (6144K)
}
Event: 2.552 {heap After GC invocations=3 (full 0):
 garbage-first heap   total reserved 3018752K, committed 36864K, used 8417K [0x0000000747c00000, 0x0000000800000000)
  region size 2048K, 4 young (8192K), 4 survivors (8192K)
}
Event: 2.840 {heap Before GC invocations=3 (full 0):
 garbage-first heap   total reserved 3018752K, committed 36864K, used 20705K [0x0000000747c00000, 0x0000000800000000)
  region size 2048K, 10 young (20480K), 4 survivors (8192K)
}
Event: 2.845 {heap After GC invocations=4 (full 0):
 garbage-first heap   total reserved 3018752K, committed 36864K, used 9448K [0x0000000747c00000, 0x0000000800000000)
  region size 2048K, 2 young (4096K), 2 survivors (4096K)
}
Event: 3.522 {heap Before GC invocations=4 (full 0):
 garbage-first heap   total reserved 3018752K, committed 36864K, used 15592K [0x0000000747c00000, 0x0000000800000000)
  region size 2048K, 6 young (12288K), 2 survivors (4096K)
}
Event: 3.524 {heap After GC invocations=5 (full 0):
 garbage-first heap   total reserved 3018752K, committed 36864K, used 9671K [0x0000000747c00000, 0x0000000800000000)
  region size 2048K, 2 young (4096K), 2 survivors (4096K)
}

Metaspace Usage History (8 events):
Event: 1.663 {metaspace Before GC invocations=0 (full 0):
 Metaspace       used 21378K, committed 21504K, reserved 1114112K
  class space    used 2166K, committed 2240K, reserved 1048576K
}
Event: 1.671 {metaspace After GC invocations=1 (full 0):
 Metaspace       used 21378K, committed 21504K, reserved 1114112K
  class space    used 2166K, committed 2240K, reserved 1048576K
}
Event: 2.547 {metaspace Before GC invocations=2 (full 0):
 Metaspace       used 29553K, committed 29760K, reserved 1114112K
  class space    used 3173K, committed 3264K, reserved 1048576K
}
Event: 2.552 {metaspace After GC invocations=3 (full 0):
 Metaspace       used 29553K, committed 29760K, reserved 1114112K
  class space    used 3173K, committed 3264K, reserved 1048576K
}
Event: 2.840 {metaspace Before GC invocations=3 (full 0):
 Metaspace       used 33010K, committed 33216K, reserved 1114112K
  class space    used 3570K, committed 3648K, reserved 1048576K
}
Event: 2.845 {metaspace After GC invocations=4 (full 0):
 Metaspace       used 33010K, committed 33216K, reserved 1114112K
  class space    used 3570K, committed 3648K, reserved 1048576K
}
Event: 3.522 {metaspace Before GC invocations=4 (full 0):
 Metaspace       used 35720K, committed 35968K, reserved 1114112K
  class space    used 3882K, committed 4032K, reserved 1048576K
}
Event: 3.524 {metaspace After GC invocations=5 (full 0):
 Metaspace       used 35720K, committed 35968K, reserved 1114112K
  class space    used 3882K, committed 4032K, reserved 1048576K
}

Dll operation events (12 events):
Event: 0.047 Loaded shared library /tmp/.mount_openflCl8K9q/lib/runtime/lib/libjava.so
Event: 0.219 Loaded shared library /tmp/.mount_openflCl8K9q/lib/runtime/lib/libsimdsort.so
Event: 0.307 Loaded shared library /tmp/.mount_openflCl8K9q/lib/runtime/lib/libnio.so
Event: 0.335 Loaded shared library /tmp/.mount_openflCl8K9q/lib/runtime/lib/libzip.so
Event: 0.525 Loaded shared library /tmp/.mount_openflCl8K9q/lib/runtime/lib/libjimage.so
Event: 0.617 Loaded shared library /tmp/.mount_openflCl8K9q/lib/runtime/lib/libnet.so
Event: 0.660 Loaded shared library /home/caleb/.cache/JNA/temp/jna13300285577492237966.tmp
Event: 0.918 Loaded shared library /tmp/.mount_openflCl8K9q/lib/app/libskiko-linux-x64.so
Event: 0.940 Loaded shared library /tmp/.mount_openflCl8K9q/lib/runtime/lib/libawt.so
Event: 0.946 Loaded shared library /tmp/.mount_openflCl8K9q/lib/runtime/lib/libawt_xawt.so
Event: 1.002 Loaded shared library /tmp/.mount_openflCl8K9q/lib/runtime/lib/libfontmanager.so
Event: 1.637 Loaded shared library /tmp/.mount_openflCl8K9q/lib/runtime/lib/libjawt.so

Deoptimization events (20 events):
Event: 3.598 Thread 0x00007f0cf474fab0 Uncommon trap: trap_request=0xffffffc6 fr.pc=0x00007f0ce94f1694 relative=0x0000000000000314
Event: 3.598 Thread 0x00007f0cf474fab0 Uncommon trap: reason=bimorphic_or_optimized_type_check action=maybe_recompile pc=0x00007f0ce94f1694 method=java.lang.invoke.VarHandleGuards.guard_LI_I(Ljava/lang/invoke/VarHandle;Ljava/lang/Object;ILjava/lang/invoke/VarHandle$AccessDescriptor;)I @ 2 c2
Event: 3.598 Thread 0x00007f0cf474fab0 DEOPT PACKING pc=0x00007f0ce94f1694 sp=0x00007f0c7d376200
Event: 3.598 Thread 0x00007f0cf474fab0 DEOPT UNPACKING pc=0x00007f0ce9055c79 sp=0x00007f0c7d3761d8 mode 2
Event: 3.618 Thread 0x00007f0cf4750540 Uncommon trap: trap_request=0xffffffc6 fr.pc=0x00007f0ce94f1694 relative=0x0000000000000314
Event: 3.618 Thread 0x00007f0cf4750540 Uncommon trap: reason=bimorphic_or_optimized_type_check action=maybe_recompile pc=0x00007f0ce94f1694 method=java.lang.invoke.VarHandleGuards.guard_LI_I(Ljava/lang/invoke/VarHandle;Ljava/lang/Object;ILjava/lang/invoke/VarHandle$AccessDescriptor;)I @ 2 c2
Event: 3.618 Thread 0x00007f0cf4750540 DEOPT PACKING pc=0x00007f0ce94f1694 sp=0x00007f0c7d275070
Event: 3.618 Thread 0x00007f0cf4750540 DEOPT UNPACKING pc=0x00007f0ce9055c79 sp=0x00007f0c7d275048 mode 2
Event: 3.623 Thread 0x00007f0c6c00abd0 Uncommon trap: trap_request=0xffffff45 fr.pc=0x00007f0ce95615a0 relative=0x0000000000006720
Event: 3.623 Thread 0x00007f0c6c00abd0 Uncommon trap: reason=unstable_if action=reinterpret pc=0x00007f0ce95615a0 method=java.lang.ClassLoader.getClassLoadingLock(Ljava/lang/String;)Ljava/lang/Object; @ 28 c2
Event: 3.623 Thread 0x00007f0c6c00abd0 DEOPT PACKING pc=0x00007f0ce95615a0 sp=0x00007f0c174fd860
Event: 3.623 Thread 0x00007f0c6c00abd0 DEOPT UNPACKING pc=0x00007f0ce9055c79 sp=0x00007f0c174fd868 mode 2
Event: 3.655 Thread 0x00007f0cf474fab0 Uncommon trap: trap_request=0xffffffc6 fr.pc=0x00007f0ce94f1694 relative=0x0000000000000314
Event: 3.655 Thread 0x00007f0cf474fab0 Uncommon trap: reason=bimorphic_or_optimized_type_check action=maybe_recompile pc=0x00007f0ce94f1694 method=java.lang.invoke.VarHandleGuards.guard_LI_I(Ljava/lang/invoke/VarHandle;Ljava/lang/Object;ILjava/lang/invoke/VarHandle$AccessDescriptor;)I @ 2 c2
Event: 3.655 Thread 0x00007f0cf474fab0 DEOPT PACKING pc=0x00007f0ce94f1694 sp=0x00007f0c7d376200
Event: 3.655 Thread 0x00007f0cf474fab0 DEOPT UNPACKING pc=0x00007f0ce9055c79 sp=0x00007f0c7d3761d8 mode 2
Event: 16.120 Thread 0x00007f0cf477dc70 Uncommon trap: trap_request=0xffffff45 fr.pc=0x00007f0ce956c150 relative=0x0000000000000b50
Event: 16.120 Thread 0x00007f0cf477dc70 Uncommon trap: reason=unstable_if action=reinterpret pc=0x00007f0ce956c150 method=java.util.concurrent.ConcurrentHashMap.transfer([Ljava/util/concurrent/ConcurrentHashMap$Node;[Ljava/util/concurrent/ConcurrentHashMap$Node;)V @ 352 c2
Event: 16.120 Thread 0x00007f0cf477dc70 DEOPT PACKING pc=0x00007f0ce956c150 sp=0x00007f0c7cd73490
Event: 16.120 Thread 0x00007f0cf477dc70 DEOPT UNPACKING pc=0x00007f0ce9055c79 sp=0x00007f0c7cd733e8 mode 2

Classes loaded (20 events):
Event: 16.250 Loading class java/net/SocketTimeoutException
Event: 16.250 Loading class java/io/InterruptedIOException
Event: 16.250 Loading class java/io/InterruptedIOException done
Event: 16.250 Loading class java/net/SocketTimeoutException done
Event: 18.132 Loading class sun/nio/ch/MembershipKeyImpl$Type6
Event: 18.132 Loading class sun/nio/ch/MembershipKeyImpl$Type6 done
Event: 18.133 Loading class sun/nio/ch/MembershipRegistry$ThrowingConsumer
Event: 18.133 Loading class sun/nio/ch/MembershipRegistry$ThrowingConsumer done
Event: 18.147 Loading class sun/awt/SunToolkit$1
Event: 18.147 Loading class sun/awt/SunToolkit$1 done
Event: 18.159 Loading class java/awt/Window$1DisposeAction
Event: 18.159 Loading class java/awt/Window$1DisposeAction done
Event: 18.159 Loading class sun/awt/X11/XUnmapEvent
Event: 18.159 Loading class sun/awt/X11/XUnmapEvent done
Event: 18.160 Loading class java/awt/event/AWTEventListenerProxy
Event: 18.160 Loading class java/awt/event/AWTEventListenerProxy done
Event: 18.160 Loading class java/awt/Toolkit$ToolkitEventMulticaster
Event: 18.160 Loading class java/awt/Toolkit$ToolkitEventMulticaster done
Event: 18.161 Loading class sun/awt/X11/InfoWindow$Closer$1
Event: 18.161 Loading class sun/awt/X11/InfoWindow$Closer$1 done

Classes unloaded (0 events):
No events

Classes redefined (0 events):
No events

Internal exceptions (20 events):
Event: 2.611 Thread 0x00007f0cf477dc70 Exception <a 'java/lang/NoSuchMethodError'{0x00000007509d96b8}: 'java.lang.Object java.lang.invoke.DirectMethodHandle$Holder.invokeStatic(java.lang.Object, java.lang.Object, java.lang.Object, java.lang.Object, java.lang.Object, java.lang.Object, java.lang.Object, java.lang.Object, java.lang.Object, java.lang.Object, java.lang.Object, java.lang.Object, java.lang.Object)'> (0x00000007509d96b8) 
thrown [src/hotspot/share/interpreter/linkResolver.cpp, line 803]
Event: 2.611 Thread 0x00007f0cf477dc70 Exception <a 'java/lang/NoSuchMethodError'{0x00000007509eeb48}: 'java.lang.Object java.lang.invoke.DirectMethodHandle$Holder.newInvokeSpecial(java.lang.Object, java.lang.Object, java.lang.Object, java.lang.Object, java.lang.Object, java.lang.Object, java.lang.Object, java.lang.Object, java.lang.Object, java.lang.Object, java.lang.Object, java.lang.Object, java.lang.Object)'> (0x00000007509eeb48) 
thrown [src/hotspot/share/interpreter/linkResolver.cpp, line 803]
Event: 2.612 Thread 0x00007f0cf477dc70 Exception <a 'java/lang/NoSuchMethodError'{0x00000007509f91f0}: 'java.lang.Object java.lang.invoke.DirectMethodHandle$Holder.invokeSpecial(java.lang.Object, java.lang.Object, java.lang.Object, java.lang.Object, java.lang.Object, java.lang.Object, java.lang.Object, java.lang.Object, java.lang.Object, java.lang.Object, java.lang.Object, java.lang.Object, java.lang.Object, java.lang.Object)'> (0x00000007509f91f0) 
thrown [src/hotspot/share/interpreter/linkResolver.cpp, line 803]
Event: 2.612 Thread 0x00007f0cf477dc70 Exception <a 'java/lang/NoSuchMethodError'{0x0000000750602f98}: 'java.lang.Object java.lang.invoke.Invokers$Holder.linkToTargetMethod(java.lang.Object, java.lang.Object, java.lang.Object, java.lang.Object, java.lang.Object, java.lang.Object, java.lang.Object, java.lang.Object, java.lang.Object, java.lang.Object, java.lang.Object, java.lang.Object, java.lang.Object)'> (0x0000000750602f98) 
thrown [src/hotspot/share/interpreter/linkResolver.cpp, line 803]
Event: 2.645 Thread 0x00007f0cf477dc70 Exception <a 'java/lang/NoSuchMethodError'{0x000000075071b048}: 'float java.lang.invoke.DirectMethodHandle$Holder.invokeStatic(java.lang.Object, float)'> (0x000000075071b048) 
thrown [src/hotspot/share/interpreter/linkResolver.cpp, line 803]
Event: 2.645 Thread 0x00007f0cf477dc70 Exception <a 'java/lang/NoSuchMethodError'{0x0000000750723ad8}: 'float java.lang.invoke.DirectMethodHandle$Holder.invokeStaticInit(java.lang.Object, float)'> (0x0000000750723ad8) 
thrown [src/hotspot/share/interpreter/linkResolver.cpp, line 803]
Event: 2.659 Thread 0x00007f0cf477dc70 Exception <a 'java/lang/NoSuchMethodError'{0x00000007507bf1f8}: 'java.lang.Object java.lang.invoke.DirectMethodHandle$Holder.invokeStatic(java.lang.Object, java.lang.Object, java.lang.Object, java.lang.Object, java.lang.Object, java.lang.Object, java.lang.Object, java.lang.Object, java.lang.Object, java.lang.Object)'> (0x00000007507bf1f8) 
thrown [src/hotspot/share/interpreter/linkResolver.cpp, line 803]
Event: 2.660 Thread 0x00007f0cf477dc70 Exception <a 'java/lang/NoSuchMethodError'{0x00000007507d3190}: 'java.lang.Object java.lang.invoke.DirectMethodHandle$Holder.newInvokeSpecial(java.lang.Object, java.lang.Object, java.lang.Object, java.lang.Object, java.lang.Object, java.lang.Object, java.lang.Object, java.lang.Object, java.lang.Object, java.lang.Object)'> (0x00000007507d3190) 
thrown [src/hotspot/share/interpreter/linkResolver.cpp, line 803]
Event: 2.669 Thread 0x00007f0cf477dc70 Exception <a 'java/lang/NoSuchMethodError'{0x000000075042e210}: 'java.lang.Object java.lang.invoke.DirectMethodHandle$Holder.invokeStatic(java.lang.Object, java.lang.Object, java.lang.Object, java.lang.Object, java.lang.Object, java.lang.Object, java.lang.Object, java.lang.Object, java.lang.Object, java.lang.Object, java.lang.Object, java.lang.Object)'> (0x000000075042e210) 
thrown [src/hotspot/share/interpreter/linkResolver.cpp, line 803]
Event: 2.670 Thread 0x00007f0cf477dc70 Exception <a 'java/lang/NoSuchMethodError'{0x00000007504430b0}: 'java.lang.Object java.lang.invoke.DirectMethodHandle$Holder.newInvokeSpecial(java.lang.Object, java.lang.Object, java.lang.Object, java.lang.Object, java.lang.Object, java.lang.Object, java.lang.Object, java.lang.Object, java.lang.Object, java.lang.Object, java.lang.Object, java.lang.Object)'> (0x00000007504430b0) 
thrown [src/hotspot/share/interpreter/linkResolver.cpp, line 803]
Event: 2.670 Thread 0x00007f0cf477dc70 Exception <a 'java/lang/NoSuchMethodError'{0x000000075044d7c0}: 'java.lang.Object java.lang.invoke.Invokers$Holder.linkToTargetMethod(java.lang.Object, java.lang.Object, java.lang.Object, java.lang.Object, java.lang.Object, java.lang.Object, java.lang.Object, java.lang.Object, java.lang.Object, java.lang.Object, java.lang.Object, java.lang.Object)'> (0x000000075044d7c0) 
thrown [src/hotspot/share/interpreter/linkResolver.cpp, line 803]
Event: 3.003 Thread 0x00007f0cf477dc70 Exception <a 'java/lang/NoSuchMethodError'{0x0000000750831380}: 'java.lang.Object java.lang.invoke.DirectMethodHandle$Holder.invokeStatic(java.lang.Object, java.lang.Object, java.lang.Object, java.lang.Object, java.lang.Object, java.lang.Object, java.lang.Object, java.lang.Object, java.lang.Object, java.lang.Object, java.lang.Object, java.lang.Object, java.lang.Object, java.lang.Object, java.lang.Object, java.lang.Object)'> (0x0000000750831380) 
thrown [src/hotspot/share/interpreter/linkResolver.cpp, line 
Event: 3.046 Thread 0x00007f0cf474fab0 Exception <a 'java/lang/ClassNotFoundException'{0x00000007509241f8}: jdk/net/ExtendedSocketOptions> (0x00000007509241f8) 
thrown [src/hotspot/share/classfile/systemDictionary.cpp, line 328]
Event: 16.079 Thread 0x00007f0cf477dc70 Exception <a 'java/lang/NoSuchMethodError'{0x0000000749377280}: 'long java.lang.invoke.DelegatingMethodHandle$Holder.reinvoke_L(java.lang.Object, java.lang.Object)'> (0x0000000749377280) 
thrown [src/hotspot/share/interpreter/linkResolver.cpp, line 803]
Event: 16.082 Thread 0x00007f0cf477dc70 Exception <a 'java/lang/NoSuchMethodError'{0x0000000749390020}: 'void java.lang.invoke.DelegatingMethodHandle$Holder.reinvoke_L(java.lang.Object, java.lang.Object, long)'> (0x0000000749390020) 
thrown [src/hotspot/share/interpreter/linkResolver.cpp, line 803]
Event: 16.085 Thread 0x00007f0cf477dc70 Exception <a 'java/lang/NoSuchMethodError'{0x00000007493a0a28}: 'long java.lang.invoke.Invokers$Holder.invokeExact_MT(java.lang.Object, java.lang.Object, java.lang.Object)'> (0x00000007493a0a28) 
thrown [src/hotspot/share/interpreter/linkResolver.cpp, line 803]
Event: 16.095 Thread 0x00007f0cf477dc70 Exception <a 'java/lang/NoSuchMethodError'{0x00000007493c5180}: 'float java.lang.invoke.DelegatingMethodHandle$Holder.reinvoke_L(java.lang.Object, java.lang.Object)'> (0x00000007493c5180) 
thrown [src/hotspot/share/interpreter/linkResolver.cpp, line 803]
Event: 16.098 Thread 0x00007f0cf477dc70 Exception <a 'java/lang/NoSuchMethodError'{0x00000007493ddd00}: 'void java.lang.invoke.DelegatingMethodHandle$Holder.reinvoke_L(java.lang.Object, java.lang.Object, float)'> (0x00000007493ddd00) 
thrown [src/hotspot/share/interpreter/linkResolver.cpp, line 803]
Event: 16.099 Thread 0x00007f0cf477dc70 Exception <a 'java/lang/NoSuchMethodError'{0x00000007493eeb28}: 'float java.lang.invoke.Invokers$Holder.invokeExact_MT(java.lang.Object, java.lang.Object, java.lang.Object)'> (0x00000007493eeb28) 
thrown [src/hotspot/share/interpreter/linkResolver.cpp, line 803]
Event: 18.133 Thread 0x00007f0cf477dc70 Exception <a 'java/lang/NoSuchMethodError'{0x00000007490d94b8}: 'void java.lang.invoke.DirectMethodHandle$Holder.invokeVirtual(java.lang.Object, java.lang.Object)'> (0x00000007490d94b8) 
thrown [src/hotspot/share/interpreter/linkResolver.cpp, line 803]

VM Operations (20 events):
Event: 1.662 Executing safepoint VM operation: CollectForMetadataAllocation (Metadata GC Threshold)
Event: 1.671 Executing safepoint VM operation: CollectForMetadataAllocation (Metadata GC Threshold) done
Event: 1.672 Executing safepoint VM operation: G1PauseRemark
Event: 1.673 Executing safepoint VM operation: G1PauseRemark done
Event: 1.673 Executing safepoint VM operation: G1PauseCleanup
Event: 1.675 Executing safepoint VM operation: G1PauseCleanup done
Event: 2.547 Executing safepoint VM operation: G1CollectForAllocation (G1 Evacuation Pause)
Event: 2.552 Executing safepoint VM operation: G1CollectForAllocation (G1 Evacuation Pause) done
Event: 2.840 Executing safepoint VM operation: G1CollectForAllocation (G1 Evacuation Pause)
Event: 2.845 Executing safepoint VM operation: G1CollectForAllocation (G1 Evacuation Pause) done
Event: 3.033 Executing non-safepoint VM operation: HandshakeAllThreads (Deoptimize)
Event: 3.033 Executing non-safepoint VM operation: HandshakeAllThreads (Deoptimize) done
Event: 3.522 Executing safepoint VM operation: CollectForMetadataAllocation (Metadata GC Threshold)
Event: 3.525 Executing safepoint VM operation: CollectForMetadataAllocation (Metadata GC Threshold) done
Event: 3.531 Executing safepoint VM operation: G1PauseRemark
Event: 3.532 Executing safepoint VM operation: G1PauseRemark done
Event: 3.535 Executing safepoint VM operation: G1PauseCleanup
Event: 3.535 Executing safepoint VM operation: G1PauseCleanup done
Event: 16.131 Executing non-safepoint VM operation: HandshakeAllThreads (Deoptimize)
Event: 16.131 Executing non-safepoint VM operation: HandshakeAllThreads (Deoptimize) done

Memory protections (20 events):
Event: 1.233 Protecting memory [0x00007f0c7d278000,0x00007f0c7d27c000] with protection modes 0
Event: 1.233 Protecting memory [0x00007f0c7d178000,0x00007f0c7d17c000] with protection modes 0
Event: 1.233 Protecting memory [0x00007f0c7d078000,0x00007f0c7d07c000] with protection modes 0
Event: 1.239 Protecting memory [0x00007f0c7cf78000,0x00007f0c7cf7c000] with protection modes 0
Event: 1.241 Protecting memory [0x00007f0c7ce78000,0x00007f0c7ce7c000] with protection modes 0
Event: 1.281 Protecting memory [0x00007f0c7cd78000,0x00007f0c7cd7c000] with protection modes 0
Event: 1.281 Protecting memory [0x00007f0c7cc78000,0x00007f0c7cc7c000] with protection modes 0
Event: 1.969 Protecting memory [0x00007f0c55ef5000,0x00007f0c55ef9000] with protection modes 0
Event: 2.048 Protecting memory [0x00007f0c55df5000,0x00007f0c55df9000] with protection modes 0
Event: 2.390 Protecting memory [0x00007f0c55638000,0x00007f0c5563c000] with protection modes 0
Event: 3.054 Protecting memory [0x00007f0c17900000,0x00007f0c17904000] with protection modes 0
Event: 3.056 Protecting memory [0x00007f0c17800000,0x00007f0c17804000] with protection modes 0
Event: 3.056 Protecting memory [0x00007f0c17700000,0x00007f0c17704000] with protection modes 0
Event: 3.129 Protecting memory [0x00007f0c17600000,0x00007f0c17604000] with protection modes 0
Event: 3.447 Protecting memory [0x00007f0c17500000,0x00007f0c17504000] with protection modes 0
Event: 3.622 Protecting memory [0x00007f0c17400000,0x00007f0c17404000] with protection modes 0
Event: 3.623 Protecting memory [0x00007f0c17300000,0x00007f0c17304000] with protection modes 0
Event: 3.623 Protecting memory [0x00007f0c17200000,0x00007f0c17204000] with protection modes 0
Event: 3.623 Protecting memory [0x00007f0c17100000,0x00007f0c17104000] with protection modes 0
Event: 3.623 Protecting memory [0x00007f0c17000000,0x00007f0c17004000] with protection modes 0

Nmethod flushes (20 events):
Event: 3.532 Thread 0x00007f0cf4128250 flushing  nmethod 0x00007f0ce1a27c08
Event: 3.532 Thread 0x00007f0cf4128250 flushing  nmethod 0x00007f0ce1a28308
Event: 3.532 Thread 0x00007f0cf4128250 flushing  nmethod 0x00007f0ce1a28b88
Event: 3.532 Thread 0x00007f0cf4128250 flushing  nmethod 0x00007f0ce1a29608
Event: 3.532 Thread 0x00007f0cf4128250 flushing  nmethod 0x00007f0ce1a29a08
Event: 3.532 Thread 0x00007f0cf4128250 flushing  nmethod 0x00007f0ce1a56d88
Event: 3.532 Thread 0x00007f0cf4128250 flushing  nmethod 0x00007f0ce1a0fc08
Event: 3.532 Thread 0x00007f0cf4128250 flushing  nmethod 0x00007f0ce1a0ff08
Event: 3.532 Thread 0x00007f0cf4128250 flushing  nmethod 0x00007f0ce1a10208
Event: 3.532 Thread 0x00007f0cf4128250 flushing  nmethod 0x00007f0ce1a10608
Event: 3.532 Thread 0x00007f0cf4128250 flushing  nmethod 0x00007f0ce1a10f08
Event: 3.532 Thread 0x00007f0cf4128250 flushing  nmethod 0x00007f0ce1a11488
Event: 3.532 Thread 0x00007f0cf4128250 flushing  nmethod 0x00007f0ce1a13208
Event: 3.532 Thread 0x00007f0cf4128250 flushing  nmethod 0x00007f0ce1a13b88
Event: 3.532 Thread 0x00007f0cf4128250 flushing  nmethod 0x00007f0ce1a43008
Event: 3.532 Thread 0x00007f0cf4128250 flushing  nmethod 0x00007f0ce1a43308
Event: 3.532 Thread 0x00007f0cf4128250 flushing  nmethod 0x00007f0ce1a45e88
Event: 3.532 Thread 0x00007f0cf4128250 flushing  nmethod 0x00007f0ce1a66088
Event: 3.532 Thread 0x00007f0cf4128250 flushing  nmethod 0x00007f0ce1a67108
Event: 3.532 Thread 0x00007f0cf4128250 flushing  nmethod 0x00007f0ce1aaef08

Events (20 events):
Event: 1.281 Thread 0x00007f0cf402caf0 Thread added: 0x00007f0cf477c770
Event: 1.281 Thread 0x00007f0cf402caf0 Thread added: 0x00007f0cf477dc70
Event: 1.969 Thread 0x00007f0cf477dc70 Thread added: 0x00007f0c5c415860
Event: 2.048 Thread 0x00007f0cf477dc70 Thread added: 0x00007f0c5c454ab0
Event: 2.390 Thread 0x00007f0cf477dc70 Thread added: 0x00007f0c5c86b830
Event: 3.054 Thread 0x00007f0cf474fab0 Thread added: 0x00007f0c740f1c80
Event: 3.056 Thread 0x00007f0cf474fab0 Thread added: 0x00007f0c740fbc40
Event: 3.056 Thread 0x00007f0cf474fab0 Thread added: 0x00007f0c740fd020
Event: 3.129 Thread 0x00007f0c5c86b830 Thread added: 0x00007f0c04001b30
Event: 3.447 Thread 0x00007f0c740f1c80 Thread added: 0x00007f0bf801cca0
Event: 3.622 Thread 0x00007f0c74000f40 Thread added: 0x00007f0c6c00abd0
Event: 3.623 Thread 0x00007f0c74000f40 Thread added: 0x00007f0c6c00b480
Event: 3.623 Thread 0x00007f0c6c00abd0 Thread added: 0x00007f0bec000f40
Event: 3.623 Thread 0x00007f0cf474fab0 Thread added: 0x00007f0c74124210
Event: 3.623 Thread 0x00007f0cf4750540 Thread added: 0x00007f0c68017410
Event: 16.129 Thread 0x00007f0c740fbc40 Thread exited: 0x00007f0c740fbc40
Event: 16.129 Thread 0x00007f0c740f1c80 Thread exited: 0x00007f0c740f1c80
Event: 18.131 Thread 0x00007f0c740fd020 Thread exited: 0x00007f0c740fd020
Event: 18.132 Thread 0x00007f0bf801cca0 Thread exited: 0x00007f0bf801cca0
Event: 18.161 Thread 0x00007f0c5c415860 Thread exited: 0x00007f0c5c415860


Dynamic libraries:
b8000000-b8080000 rw-p 00000000 00:00 0 
b8080000-b80a0000 rw-p 00000000 00:00 0 
b80a0000-b80c0000 rw-p 00000000 00:00 0 
b80c0000-b8140000 rw-p 00000000 00:00 0 
b8140000-b8240000 rw-p 00000000 00:00 0 
b8240000-b82c0000 rw-p 00000000 00:00 0 
b82c0000-b8300000 rw-p 00000000 00:00 0 
b8300000-b8450000 rw-p 00000000 00:00 0 
b8450000-b8460000 ---p 00000000 00:00 0 
b8460000-b8470000 rw-p 00000000 00:00 0 
b8470000-f8000000 ---p 00000000 00:00 0 
747c00000-749800000 rw-p 00000000 00:00 0 
749800000-750400000 ---p 00000000 00:00 0 
750400000-750a00000 rw-p 00000000 00:00 0 
750a00000-753400000 ---p 00000000 00:00 0 
753400000-753600000 rw-p 00000000 00:00 0 
753600000-800000000 ---p 00000000 00:00 0 
5577db68e000-5577db68f000 r--p 00000000 00:4d 104                        /tmp/.mount_openflCl8K9q/bin/OpenFlixDesktop
5577db68f000-5577db691000 r-xp 00001000 00:4d 104                        /tmp/.mount_openflCl8K9q/bin/OpenFlixDesktop
5577db691000-5577db692000 r--p 00003000 00:4d 104                        /tmp/.mount_openflCl8K9q/bin/OpenFlixDesktop
5577db692000-5577db693000 r--p 00003000 00:4d 104                        /tmp/.mount_openflCl8K9q/bin/OpenFlixDesktop
5577db693000-5577db694000 rw-p 00004000 00:4d 104                        /tmp/.mount_openflCl8K9q/bin/OpenFlixDesktop
5577ed7cf000-5577ed81b000 rw-p 00000000 00:00 0                          [heap]
7f0bd8000000-7f0bd8021000 rw-p 00000000 00:00 0 
7f0bd8021000-7f0bdc000000 ---p 00000000 00:00 0 
7f0bdc000000-7f0bdc02d000 rw-p 00000000 00:00 0 
7f0bdc02d000-7f0be0000000 ---p 00000000 00:00 0 
7f0be0000000-7f0be0021000 rw-p 00000000 00:00 0 
7f0be0021000-7f0be4000000 ---p 00000000 00:00 0 
7f0be4000000-7f0be4021000 rw-p 00000000 00:00 0 
7f0be4021000-7f0be8000000 ---p 00000000 00:00 0 
7f0be8000000-7f0be8021000 rw-p 00000000 00:00 0 
7f0be8021000-7f0bec000000 ---p 00000000 00:00 0 
7f0bec000000-7f0bec021000 rw-p 00000000 00:00 0 
7f0bec021000-7f0bf0000000 ---p 00000000 00:00 0 
7f0bf0000000-7f0bf0021000 rw-p 00000000 00:00 0 
7f0bf0021000-7f0bf4000000 ---p 00000000 00:00 0 
7f0bf4000000-7f0bf4021000 rw-p 00000000 00:00 0 
7f0bf4021000-7f0bf8000000 ---p 00000000 00:00 0 
7f0bf8000000-7f0bf8021000 rw-p 00000000 00:00 0 
7f0bf8021000-7f0bfc000000 ---p 00000000 00:00 0 
7f0bfc000000-7f0bfc021000 rw-p 00000000 00:00 0 
7f0bfc021000-7f0c00000000 ---p 00000000 00:00 0 
7f0c00000000-7f0c00021000 rw-p 00000000 00:00 0 
7f0c00021000-7f0c04000000 ---p 00000000 00:00 0 
7f0c04000000-7f0c04021000 rw-p 00000000 00:00 0 
7f0c04021000-7f0c08000000 ---p 00000000 00:00 0 
7f0c08000000-7f0c08021000 rw-p 00000000 00:00 0 
7f0c08021000-7f0c0c000000 ---p 00000000 00:00 0 
7f0c0c000000-7f0c0c021000 rw-p 00000000 00:00 0 
7f0c0c021000-7f0c10000000 ---p 00000000 00:00 0 
7f0c10000000-7f0c10021000 rw-p 00000000 00:00 0 
7f0c10021000-7f0c14000000 ---p 00000000 00:00 0 
7f0c17000000-7f0c17004000 ---p 00000000 00:00 0 
7f0c17004000-7f0c17100000 rw-p 00000000 00:00 0 
7f0c17100000-7f0c17104000 ---p 00000000 00:00 0 
7f0c17104000-7f0c17200000 rw-p 00000000 00:00 0 
7f0c17200000-7f0c17204000 ---p 00000000 00:00 0 
7f0c17204000-7f0c17300000 rw-p 00000000 00:00 0 
7f0c17300000-7f0c17304000 ---p 00000000 00:00 0 
7f0c17304000-7f0c17400000 rw-p 00000000 00:00 0 
7f0c17400000-7f0c17404000 ---p 00000000 00:00 0 
7f0c17404000-7f0c17500000 rw-p 00000000 00:00 0 
7f0c17500000-7f0c17504000 ---p 00000000 00:00 0 
7f0c17504000-7f0c17600000 rw-p 00000000 00:00 0 
7f0c17600000-7f0c17604000 ---p 00000000 00:00 0 
7f0c17604000-7f0c17700000 rw-p 00000000 00:00 0 
7f0c17700000-7f0c17704000 ---p 00000000 00:00 0 
7f0c17704000-7f0c17800000 rw-p 00000000 00:00 0 
7f0c17800000-7f0c17804000 ---p 00000000 00:00 0 
7f0c17804000-7f0c17900000 rw-p 00000000 00:00 0 
7f0c17900000-7f0c17904000 ---p 00000000 00:00 0 
7f0c17904000-7f0c17a00000 rw-p 00000000 00:00 0 
7f0c17a00000-7f0c17e00000 rw-s 1123a5000 00:11 2076                      anon_inode:i915.gem
7f0c17e00000-7f0c1c1a1000 r--p 00000000 00:23 369208                     /usr/lib64/libLLVM.so.22.1
7f0c1c1a1000-7f0c2067d000 r-xp 043a0000 00:23 369208                     /usr/lib64/libLLVM.so.22.1
7f0c2067d000-7f0c2089e000 r--p 0887b000 00:23 369208                     /usr/lib64/libLLVM.so.22.1
7f0c2089e000-7f0c208a8000 rw-p 08a9b000 00:23 369208                     /usr/lib64/libLLVM.so.22.1
7f0c208a8000-7f0c20954000 rw-p 00000000 00:00 0 
7f0c20a00000-7f0c2293c000 r-xp 00000000 00:23 369292                     /usr/lib64/libgallium-26.1.7.so
7f0c2293c000-7f0c23bd8000 r--p 01f3c000 00:23 369292                     /usr/lib64/libgallium-26.1.7.so
7f0c23bd8000-7f0c23d4c000 r--p 031d7000 00:23 369292                     /usr/lib64/libgallium-26.1.7.so
7f0c23d4c000-7f0c23d82000 rw-p 0334b000 00:23 369292                     /usr/lib64/libgallium-26.1.7.so
7f0c23d82000-7f0c23f4e000 rw-p 00000000 00:00 0 
7f0c23fb5000-7f0c23fcf000 r-xp 00000000 00:23 477988                     /usr/lib64/libnss_myhostname.so.2
7f0c23fcf000-7f0c23fe1000 r--p 0001a000 00:23 477988                     /usr/lib64/libnss_myhostname.so.2
7f0c23fe1000-7f0c23fe6000 r--p 0002c000 00:23 477988                     /usr/lib64/libnss_myhostname.so.2
7f0c23fe6000-7f0c23fe7000 rw-p 00031000 00:23 477988                     /usr/lib64/libnss_myhostname.so.2
7f0c24000000-7f0c24021000 rw-p 00000000 00:00 0 
7f0c24021000-7f0c28000000 ---p 00000000 00:00 0 
7f0c28000000-7f0c28021000 rw-p 00000000 00:00 0 
7f0c28021000-7f0c2c000000 ---p 00000000 00:00 0 
7f0c2c000000-7f0c2c021000 rw-p 00000000 00:00 0 
7f0c2c021000-7f0c30000000 ---p 00000000 00:00 0 
7f0c30000000-7f0c30021000 rw-p 00000000 00:00 0 
7f0c30021000-7f0c34000000 ---p 00000000 00:00 0 
7f0c34000000-7f0c34021000 rw-p 00000000 00:00 0 
7f0c34021000-7f0c38000000 ---p 00000000 00:00 0 
7f0c38000000-7f0c38021000 rw-p 00000000 00:00 0 
7f0c38021000-7f0c3c000000 ---p 00000000 00:00 0 
7f0c3c000000-7f0c3c021000 rw-p 00000000 00:00 0 
7f0c3c021000-7f0c40000000 ---p 00000000 00:00 0 
7f0c40000000-7f0c40021000 rw-p 00000000 00:00 0 
7f0c40021000-7f0c44000000 ---p 00000000 00:00 0 
7f0c44000000-7f0c44021000 rw-p 00000000 00:00 0 
7f0c44021000-7f0c48000000 ---p 00000000 00:00 0 
7f0c48000000-7f0c48022000 rw-p 00000000 00:00 0 
7f0c48022000-7f0c4c000000 ---p 00000000 00:00 0 
7f0c4c000000-7f0c4c022000 rw-p 00000000 00:00 0 
7f0c4c022000-7f0c50000000 ---p 00000000 00:00 0 
7f0c50000000-7f0c50021000 rw-p 00000000 00:00 0 
7f0c50021000-7f0c54000000 ---p 00000000 00:00 0 
7f0c5400e000-7f0c5402e000 rw-s 100706000 00:11 2076                      anon_inode:i915.gem
7f0c5402e000-7f0c5404e000 rw-s 112ba5000 00:11 2076                      anon_inode:i915.gem
7f0c5404e000-7f0c5424e000 rw-s 106695000 00:11 2076                      anon_inode:i915.gem
7f0c5424e000-7f0c5428e000 rw-s 102364000 00:11 2076                      anon_inode:i915.gem
7f0c5428e000-7f0c542ce000 rw-s 116385000 00:11 2076                      anon_inode:i915.gem
7f0c542ce000-7f0c54366000 r--p 00000000 00:23 81104                      /usr/share/fonts/google-noto/NotoSans-Regular.ttf
7f0c54366000-7f0c543fe000 r--p 00000000 00:23 81104                      /usr/share/fonts/google-noto/NotoSans-Regular.ttf
7f0c543fe000-7f0c55400000 rw-p 00000000 00:00 0 
7f0c55400000-7f0c55601000 rw-s 00000000 00:23 337                        /home/caleb/.cache/mesa_shader_cache/index
7f0c55608000-7f0c55618000 rw-s 1163c5000 00:11 2076                      anon_inode:i915.gem
7f0c55618000-7f0c55628000 rw-s 104e12000 00:11 2076                      anon_inode:i915.gem
7f0c55628000-7f0c55638000 rw-s 110ad5000 00:11 2076                      anon_inode:i915.gem
7f0c55638000-7f0c5563c000 ---p 00000000 00:00 0 
7f0c5563c000-7f0c55738000 rw-p 00000000 00:00 0 
7f0c55738000-7f0c55758000 rw-s 100b60000 00:11 2076                      anon_inode:i915.gem
7f0c55758000-7f0c55778000 rw-s 110a35000 00:11 2076                      anon_inode:i915.gem
7f0c55778000-7f0c55788000 rw-s 101a16000 00:11 2076                      anon_inode:i915.gem
7f0c55788000-7f0c557c8000 rw-s 1094b5000 00:11 2076                      anon_inode:i915.gem
7f0c557c8000-7f0c557dd000 r-xp 00000000 00:23 42746                      /usr/lib64/libtinfo.so.6.6
7f0c557dd000-7f0c557f0000 r--p 00015000 00:23 42746                      /usr/lib64/libtinfo.so.6.6
7f0c557f0000-7f0c557f4000 r--p 00028000 00:23 42746                      /usr/lib64/libtinfo.so.6.6
7f0c557f4000-7f0c557f5000 rw-p 0002c000 00:23 42746                      /usr/lib64/libtinfo.so.6.6
7f0c557f5000-7f0c557fb000 r-xp 00000000 00:23 42512                      /usr/lib64/libpciaccess.so.0.11.1
7f0c557fb000-7f0c557fe000 r--p 00006000 00:23 42512                      /usr/lib64/libpciaccess.so.0.11.1
7f0c557fe000-7f0c557ff000 r--p 00009000 00:23 42512                      /usr/lib64/libpciaccess.so.0.11.1
7f0c557ff000-7f0c55800000 rw-p 00000000 00:00 0 
7f0c55800000-7f0c55972000 r-xp 00000000 00:23 317410                     /usr/lib64/libstdc++.so.6.0.35
7f0c55972000-7f0c55a9d000 r--p 00172000 00:23 317410                     /usr/lib64/libstdc++.so.6.0.35
7f0c55a9d000-7f0c55aae000 r--p 0029d000 00:23 317410                     /usr/lib64/libstdc++.so.6.0.35
7f0c55aae000-7f0c55aaf000 rw-p 002ae000 00:23 317410                     /usr/lib64/libstdc++.so.6.0.35
7f0c55aaf000-7f0c55ab3000 rw-p 00000000 00:00 0 
7f0c55ab9000-7f0c55adc000 r-xp 00000000 00:23 322526                     /usr/lib64/libedit.so.0.0.78
7f0c55adc000-7f0c55aef000 r--p 00023000 00:23 322526                     /usr/lib64/libedit.so.0.0.78
7f0c55aef000-7f0c55af2000 r--p 00035000 00:23 322526                     /usr/lib64/libedit.so.0.0.78
7f0c55af2000-7f0c55af3000 rw-p 00038000 00:23 322526                     /usr/lib64/libedit.so.0.0.78
7f0c55af3000-7f0c55af6000 rw-p 00000000 00:00 0 
7f0c55af6000-7f0c55b0e000 r-xp 00000000 00:23 318995                     /usr/lib64/libdrm_intel.so.1.134.0
7f0c55b0e000-7f0c55b1a000 r--p 00018000 00:23 318995                     /usr/lib64/libdrm_intel.so.1.134.0
7f0c55b1a000-7f0c55b1b000 r--p 00023000 00:23 318995                     /usr/lib64/libdrm_intel.so.1.134.0
7f0c55b1b000-7f0c55b1c000 rw-p 00024000 00:23 318995                     /usr/lib64/libdrm_intel.so.1.134.0
7f0c55b1c000-7f0c55b23000 r-xp 00000000 00:23 318993                     /usr/lib64/libdrm_amdgpu.so.1.134.0
7f0c55b23000-7f0c55b28000 r--p 00007000 00:23 318993                     /usr/lib64/libdrm_amdgpu.so.1.134.0
7f0c55b28000-7f0c55b29000 r--p 0000b000 00:23 318993                     /usr/lib64/libdrm_amdgpu.so.1.134.0
7f0c55b29000-7f0c55b2a000 rw-p 00000000 00:00 0 
7f0c55b2a000-7f0c55b3e000 r-xp 00000000 00:23 319995                     /usr/lib64/libelf-0.195.so
7f0c55b3e000-7f0c55b45000 r--p 00014000 00:23 319995                     /usr/lib64/libelf-0.195.so
7f0c55b45000-7f0c55b46000 r--p 0001b000 00:23 319995                     /usr/lib64/libelf-0.195.so
7f0c55b46000-7f0c55b47000 rw-p 00000000 00:00 0 
7f0c55b47000-7f0c55b48000 r-xp 00000000 00:23 42941                      /usr/lib64/libxshmfence.so.1.0.0
7f0c55b48000-7f0c55b49000 r--p 00001000 00:23 42941                      /usr/lib64/libxshmfence.so.1.0.0
7f0c55b49000-7f0c55b4a000 r--p 00001000 00:23 42941                      /usr/lib64/libxshmfence.so.1.0.0
7f0c55b4a000-7f0c55b4b000 rw-p 00002000 00:23 42941                      /usr/lib64/libxshmfence.so.1.0.0
7f0c55b4b000-7f0c55b51000 r-xp 00000000 00:23 42898                      /usr/lib64/libxcb-randr.so.0.1.0
7f0c55b51000-7f0c55b5b000 r--p 00006000 00:23 42898                      /usr/lib64/libxcb-randr.so.0.1.0
7f0c55b5b000-7f0c55b5c000 r--p 00010000 00:23 42898                      /usr/lib64/libxcb-randr.so.0.1.0
7f0c55b5c000-7f0c55b5d000 rw-p 00011000 00:23 42898                      /usr/lib64/libxcb-randr.so.0.1.0
7f0c55b5d000-7f0c55b65000 r-xp 00000000 00:23 42654                      /usr/lib64/libsensors.so.4.5.0
7f0c55b65000-7f0c55b6a000 r--p 00008000 00:23 42654                      /usr/lib64/libsensors.so.4.5.0
7f0c55b6a000-7f0c55b6b000 r--p 0000d000 00:23 42654                      /usr/lib64/libsensors.so.4.5.0
7f0c55b6b000-7f0c55b6c000 rw-p 0000e000 00:23 42654                      /usr/lib64/libsensors.so.4.5.0
7f0c55b6c000-7f0c55c74000 r-xp 00000000 00:23 41034                      /usr/lib64/libSPIRV-Tools.so
7f0c55c74000-7f0c55d07000 r--p 00108000 00:23 41034                      /usr/lib64/libSPIRV-Tools.so
7f0c55d07000-7f0c55d0a000 r--p 0019b000 00:23 41034                      /usr/lib64/libSPIRV-Tools.so
7f0c55d0a000-7f0c55d0b000 rw-p 0019e000 00:23 41034                      /usr/lib64/libSPIRV-Tools.so
7f0c55d0b000-7f0c55dd4000 r-xp 00000000 00:23 42956                      /usr/lib64/libzstd.so.1.5.7
7f0c55dd4000-7f0c55df2000 r--p 000c9000 00:23 42956                      /usr/lib64/libzstd.so.1.5.7
7f0c55df2000-7f0c55df4000 r--p 000e6000 00:23 42956                      /usr/lib64/libzstd.so.1.5.7
7f0c55df4000-7f0c55df5000 rw-p 00000000 00:00 0 
7f0c55df5000-7f0c55df9000 ---p 00000000 00:00 0 
7f0c55df9000-7f0c55ef5000 rw-p 00000000 00:00 0 
7f0c55ef5000-7f0c55ef9000 ---p 00000000 00:00 0 
7f0c55ef9000-7f0c58000000 rw-p 00000000 00:00 0 
7f0c58000000-7f0c58021000 rw-p 00000000 00:00 0 
7f0c58021000-7f0c5c000000 ---p 00000000 00:00 0 
7f0c5c000000-7f0c5d93e000 rw-p 00000000 00:00 0 
7f0c5d93e000-7f0c60000000 ---p 00000000 00:00 0 
7f0c60000000-7f0c60021000 rw-p 00000000 00:00 0 
7f0c60021000-7f0c64000000 ---p 00000000 00:00 0 
7f0c64000000-7f0c64021000 rw-p 00000000 00:00 0 
7f0c64021000-7f0c68000000 ---p 00000000 00:00 0 
7f0c68000000-7f0c680af000 rw-p 00000000 00:00 0 
7f0c680af000-7f0c6c000000 ---p 00000000 00:00 0 
7f0c6c000000-7f0c6c023000 rw-p 00000000 00:00 0 
7f0c6c023000-7f0c70000000 ---p 00000000 00:00 0 
7f0c70000000-7f0c70021000 rw-p 00000000 00:00 0 
7f0c70021000-7f0c74000000 ---p 00000000 00:00 0 
7f0c74000000-7f0c74171000 rw-p 00000000 00:00 0 
7f0c74171000-7f0c78000000 ---p 00000000 00:00 0 
7f0c78000000-7f0c78021000 rw-p 00000000 00:00 0 
7f0c78021000-7f0c7c000000 ---p 00000000 00:00 0 
7f0c7c001000-7f0c7c003000 rw-s 105f62000 00:11 2076                      anon_inode:i915.gem
7f0c7c003000-7f0c7c006000 r-xp 00000000 00:23 42906                      /usr/lib64/libxcb-sync.so.1.0.0
7f0c7c006000-7f0c7c009000 r--p 00003000 00:23 42906                      /usr/lib64/libxcb-sync.so.1.0.0
7f0c7c009000-7f0c7c00a000 r--p 00006000 00:23 42906                      /usr/lib64/libxcb-sync.so.1.0.0
7f0c7c00a000-7f0c7c00b000 rw-p 00007000 00:23 42906                      /usr/lib64/libxcb-sync.so.1.0.0
7f0c7c00b000-7f0c7c00e000 r-xp 00000000 00:23 42909                      /usr/lib64/libxcb-xfixes.so.0.0.0
7f0c7c00e000-7f0c7c012000 r--p 00003000 00:23 42909                      /usr/lib64/libxcb-xfixes.so.0.0.0
7f0c7c012000-7f0c7c013000 r--p 00007000 00:23 42909                      /usr/lib64/libxcb-xfixes.so.0.0.0
7f0c7c013000-7f0c7c014000 rw-p 00008000 00:23 42909                      /usr/lib64/libxcb-xfixes.so.0.0.0
7f0c7c014000-7f0c7c015000 r-xp 00000000 00:23 42897                      /usr/lib64/libxcb-present.so.0.0.0
7f0c7c015000-7f0c7c017000 r--p 00001000 00:23 42897                      /usr/lib64/libxcb-present.so.0.0.0
7f0c7c017000-7f0c7c018000 r--p 00002000 00:23 42897                      /usr/lib64/libxcb-present.so.0.0.0
7f0c7c018000-7f0c7c019000 rw-p 00003000 00:23 42897                      /usr/lib64/libxcb-present.so.0.0.0
7f0c7c019000-7f0c7c01b000 r-xp 00000000 00:23 42891                      /usr/lib64/libxcb-dri3.so.0.1.0
7f0c7c01b000-7f0c7c01d000 r--p 00002000 00:23 42891                      /usr/lib64/libxcb-dri3.so.0.1.0
7f0c7c01d000-7f0c7c01e000 r--p 00004000 00:23 42891                      /usr/lib64/libxcb-dri3.so.0.1.0
7f0c7c01e000-7f0c7c01f000 rw-p 00005000 00:23 42891                      /usr/lib64/libxcb-dri3.so.0.1.0
7f0c7c01f000-7f0c7c040000 r-xp 00000000 00:23 244773                     /usr/lib64/libexpat.so.1.12.1
7f0c7c040000-7f0c7c04a000 r--p 00021000 00:23 244773                     /usr/lib64/libexpat.so.1.12.1
7f0c7c04a000-7f0c7c04c000 r--p 0002b000 00:23 244773                     /usr/lib64/libexpat.so.1.12.1
7f0c7c04c000-7f0c7c04d000 rw-p 00000000 00:00 0 
7f0c7c04d000-7f0c7c050000 r-xp 00000000 00:23 41063                      /usr/lib64/libXxf86vm.so.1.0.0
7f0c7c050000-7f0c7c052000 r--p 00003000 00:23 41063                      /usr/lib64/libXxf86vm.so.1.0.0
7f0c7c052000-7f0c7c053000 r--p 00004000 00:23 41063                      /usr/lib64/libXxf86vm.so.1.0.0
7f0c7c053000-7f0c7c054000 rw-p 00005000 00:23 41063                      /usr/lib64/libXxf86vm.so.1.0.0
7f0c7c054000-7f0c7c05d000 r-xp 00000000 00:23 42893                      /usr/lib64/libxcb-glx.so.0.0.0
7f0c7c05d000-7f0c7c06d000 r--p 00009000 00:23 42893                      /usr/lib64/libxcb-glx.so.0.0.0
7f0c7c06d000-7f0c7c06f000 r--p 00019000 00:23 42893                      /usr/lib64/libxcb-glx.so.0.0.0
7f0c7c06f000-7f0c7c070000 rw-p 0001b000 00:23 42893                      /usr/lib64/libxcb-glx.so.0.0.0
7f0c7c070000-7f0c7c07c000 r-xp 00000000 00:23 318991                     /usr/lib64/libdrm.so.2.134.0
7f0c7c07c000-7f0c7c084000 r--p 0000c000 00:23 318991                     /usr/lib64/libdrm.so.2.134.0
7f0c7c084000-7f0c7c085000 r--p 00014000 00:23 318991                     /usr/lib64/libdrm.so.2.134.0
7f0c7c085000-7f0c7c086000 rw-p 00000000 00:00 0 
7f0c7c086000-7f0c7c0c8000 r-xp 00000000 00:23 455378                     /usr/lib64/libGLX_mesa.so.0.0.0
7f0c7c0c8000-7f0c7c0dc000 r--p 00042000 00:23 455378                     /usr/lib64/libGLX_mesa.so.0.0.0
7f0c7c0dc000-7f0c7c0e0000 r--p 00056000 00:23 455378                     /usr/lib64/libGLX_mesa.so.0.0.0
7f0c7c0e0000-7f0c7c0e1000 rw-p 0005a000 00:23 455378                     /usr/lib64/libGLX_mesa.so.0.0.0
7f0c7c0e1000-7f0c7c0e3000 rw-s 10ad83000 00:11 2076                      anon_inode:i915.gem
7f0c7c0e3000-7f0c7c0e5000 rw-s 101dc8000 00:11 2076                      anon_inode:i915.gem
7f0c7c0e5000-7f0c7c0e7000 rw-s 100ba1000 00:11 2076                      anon_inode:i915.gem
7f0c7c0e7000-7f0c7c0e8000 rw-s 00000000 00:01 69842                      /memfd:xshmfence (deleted)
7f0c7c0e8000-7f0c7c0e9000 rw-s 10550e000 00:11 2076                      anon_inode:i915.gem
7f0c7c0e9000-7f0c7c0ea000 rw-s 1044fe000 00:11 2076                      anon_inode:i915.gem
7f0c7c0ea000-7f0c7c0fa000 rw-s 102474000 00:11 2076                      anon_inode:i915.gem
7f0c7c0fa000-7f0c7c0fb000 r--p 00000000 00:4d 216010702                  /tmp/.mount_openflCl8K9q/lib/runtime/lib/libjawt.so
7f0c7c0fb000-7f0c7c0fc000 r-xp 00001000 00:4d 216010702                  /tmp/.mount_openflCl8K9q/lib/runtime/lib/libjawt.so
7f0c7c0fc000-7f0c7c0fd000 r--p 00002000 00:4d 216010702                  /tmp/.mount_openflCl8K9q/lib/runtime/lib/libjawt.so
7f0c7c0fd000-7f0c7c0fe000 r--p 00002000 00:4d 216010702                  /tmp/.mount_openflCl8K9q/lib/runtime/lib/libjawt.so
7f0c7c0fe000-7f0c7c0ff000 rw-p 00003000 00:4d 216010702                  /tmp/.mount_openflCl8K9q/lib/runtime/lib/libjawt.so
7f0c7c0ff000-7f0c7c200000 rw-p 00000000 00:00 0 
7f0c7c2b1000-7f0c7cab2000 rw-p 00000000 00:00 0 
7f0c7cae0000-7f0c7cb6a000 r-xp 00000000 00:23 372092                     /usr/lib64/libpipewire-0.3.so.0.1608.0
7f0c7cb6a000-7f0c7cb94000 r--p 0008a000 00:23 372092                     /usr/lib64/libpipewire-0.3.so.0.1608.0
7f0c7cb94000-7f0c7cbb0000 r--p 000b3000 00:23 372092                     /usr/lib64/libpipewire-0.3.so.0.1608.0
7f0c7cbb0000-7f0c7cbb1000 rw-p 000cf000 00:23 372092                     /usr/lib64/libpipewire-0.3.so.0.1608.0
7f0c7cbb1000-7f0c7cbb2000 rw-p 00000000 00:00 0 
7f0c7cbb2000-7f0c7cbb3000 r-xp 00000000 00:23 41038                      /usr/lib64/libX11-xcb.so.1.0.0
7f0c7cbb3000-7f0c7cbb4000 r--p 00001000 00:23 41038                      /usr/lib64/libX11-xcb.so.1.0.0
7f0c7cbb4000-7f0c7cbb5000 r--p 00001000 00:23 41038                      /usr/lib64/libX11-xcb.so.1.0.0
7f0c7cbb5000-7f0c7cbb6000 rw-p 00000000 00:00 0 
7f0c7cbcb000-7f0c7cbd3000 r-xp 00000000 00:23 58392                      /usr/lib64/vlc/plugins/audio_output/libaout_pipewire_plugin.so
7f0c7cbd3000-7f0c7cbd6000 r--p 00008000 00:23 58392                      /usr/lib64/vlc/plugins/audio_output/libaout_pipewire_plugin.so
7f0c7cbd6000-7f0c7cbd7000 r--p 0000a000 00:23 58392                      /usr/lib64/vlc/plugins/audio_output/libaout_pipewire_plugin.so
7f0c7cbd7000-7f0c7cbd8000 rw-p 00000000 00:00 0 
7f0c7cbd8000-7f0c7cbd9000 r-xp 00000000 00:23 224976                     /usr/lib64/vlc/plugins/keystore/libmemory_keystore_plugin.so
7f0c7cbd9000-7f0c7cbda000 r--p 00001000 00:23 224976                     /usr/lib64/vlc/plugins/keystore/libmemory_keystore_plugin.so
7f0c7cbda000-7f0c7cbdb000 r--p 00001000 00:23 224976                     /usr/lib64/vlc/plugins/keystore/libmemory_keystore_plugin.so
7f0c7cbdb000-7f0c7cbdc000 rw-p 00000000 00:00 0 
7f0c7cbdc000-7f0c7cbdd000 r-xp 00000000 00:23 224977                     /usr/lib64/vlc/plugins/logger/libconsole_logger_plugin.so
7f0c7cbdd000-7f0c7cbde000 r--p 00001000 00:23 224977                     /usr/lib64/vlc/plugins/logger/libconsole_logger_plugin.so
7f0c7cbde000-7f0c7cbdf000 r--p 00001000 00:23 224977                     /usr/lib64/vlc/plugins/logger/libconsole_logger_plugin.so
7f0c7cbdf000-7f0c7cbe0000 rw-p 00000000 00:00 0 
7f0c7cbe0000-7f0c7cbe1000 r-xp 00000000 00:23 224978                     /usr/lib64/vlc/plugins/logger/libfile_logger_plugin.so
7f0c7cbe1000-7f0c7cbe2000 r--p 00001000 00:23 224978                     /usr/lib64/vlc/plugins/logger/libfile_logger_plugin.so
7f0c7cbe2000-7f0c7cbe3000 r--p 00002000 00:23 224978                     /usr/lib64/vlc/plugins/logger/libfile_logger_plugin.so
7f0c7cbe3000-7f0c7cbe4000 rw-p 00000000 00:00 0 
7f0c7cbe4000-7f0c7cbe5000 r-xp 00000000 00:23 224980                     /usr/lib64/vlc/plugins/logger/libsyslog_plugin.so
7f0c7cbe5000-7f0c7cbe6000 r--p 00001000 00:23 224980                     /usr/lib64/vlc/plugins/logger/libsyslog_plugin.so
7f0c7cbe6000-7f0c7cbe7000 r--p 00001000 00:23 224980                     /usr/lib64/vlc/plugins/logger/libsyslog_plugin.so
7f0c7cbe7000-7f0c7cbe8000 rw-p 00000000 00:00 0 
7f0c7cbe8000-7f0c7cbe9000 r-xp 00000000 00:23 224979                     /usr/lib64/vlc/plugins/logger/libsd_journal_plugin.so
7f0c7cbe9000-7f0c7cbea000 r--p 00001000 00:23 224979                     /usr/lib64/vlc/plugins/logger/libsd_journal_plugin.so
7f0c7cbea000-7f0c7cbeb000 r--p 00001000 00:23 224979                     /usr/lib64/vlc/plugins/logger/libsd_journal_plugin.so
7f0c7cbeb000-7f0c7cbec000 rw-p 00000000 00:00 0 
7f0c7cbec000-7f0c7cc32000 r--s 00000000 00:23 236451                     /usr/lib64/vlc/plugins/plugins.dat
7f0c7cc32000-7f0c7cc78000 r--s 00000000 00:23 236451                     /usr/lib64/vlc/plugins/plugins.dat
7f0c7cc78000-7f0c7cc7c000 ---p 00000000 00:00 0 
7f0c7cc7c000-7f0c7cd78000 rw-p 00000000 00:00 0 
7f0c7cd78000-7f0c7cd7c000 ---p 00000000 00:00 0 
7f0c7cd7c000-7f0c7ce78000 rw-p 00000000 00:00 0 
7f0c7ce78000-7f0c7ce7c000 ---p 00000000 00:00 0 
7f0c7ce7c000-7f0c7cf78000 rw-p 00000000 00:00 0 
7f0c7cf78000-7f0c7cf7c000 ---p 00000000 00:00 0 
7f0c7cf7c000-7f0c7d078000 rw-p 00000000 00:00 0 
7f0c7d078000-7f0c7d07c000 ---p 00000000 00:00 0 
7f0c7d07c000-7f0c7d178000 rw-p 00000000 00:00 0 
7f0c7d178000-7f0c7d17c000 ---p 00000000 00:00 0 
7f0c7d17c000-7f0c7d278000 rw-p 00000000 00:00 0 
7f0c7d278000-7f0c7d27c000 ---p 00000000 00:00 0 
7f0c7d27c000-7f0c7d378000 rw-p 00000000 00:00 0 
7f0c7d378000-7f0c7d37d000 r--s 00000000 00:23 22687                      /usr/lib/fontconfig/cache/cc8b894d3abbdf0310c48629c0737d80-le64.cache-9
7f0c7d37d000-7f0c7d39a000 r--s 00000000 00:23 22662                      /usr/lib/fontconfig/cache/123d59b33ddb0e7c76bb24004bd5cfac-le64.cache-9
7f0c7d39a000-7f0c7d39f000 r--s 00000000 00:23 22663                      /usr/lib/fontconfig/cache/131ab5cc1583381c4f7ce0194912c56d-le64.cache-9
7f0c7d39f000-7f0c7d3a2000 r--s 00000000 00:23 280145                     /usr/lib/fontconfig/cache/5f83c5e20bd7d0a7cb83b2e020f779d2-le64.cache-9
7f0c7d3a2000-7f0c7d3a4000 r--s 00000000 00:23 22660                      /usr/lib/fontconfig/cache/01d40cee498be4726842ba21cbce24ab-le64.cache-9
7f0c7d3a4000-7f0c7d3a9000 r--s 00000000 00:23 22666                      /usr/lib/fontconfig/cache/29c8f5b6bf15d25ebb2e963855ab41be-le64.cache-9
7f0c7d3a9000-7f0c7d40b000 r--s 00000000 00:23 22688                      /usr/lib/fontconfig/cache/d63f98f14a274bd69a5425fc33aaac6b-le64.cache-9
7f0c7d40b000-7f0c7d41e000 r--s 00000000 00:23 22672                      /usr/lib/fontconfig/cache/42536ef14367b24656ac994a93d66238-le64.cache-9
7f0c7d41e000-7f0c7d474000 r--s 00000000 00:23 22677                      /usr/lib/fontconfig/cache/7ee6df7a8311986241317a58487e0145-le64.cache-9
7f0c7d474000-7f0c7d5b8000 r-xp 00000000 00:23 319010                     /usr/lib64/libsqlite3.so.3.51.2
7f0c7d5b8000-7f0c7d5f7000 r--p 00144000 00:23 319010                     /usr/lib64/libsqlite3.so.3.51.2
7f0c7d5f7000-7f0c7d5fb000 r--p 00182000 00:23 319010                     /usr/lib64/libsqlite3.so.3.51.2
7f0c7d5fb000-7f0c7d5ff000 rw-p 00186000 00:23 319010                     /usr/lib64/libsqlite3.so.3.51.2
7f0c7d5ff000-7f0c7d600000 rw-p 00000000 00:00 0 
7f0c7d600000-7f0c7d950000 r-xp 00000000 00:23 456671                     /usr/lib64/libglycin-2.so.0
7f0c7d950000-7f0c7da0b000 r--p 00350000 00:23 456671                     /usr/lib64/libglycin-2.so.0
7f0c7da0b000-7f0c7da24000 r--p 0040a000 00:23 456671                     /usr/lib64/libglycin-2.so.0
7f0c7da24000-7f0c7da27000 rw-p 00423000 00:23 456671                     /usr/lib64/libglycin-2.so.0
7f0c7da27000-7f0c7da28000 rw-s 1044fd000 00:11 2076                      anon_inode:i915.gem
7f0c7da28000-7f0c7da33000 r--s 00000000 00:23 22690                      /usr/lib/fontconfig/cache/efcfae1a52990961975415036867654f-le64.cache-9
7f0c7da33000-7f0c7da46000 r--s 00000000 00:23 22685                      /usr/lib/fontconfig/cache/c4be257954870c0bf6972134c1de66d5-le64.cache-9
7f0c7da46000-7f0c7da4f000 r--s 00000000 00:23 22674                      /usr/lib/fontconfig/cache/6ee3103884cce7b2fe6f32eba9089175-le64.cache-9
7f0c7da4f000-7f0c7da5e000 r-xp 00000000 00:23 320009                     /usr/lib64/libseccomp.so.2.6.1
7f0c7da5e000-7f0c7da79000 r--p 0000f000 00:23 320009                     /usr/lib64/libseccomp.so.2.6.1
7f0c7da79000-7f0c7da7a000 r--p 00029000 00:23 320009                     /usr/lib64/libseccomp.so.2.6.1
7f0c7da7a000-7f0c7da7b000 rw-p 0002a000 00:23 320009                     /usr/lib64/libseccomp.so.2.6.1
7f0c7da7b000-7f0c7dac3000 r-xp 00000000 00:23 42249                      /usr/lib64/liblcms2.so.2.0.16
7f0c7dac3000-7f0c7dadf000 r--p 00048000 00:23 42249                      /usr/lib64/liblcms2.so.2.0.16
7f0c7dadf000-7f0c7dae2000 r--p 00063000 00:23 42249                      /usr/lib64/liblcms2.so.2.0.16
7f0c7dae2000-7f0c7dae5000 rw-p 00066000 00:23 42249                      /usr/lib64/liblcms2.so.2.0.16
7f0c7dae5000-7f0c7dae6000 rw-p 00000000 00:00 0 
7f0c7dae6000-7f0c7db0e000 r-xp 00000000 00:23 318965                     /usr/lib64/libblkid.so.1.1.0
7f0c7db0e000-7f0c7db1c000 r--p 00028000 00:23 318965                     /usr/lib64/libblkid.so.1.1.0
7f0c7db1c000-7f0c7db22000 r--p 00036000 00:23 318965                     /usr/lib64/libblkid.so.1.1.0
7f0c7db22000-7f0c7db23000 rw-p 0003c000 00:23 318965                     /usr/lib64/libblkid.so.1.1.0
7f0c7db23000-7f0c7db3c000 r-xp 00000000 00:23 42181                      /usr/lib64/libjson-glib-1.0.so.0.1000.8
7f0c7db3c000-7f0c7db4d000 r--p 00019000 00:23 42181                      /usr/lib64/libjson-glib-1.0.so.0.1000.8
7f0c7db4d000-7f0c7db4e000 r--p 0002a000 00:23 42181                      /usr/lib64/libjson-glib-1.0.so.0.1000.8
7f0c7db4e000-7f0c7db4f000 rw-p 00000000 00:00 0 
7f0c7db4f000-7f0c7dbe2000 r-xp 00000000 00:23 42530                      /usr/lib64/libpixman-1.so.0.46.2
7f0c7dbe2000-7f0c7dbf7000 r--p 00093000 00:23 42530                      /usr/lib64/libpixman-1.so.0.46.2
7f0c7dbf7000-7f0c7dbff000 r--p 000a8000 00:23 42530                      /usr/lib64/libpixman-1.so.0.46.2
7f0c7dbff000-7f0c7dc00000 rw-p 000b0000 00:23 42530                      /usr/lib64/libpixman-1.so.0.46.2
7f0c7dc00000-7f0c7dfd8000 r-xp 00000000 00:23 381725                     /usr/lib64/libgtk-3.so.0.2420.32
7f0c7dfd8000-7f0c7e327000 r--p 003d8000 00:23 381725                     /usr/lib64/libgtk-3.so.0.2420.32
7f0c7e327000-7f0c7e33a000 r--p 00726000 00:23 381725                     /usr/lib64/libgtk-3.so.0.2420.32
7f0c7e33a000-7f0c7e33c000 rw-p 00739000 00:23 381725                     /usr/lib64/libgtk-3.so.0.2420.32
7f0c7e33c000-7f0c7e341000 rw-p 00000000 00:00 0 
7f0c7e341000-7f0c7e342000 r--s 00000000 00:23 22684                      /usr/lib/fontconfig/cache/b2307de753f1224d9542f27e8b3975ae-le64.cache-9
7f0c7e342000-7f0c7e344000 r--s 00000000 00:23 22679                      /usr/lib/fontconfig/cache/9d9e7a658cb1f50f02561d1ed3ca8bca-le64.cache-9
7f0c7e344000-7f0c7e349000 r-xp 00000000 00:23 41526                      /usr/lib64/libdatrie.so.1.4.1
7f0c7e349000-7f0c7e34b000 r--p 00005000 00:23 41526                      /usr/lib64/libdatrie.so.1.4.1
7f0c7e34b000-7f0c7e34c000 r--p 00007000 00:23 41526                      /usr/lib64/libdatrie.so.1.4.1
7f0c7e34c000-7f0c7e34d000 rw-p 00000000 00:00 0 
7f0c7e34d000-7f0c7e36b000 r-xp 00000000 00:23 374682                     /usr/lib64/libatspi.so.0.0.1
7f0c7e36b000-7f0c7e386000 r--p 0001e000 00:23 374682                     /usr/lib64/libatspi.so.0.0.1
7f0c7e386000-7f0c7e38a000 r--p 00039000 00:23 374682                     /usr/lib64/libatspi.so.0.0.1
7f0c7e38a000-7f0c7e38b000 rw-p 0003d000 00:23 374682                     /usr/lib64/libatspi.so.0.0.1
7f0c7e38b000-7f0c7e391000 r-xp 00000000 00:23 42901                      /usr/lib64/libxcb-render.so.0.0.0
7f0c7e391000-7f0c7e398000 r--p 00006000 00:23 42901                      /usr/lib64/libxcb-render.so.0.0.0
7f0c7e398000-7f0c7e399000 r--p 0000d000 00:23 42901                      /usr/lib64/libxcb-render.so.0.0.0
7f0c7e399000-7f0c7e39a000 rw-p 0000e000 00:23 42901                      /usr/lib64/libxcb-render.so.0.0.0
7f0c7e39a000-7f0c7e39f000 r-xp 00000000 00:23 42738                      /usr/lib64/libthai.so.0.3.2
7f0c7e39f000-7f0c7e3a4000 r--p 00005000 00:23 42738                      /usr/lib64/libthai.so.0.3.2
7f0c7e3a4000-7f0c7e3a5000 r--p 00009000 00:23 42738                      /usr/lib64/libthai.so.0.3.2
7f0c7e3a5000-7f0c7e3a6000 rw-p 0000a000 00:23 42738                      /usr/lib64/libthai.so.0.3.2
7f0c7e3a6000-7f0c7e3e4000 r-xp 00000000 00:23 320476                     /usr/lib64/libmount.so.1.1.0
7f0c7e3e4000-7f0c7e3fd000 r--p 0003e000 00:23 320476                     /usr/lib64/libmount.so.1.1.0
7f0c7e3fd000-7f0c7e3ff000 r--p 00057000 00:23 320476                     /usr/lib64/libmount.so.1.1.0
7f0c7e3ff000-7f0c7e400000 rw-p 00059000 00:23 320476                     /usr/lib64/libmount.so.1.1.0
7f0c7e400000-7f0c7fd1a000 r-xp 00000000 00:4d 2972                       /tmp/.mount_openflCl8K9q/lib/app/libskiko-linux-x64.so
7f0c7fd1a000-7f0c7ff19000 ---p 0191a000 00:4d 2972                       /tmp/.mount_openflCl8K9q/lib/app/libskiko-linux-x64.so
7f0c7ff19000-7f0c7ff57000 r--p 01919000 00:4d 2972                       /tmp/.mount_openflCl8K9q/lib/app/libskiko-linux-x64.so
7f0c7ff57000-7f0c7ff5a000 rw-p 01957000 00:4d 2972                       /tmp/.mount_openflCl8K9q/lib/app/libskiko-linux-x64.so
7f0c7ff5a000-7f0c7ff66000 rw-p 00000000 00:00 0 
7f0c7ff66000-7f0c7ff6d000 r--s 00000000 00:23 236435                     /usr/lib/fontconfig/cache/614d1caaa4d7914789410f6367de37ca-le64.cache-9
7f0c7ff6d000-7f0c7ff8f000 r-xp 00000000 00:23 320470                     /usr/lib64/libselinux.so.1
7f0c7ff8f000-7f0c7ff9d000 r--p 00022000 00:23 320470                     /usr/lib64/libselinux.so.1
7f0c7ff9d000-7f0c7ff9e000 r--p 00030000 00:23 320470                     /usr/lib64/libselinux.so.1
7f0c7ff9e000-7f0c7ff9f000 rw-p 00031000 00:23 320470                     /usr/lib64/libselinux.so.1
7f0c7ff9f000-7f0c7ffa1000 rw-p 00000000 00:00 0 
7f0c7ffa1000-7f0c7ffd1000 r-xp 00000000 00:23 42923                      /usr/lib64/libxkbcommon.so.0.13.1
7f0c7ffd1000-7f0c7fffd000 r--p 00030000 00:23 42923                      /usr/lib64/libxkbcommon.so.0.13.1
7f0c7fffd000-7f0c7ffff000 r--p 0005b000 00:23 42923                      /usr/lib64/libxkbcommon.so.0.13.1
7f0c7ffff000-7f0c80000000 rw-p 0005d000 00:23 42923                      /usr/lib64/libxkbcommon.so.0.13.1
7f0c80000000-7f0c80021000 rw-p 00000000 00:00 0 
7f0c80021000-7f0c84000000 ---p 00000000 00:00 0 
7f0c84000000-7f0c84021000 rw-p 00000000 00:00 0 
7f0c84021000-7f0c88000000 ---p 00000000 00:00 0 
7f0c88000000-7f0c88021000 rw-p 00000000 00:00 0 
7f0c88021000-7f0c8c000000 ---p 00000000 00:00 0 
7f0c8c000000-7f0c8c021000 rw-p 00000000 00:00 0 
7f0c8c021000-7f0c90000000 ---p 00000000 00:00 0 
7f0c90000000-7f0c917e7000 rw-p 00000000 00:00 0 
7f0c917e7000-7f0c94000000 ---p 00000000 00:00 0 
7f0c94000000-7f0c94a04000 rw-p 00000000 00:00 0 
7f0c94a04000-7f0c98000000 ---p 00000000 00:00 0 
7f0c98000000-7f0c98021000 rw-p 00000000 00:00 0 
7f0c98021000-7f0c9c000000 ---p 00000000 00:00 0 
7f0c9c000000-7f0c9c021000 rw-p 00000000 00:00 0 
7f0c9c021000-7f0ca0000000 ---p 00000000 00:00 0 
7f0ca0000000-7f0ca0021000 rw-p 00000000 00:00 0 
7f0ca0021000-7f0ca4000000 ---p 00000000 00:00 0 
7f0ca4000000-7f0ca4021000 rw-p 00000000 00:00 0 
7f0ca4021000-7f0ca8000000 ---p 00000000 00:00 0 
7f0ca8000000-7f0ca8021000 rw-p 00000000 00:00 0 
7f0ca8021000-7f0cac000000 ---p 00000000 00:00 0 
7f0cac000000-7f0cac003000 r--s 00000000 00:23 22676                      /usr/lib/fontconfig/cache/71fe2b50576cdbc5f931776365d4a6ea-le64.cache-9
7f0cac003000-7f0cac005000 r--s 00000000 00:23 22689                      /usr/lib/fontconfig/cache/e5da922122f90e18ce9aab86d5c2b324-le64.cache-9
7f0cac005000-7f0cac006000 r-xp 00000000 00:23 42905                      /usr/lib64/libxcb-shm.so.0.0.0
7f0cac006000-7f0cac007000 r--p 00001000 00:23 42905                      /usr/lib64/libxcb-shm.so.0.0.0
7f0cac007000-7f0cac008000 r--p 00002000 00:23 42905                      /usr/lib64/libxcb-shm.so.0.0.0
7f0cac008000-7f0cac009000 rw-p 00003000 00:23 42905                      /usr/lib64/libxcb-shm.so.0.0.0
7f0cac009000-7f0cac014000 r-xp 00000000 00:23 41878                      /usr/lib64/libffi.so.8.2.0
7f0cac014000-7f0cac017000 r--p 0000b000 00:23 41878                      /usr/lib64/libffi.so.8.2.0
7f0cac017000-7f0cac018000 r--p 0000e000 00:23 41878                      /usr/lib64/libffi.so.8.2.0
7f0cac018000-7f0cac019000 rw-p 0000f000 00:23 41878                      /usr/lib64/libffi.so.8.2.0
7f0cac019000-7f0cac021000 r-xp 00000000 00:23 41056                      /usr/lib64/libXrandr.so.2.2.0
7f0cac021000-7f0cac024000 r--p 00008000 00:23 41056                      /usr/lib64/libXrandr.so.2.2.0
7f0cac024000-7f0cac025000 r--p 0000b000 00:23 41056                      /usr/lib64/libXrandr.so.2.2.0
7f0cac025000-7f0cac026000 rw-p 0000c000 00:23 41056                      /usr/lib64/libXrandr.so.2.2.0
7f0cac026000-7f0cac027000 r-xp 00000000 00:23 41043                      /usr/lib64/libXcomposite.so.1.0.0
7f0cac027000-7f0cac028000 r--p 00001000 00:23 41043                      /usr/lib64/libXcomposite.so.1.0.0
7f0cac028000-7f0cac029000 r--p 00001000 00:23 41043                      /usr/lib64/libXcomposite.so.1.0.0
7f0cac029000-7f0cac02a000 rw-p 00000000 00:00 0 
7f0cac02a000-7f0cac02d000 r-xp 00000000 00:23 322387                     /usr/lib64/libwayland-cursor.so.0.25.0
7f0cac02d000-7f0cac02f000 r--p 00003000 00:23 322387                     /usr/lib64/libwayland-cursor.so.0.25.0
7f0cac02f000-7f0cac030000 r--p 00004000 00:23 322387                     /usr/lib64/libwayland-cursor.so.0.25.0
7f0cac030000-7f0cac034000 rw-p 00005000 00:23 322387                     /usr/lib64/libwayland-cursor.so.0.25.0
7f0cac034000-7f0cac03c000 r-xp 00000000 00:23 319005                     /usr/lib64/libwayland-client.so.0.25.0
7f0cac03c000-7f0cac041000 r--p 00008000 00:23 319005                     /usr/lib64/libwayland-client.so.0.25.0
7f0cac041000-7f0cac043000 r--p 0000d000 00:23 319005                     /usr/lib64/libwayland-client.so.0.25.0
7f0cac043000-7f0cac044000 rw-p 0000f000 00:23 319005                     /usr/lib64/libwayland-client.so.0.25.0
7f0cac044000-7f0cac0ca000 r-xp 00000000 00:23 374666                     /usr/lib64/libtinysparql-3.0.so.0.1101.0
7f0cac0ca000-7f0cac111000 r--p 00086000 00:23 374666                     /usr/lib64/libtinysparql-3.0.so.0.1101.0
7f0cac111000-7f0cac120000 r--p 000cc000 00:23 374666                     /usr/lib64/libtinysparql-3.0.so.0.1101.0
7f0cac120000-7f0cac121000 rw-p 000db000 00:23 374666                     /usr/lib64/libtinysparql-3.0.so.0.1101.0
7f0cac121000-7f0cac12d000 r-xp 00000000 00:23 41492                      /usr/lib64/libcloudproviders.so.0.4.0
7f0cac12d000-7f0cac138000 r--p 0000c000 00:23 41492                      /usr/lib64/libcloudproviders.so.0.4.0
7f0cac138000-7f0cac139000 r--p 00017000 00:23 41492                      /usr/lib64/libcloudproviders.so.0.4.0
7f0cac139000-7f0cac13a000 rw-p 00018000 00:23 41492                      /usr/lib64/libcloudproviders.so.0.4.0
7f0cac13a000-7f0cac156000 r-xp 00000000 00:23 381699                     /usr/lib64/libatk-bridge-2.0.so.0.0.0
7f0cac156000-7f0cac174000 r--p 0001c000 00:23 381699                     /usr/lib64/libatk-bridge-2.0.so.0.0.0
7f0cac174000-7f0cac176000 r--p 00039000 00:23 381699                     /usr/lib64/libatk-bridge-2.0.so.0.0.0
7f0cac176000-7f0cac178000 rw-p 0003b000 00:23 381699                     /usr/lib64/libatk-bridge-2.0.so.0.0.0
7f0cac178000-7f0cac1e6000 r-xp 00000000 00:23 41823                      /usr/lib64/libepoxy.so.0.0.0
7f0cac1e6000-7f0cac276000 r--p 0006e000 00:23 41823                      /usr/lib64/libepoxy.so.0.0.0
7f0cac276000-7f0cac27e000 r--p 000fe000 00:23 41823                      /usr/lib64/libepoxy.so.0.0.0
7f0cac27e000-7f0cac285000 rw-p 00106000 00:23 41823                      /usr/lib64/libepoxy.so.0.0.0
7f0cac285000-7f0cac296000 r-xp 00000000 00:23 374802                     /usr/lib64/libatk-1.0.so.0.26015.1
7f0cac296000-7f0cac2a8000 r--p 00011000 00:23 374802                     /usr/lib64/libatk-1.0.so.0.26015.1
7f0cac2a8000-7f0cac2ab000 r--p 00022000 00:23 374802                     /usr/lib64/libatk-1.0.so.0.26015.1
7f0cac2ab000-7f0cac2ac000 rw-p 00025000 00:23 374802                     /usr/lib64/libatk-1.0.so.0.26015.1
7f0cac2ac000-7f0cac2c9000 r-xp 00000000 00:23 41987                      /usr/lib64/libgdk_pixbuf-2.0.so.0.4400.4
7f0cac2c9000-7f0cac2d9000 r--p 0001d000 00:23 41987                      /usr/lib64/libgdk_pixbuf-2.0.so.0.4400.4
7f0cac2d9000-7f0cac2db000 r--p 0002c000 00:23 41987                      /usr/lib64/libgdk_pixbuf-2.0.so.0.4400.4
7f0cac2db000-7f0cac2dc000 rw-p 0002e000 00:23 41987                      /usr/lib64/libgdk_pixbuf-2.0.so.0.4400.4
7f0cac2dc000-7f0cac2de000 r-xp 00000000 00:23 41447                      /usr/lib64/libcairo-gobject.so.2.11804.4
7f0cac2de000-7f0cac2e2000 r--p 00002000 00:23 41447                      /usr/lib64/libcairo-gobject.so.2.11804.4
7f0cac2e2000-7f0cac2e4000 r--p 00005000 00:23 41447                      /usr/lib64/libcairo-gobject.so.2.11804.4
7f0cac2e4000-7f0cac2e5000 rw-p 00000000 00:00 0 
7f0cac2e5000-7f0cac2eb000 r-xp 00000000 00:23 41970                      /usr/lib64/libfribidi.so.0.4.0
7f0cac2eb000-7f0cac303000 r--p 00006000 00:23 41970                      /usr/lib64/libfribidi.so.0.4.0
7f0cac303000-7f0cac304000 r--p 0001d000 00:23 41970                      /usr/lib64/libfribidi.so.0.4.0
7f0cac304000-7f0cac305000 rw-p 0001e000 00:23 41970                      /usr/lib64/libfribidi.so.0.4.0
7f0cac305000-7f0cac314000 r-xp 00000000 00:23 42499                      /usr/lib64/libpangoft2-1.0.so.0.5701.0
7f0cac314000-7f0cac31f000 r--p 0000f000 00:23 42499                      /usr/lib64/libpangoft2-1.0.so.0.5701.0
7f0cac31f000-7f0cac320000 r--p 0001a000 00:23 42499                      /usr/lib64/libpangoft2-1.0.so.0.5701.0
7f0cac320000-7f0cac321000 rw-p 00000000 00:00 0 
7f0cac321000-7f0cac41e000 r-xp 00000000 00:23 41450                      /usr/lib64/libcairo.so.2.11804.4
7f0cac41e000-7f0cac464000 r--p 000fd000 00:23 41450                      /usr/lib64/libcairo.so.2.11804.4
7f0cac464000-7f0cac468000 r--p 00143000 00:23 41450                      /usr/lib64/libcairo.so.2.11804.4
7f0cac468000-7f0cac46a000 rw-p 00147000 00:23 41450                      /usr/lib64/libcairo.so.2.11804.4
7f0cac46a000-7f0cac46b000 rw-p 00000000 00:00 0 
7f0cac46b000-7f0cac4ad000 r-xp 00000000 00:23 42497                      /usr/lib64/libpango-1.0.so.0.5701.0
7f0cac4ad000-7f0cac4d5000 r--p 00042000 00:23 42497                      /usr/lib64/libpango-1.0.so.0.5701.0
7f0cac4d5000-7f0cac4d9000 r--p 00069000 00:23 42497                      /usr/lib64/libpango-1.0.so.0.5701.0
7f0cac4d9000-7f0cac4da000 rw-p 0006d000 00:23 42497                      /usr/lib64/libpango-1.0.so.0.5701.0
7f0cac4da000-7f0cac4e4000 r-xp 00000000 00:23 42498                      /usr/lib64/libpangocairo-1.0.so.0.5701.0
7f0cac4e4000-7f0cac4eb000 r--p 0000a000 00:23 42498                      /usr/lib64/libpangocairo-1.0.so.0.5701.0
7f0cac4eb000-7f0cac4ec000 r--p 00010000 00:23 42498                      /usr/lib64/libpangocairo-1.0.so.0.5701.0
7f0cac4ec000-7f0cac4ed000 rw-p 00011000 00:23 42498                      /usr/lib64/libpangocairo-1.0.so.0.5701.0
7f0cac4ed000-7f0cac614000 r-xp 00000000 00:23 321898                     /usr/lib64/libgio-2.0.so.0.8800.3
7f0cac614000-7f0cac6c1000 r--p 00127000 00:23 321898                     /usr/lib64/libgio-2.0.so.0.8800.3
7f0cac6c1000-7f0cac6ca000 r--p 001d3000 00:23 321898                     /usr/lib64/libgio-2.0.so.0.8800.3
7f0cac6ca000-7f0cac6cb000 rw-p 001dc000 00:23 321898                     /usr/lib64/libgio-2.0.so.0.8800.3
7f0cac6cb000-7f0cac6cd000 rw-p 00000000 00:00 0 
7f0cac6cd000-7f0cac706000 r-xp 00000000 00:23 321906                     /usr/lib64/libgobject-2.0.so.0.8800.3
7f0cac706000-7f0cac72a000 r--p 00039000 00:23 321906                     /usr/lib64/libgobject-2.0.so.0.8800.3
7f0cac72a000-7f0cac72d000 r--p 0005d000 00:23 321906                     /usr/lib64/libgobject-2.0.so.0.8800.3
7f0cac72d000-7f0cac72e000 rw-p 00060000 00:23 321906                     /usr/lib64/libgobject-2.0.so.0.8800.3
7f0cac72e000-7f0cac730000 r-xp 00000000 00:23 321904                     /usr/lib64/libgmodule-2.0.so.0.8800.3
7f0cac730000-7f0cac732000 r--p 00002000 00:23 321904                     /usr/lib64/libgmodule-2.0.so.0.8800.3
7f0cac732000-7f0cac733000 r--p 00003000 00:23 321904                     /usr/lib64/libgmodule-2.0.so.0.8800.3
7f0cac733000-7f0cac734000 rw-p 00004000 00:23 321904                     /usr/lib64/libgmodule-2.0.so.0.8800.3
7f0cac734000-7f0cac7c5000 r-xp 00000000 00:23 381723                     /usr/lib64/libgdk-3.so.0.2420.32
7f0cac7c5000-7f0cac829000 r--p 00091000 00:23 381723                     /usr/lib64/libgdk-3.so.0.2420.32
7f0cac829000-7f0cac833000 r--p 000f5000 00:23 381723                     /usr/lib64/libgdk-3.so.0.2420.32
7f0cac833000-7f0cac835000 rw-p 000ff000 00:23 381723                     /usr/lib64/libgdk-3.so.0.2420.32
7f0cac835000-7f0cac839000 ---p 00000000 00:00 0 
7f0cac839000-7f0cac935000 rw-p 00000000 00:00 0 
7f0cac935000-7f0cac939000 ---p 00000000 00:00 0 
7f0cac939000-7f0caca35000 rw-p 00000000 00:00 0 
7f0caca35000-7f0caca39000 r-xp 00000000 00:23 41048                      /usr/lib64/libXfixes.so.3.1.0
7f0caca39000-7f0caca3b000 r--p 00004000 00:23 41048                      /usr/lib64/libXfixes.so.3.1.0
7f0caca3b000-7f0caca3c000 r--p 00006000 00:23 41048                      /usr/lib64/libXfixes.so.3.1.0
7f0caca3c000-7f0caca3d000 rw-p 00007000 00:23 41048                      /usr/lib64/libXfixes.so.3.1.0
7f0caca3d000-7f0caca44000 r-xp 00000000 00:23 41044                      /usr/lib64/libXcursor.so.1.0.2
7f0caca44000-7f0caca48000 r--p 00007000 00:23 41044                      /usr/lib64/libXcursor.so.1.0.2
7f0caca48000-7f0caca49000 r--p 0000b000 00:23 41044                      /usr/lib64/libXcursor.so.1.0.2
7f0caca49000-7f0caca4a000 rw-p 00000000 00:00 0 
7f0caca4a000-7f0caca55000 r--p 00000000 00:4d 216010494                  /tmp/.mount_openflCl8K9q/lib/runtime/lib/libfreetype.so
7f0caca55000-7f0cacacd000 r-xp 0000b000 00:4d 216010494                  /tmp/.mount_openflCl8K9q/lib/runtime/lib/libfreetype.so
7f0cacacd000-7f0cacaf1000 r--p 00083000 00:4d 216010494                  /tmp/.mount_openflCl8K9q/lib/runtime/lib/libfreetype.so
7f0cacaf1000-7f0cacaf7000 r--p 000a7000 00:4d 216010494                  /tmp/.mount_openflCl8K9q/lib/runtime/lib/libfreetype.so
7f0cacaf7000-7f0cacaf8000 rw-p 000ad000 00:4d 216010494                  /tmp/.mount_openflCl8K9q/lib/runtime/lib/libfreetype.so
7f0cacaf8000-7f0cacaff000 r--p 00000000 00:4d 216010374                  /tmp/.mount_openflCl8K9q/lib/runtime/lib/libfontmanager.so
7f0cacaff000-7f0cacc82000 r-xp 00007000 00:4d 216010374                  /tmp/.mount_openflCl8K9q/lib/runtime/lib/libfontmanager.so
7f0cacc82000-7f0caccbe000 r--p 0018a000 00:4d 216010374                  /tmp/.mount_openflCl8K9q/lib/runtime/lib/libfontmanager.so
7f0caccbe000-7f0caccc0000 r--p 001c6000 00:4d 216010374                  /tmp/.mount_openflCl8K9q/lib/runtime/lib/libfontmanager.so
7f0caccc0000-7f0caccc1000 rw-p 001c8000 00:4d 216010374                  /tmp/.mount_openflCl8K9q/lib/runtime/lib/libfontmanager.so
7f0caccc1000-7f0caccc2000 rw-p 00000000 00:00 0 
7f0caccc2000-7f0caccca000 r-xp 00000000 00:23 41057                      /usr/lib64/libXrender.so.1.3.0
7f0caccca000-7f0cacccd000 r--p 00008000 00:23 41057                      /usr/lib64/libXrender.so.1.3.0
7f0cacccd000-7f0caccce000 r--p 0000a000 00:23 41057                      /usr/lib64/libXrender.so.1.3.0
7f0caccce000-7f0cacccf000 rw-p 0000b000 00:23 41057                      /usr/lib64/libXrender.so.1.3.0
7f0cacccf000-7f0cacce0000 r--p 00000000 00:4d 216010298                  /tmp/.mount_openflCl8K9q/lib/runtime/lib/libawt_xawt.so
7f0cacce0000-7f0cacd23000 r-xp 00011000 00:4d 216010298                  /tmp/.mount_openflCl8K9q/lib/runtime/lib/libawt_xawt.so
7f0cacd23000-7f0cacd37000 r--p 00054000 00:4d 216010298                  /tmp/.mount_openflCl8K9q/lib/runtime/lib/libawt_xawt.so
7f0cacd37000-7f0cacd39000 r--p 00067000 00:4d 216010298                  /tmp/.mount_openflCl8K9q/lib/runtime/lib/libawt_xawt.so
7f0cacd39000-7f0cacd3b000 rw-p 00069000 00:4d 216010298                  /tmp/.mount_openflCl8K9q/lib/runtime/lib/libawt_xawt.so
7f0cacd3b000-7f0cacd3d000 rw-p 00000000 00:00 0 
7f0cacd3d000-7f0cacd5c000 r--p 00000000 00:4d 216010154                  /tmp/.mount_openflCl8K9q/lib/runtime/lib/libawt.so
7f0cacd5c000-7f0cacdfa000 r-xp 0001f000 00:4d 216010154                  /tmp/.mount_openflCl8K9q/lib/runtime/lib/libawt.so
7f0cacdfa000-7f0cace07000 r--p 000bd000 00:4d 216010154                  /tmp/.mount_openflCl8K9q/lib/runtime/lib/libawt.so
7f0cace07000-7f0cace08000 r--p 000c9000 00:4d 216010154                  /tmp/.mount_openflCl8K9q/lib/runtime/lib/libawt.so
7f0cace08000-7f0cace13000 rw-p 000ca000 00:4d 216010154                  /tmp/.mount_openflCl8K9q/lib/runtime/lib/libawt.so
7f0cace13000-7f0cace38000 rw-p 00000000 00:00 0 
7f0cace38000-7f0caceb9000 r-xp 00000000 00:23 42516                      /usr/lib64/libpcre2-8.so.0.15.0
7f0caceb9000-7f0cacee7000 r--p 00081000 00:23 42516                      /usr/lib64/libpcre2-8.so.0.15.0
7f0cacee7000-7f0cacee8000 r--p 000ae000 00:23 42516                      /usr/lib64/libpcre2-8.so.0.15.0
7f0cacee8000-7f0cacee9000 rw-p 000af000 00:23 42516                      /usr/lib64/libpcre2-8.so.0.15.0
7f0cacee9000-7f0caceea000 r-xp 00000000 00:23 41271                      /usr/lib64/libbrotlicommon.so.1.2.0
7f0caceea000-7f0cacf0a000 r--p 00001000 00:23 41271                      /usr/lib64/libbrotlicommon.so.1.2.0
7f0cacf0a000-7f0cacf0b000 r--p 00020000 00:23 41271                      /usr/lib64/libbrotlicommon.so.1.2.0
7f0cacf0b000-7f0cacf0c000 rw-p 00000000 00:00 0 
7f0cacf0c000-7f0cacf24000 r-xp 00000000 00:23 42021                      /usr/lib64/libgraphite2.so.3.2.1
7f0cacf24000-7f0cacf29000 r--p 00018000 00:23 42021                      /usr/lib64/libgraphite2.so.3.2.1
7f0cacf29000-7f0cacf2b000 r--p 0001c000 00:23 42021                      /usr/lib64/libgraphite2.so.3.2.1
7f0cacf2b000-7f0cacf2c000 rw-p 00000000 00:00 0 
7f0cacf2c000-7f0cacfd9000 r-xp 00000000 00:23 321902                     /usr/lib64/libglib-2.0.so.0.8800.3
7f0cacfd9000-7f0cad08b000 r--p 000ad000 00:23 321902                     /usr/lib64/libglib-2.0.so.0.8800.3
7f0cad08b000-7f0cad08c000 r--p 0015f000 00:23 321902                     /usr/lib64/libglib-2.0.so.0.8800.3
7f0cad08c000-7f0cad08d000 rw-p 00160000 00:23 321902                     /usr/lib64/libglib-2.0.so.0.8800.3
7f0cad08d000-7f0cad08e000 rw-p 00000000 00:00 0 
7f0cad08e000-7f0cad0b3000 r-xp 00000000 00:23 42281                      /usr/lib64/liblzma.so.5.8.2
7f0cad0b3000-7f0cad0c2000 r--p 00025000 00:23 42281                      /usr/lib64/liblzma.so.5.8.2
7f0cad0c2000-7f0cad0c3000 r--p 00033000 00:23 42281                      /usr/lib64/liblzma.so.5.8.2
7f0cad0c3000-7f0cad0c4000 rw-p 00034000 00:23 42281                      /usr/lib64/liblzma.so.5.8.2
7f0cad0c4000-7f0cad1bd000 r-xp 00000000 00:23 322055                     /usr/lib64/libharfbuzz.so.0.61410.0
7f0cad1bd000-7f0cad1fd000 r--p 000f9000 00:23 322055                     /usr/lib64/libharfbuzz.so.0.61410.0
7f0cad1fd000-7f0cad1ff000 r--p 00138000 00:23 322055                     /usr/lib64/libharfbuzz.so.0.61410.0
7f0cad1ff000-7f0cad200000 rw-p 0013a000 00:23 322055                     /usr/lib64/libharfbuzz.so.0.61410.0
7f0cad200000-7f0cad22c000 r-xp 00000000 00:23 319990                     /usr/lib64/libpng16.so.16.58.0
7f0cad22c000-7f0cad23b000 r--p 0002c000 00:23 319990                     /usr/lib64/libpng16.so.16.58.0
7f0cad23b000-7f0cad23c000 r--p 0003a000 00:23 319990                     /usr/lib64/libpng16.so.16.58.0
7f0cad23c000-7f0cad23d000 rw-p 00000000 00:00 0 
7f0cad23d000-7f0cad25a000 r-xp 00000000 00:23 42949                      /usr/lib64/libz.so.1.3.1.zlib-ng
7f0cad25a000-7f0cad265000 r--p 0001d000 00:23 42949                      /usr/lib64/libz.so.1.3.1.zlib-ng
7f0cad265000-7f0cad266000 r--p 00027000 00:23 42949                      /usr/lib64/libz.so.1.3.1.zlib-ng
7f0cad266000-7f0cad267000 rw-p 00028000 00:23 42949                      /usr/lib64/libz.so.1.3.1.zlib-ng
7f0cad267000-7f0cad363000 r-xp 00000000 00:23 42926                      /usr/lib64/libxml2.so.2.12.10
7f0cad363000-7f0cad3c9000 r--p 000fc000 00:23 42926                      /usr/lib64/libxml2.so.2.12.10
7f0cad3c9000-7f0cad3d4000 r--p 00161000 00:23 42926                      /usr/lib64/libxml2.so.2.12.10
7f0cad3d4000-7f0cad3d5000 rw-p 0016c000 00:23 42926                      /usr/lib64/libxml2.so.2.12.10
7f0cad3d5000-7f0cad3d6000 rw-p 00000000 00:00 0 
7f0cad3d6000-7f0cad478000 r-xp 00000000 00:23 322063                     /usr/lib64/libfreetype.so.6.20.6
7f0cad478000-7f0cad4a9000 r--p 000a2000 00:23 322063                     /usr/lib64/libfreetype.so.6.20.6
7f0cad4a9000-7f0cad4b1000 r--p 000d2000 00:23 322063                     /usr/lib64/libfreetype.so.6.20.6
7f0cad4b1000-7f0cad4b2000 rw-p 00000000 00:00 0 
7f0cad4b2000-7f0cad4c6000 r-xp 00000000 00:23 42917                      /usr/lib64/libxcb.so.1.1.0
7f0cad4c6000-7f0cad4da000 r--p 00014000 00:23 42917                      /usr/lib64/libxcb.so.1.1.0
7f0cad4da000-7f0cad4db000 r--p 00028000 00:23 42917                      /usr/lib64/libxcb.so.1.1.0
7f0cad4db000-7f0cad4dc000 rw-p 00029000 00:23 42917                      /usr/lib64/libxcb.so.1.1.0
7f0cad4dc000-7f0cad51b000 r-xp 00000000 00:23 40093                      /usr/lib64/libGLdispatch.so.0.0.0
7f0cad51b000-7f0cad52f000 r--p 0003f000 00:23 40093                      /usr/lib64/libGLdispatch.so.0.0.0
7f0cad52f000-7f0cad54b000 r--p 00053000 00:23 40093                      /usr/lib64/libGLdispatch.so.0.0.0
7f0cad54b000-7f0cad54c000 rw-p 0006f000 00:23 40093                      /usr/lib64/libGLdispatch.so.0.0.0
7f0cad54c000-7f0cad554000 rw-p 00000000 00:00 0 
7f0cad554000-7f0cad56f000 r-xp 00000000 00:23 40091                      /usr/lib64/libGLX.so.0.0.0
7f0cad56f000-7f0cad573000 r--p 0001b000 00:23 40091                      /usr/lib64/libGLX.so.0.0.0
7f0cad573000-7f0cad574000 r--p 0001f000 00:23 40091                      /usr/lib64/libGLX.so.0.0.0
7f0cad574000-7f0cad575000 rw-p 00020000 00:23 40091                      /usr/lib64/libGLX.so.0.0.0
7f0cad575000-7f0cad585000 rw-p 00000000 00:00 0 
7f0cad585000-7f0cad5b8000 r-xp 00000000 00:23 41907                      /usr/lib64/libfontconfig.so.1.16.0
7f0cad5b8000-7f0cad5d5000 r--p 00033000 00:23 41907                      /usr/lib64/libfontconfig.so.1.16.0
7f0cad5d5000-7f0cad5d7000 r--p 00050000 00:23 41907                      /usr/lib64/libfontconfig.so.1.16.0
7f0cad5d7000-7f0cad5d8000 rw-p 00052000 00:23 41907                      /usr/lib64/libfontconfig.so.1.16.0
7f0cad5d8000-7f0cad67e000 r-xp 00000000 00:23 41039                      /usr/lib64/libX11.so.6.4.0
7f0cad67e000-7f0cad727000 r--p 000a6000 00:23 41039                      /usr/lib64/libX11.so.6.4.0
7f0cad727000-7f0cad72a000 r--p 0014e000 00:23 41039                      /usr/lib64/libX11.so.6.4.0
7f0cad72a000-7f0cad72e000 rw-p 00151000 00:23 41039                      /usr/lib64/libX11.so.6.4.0
7f0cad72e000-7f0cad7fe000 r-xp 00000000 00:23 477992                     /usr/lib64/libsystemd.so.0.42.0
7f0cad7fe000-7f0cad85c000 r--p 000d0000 00:23 477992                     /usr/lib64/libsystemd.so.0.42.0
7f0cad85c000-7f0cad865000 r--p 0012d000 00:23 477992                     /usr/lib64/libsystemd.so.0.42.0
7f0cad865000-7f0cad866000 rw-p 00136000 00:23 477992                     /usr/lib64/libsystemd.so.0.42.0
7f0cad866000-7f0cad867000 rw-p 00000000 00:00 0 
7f0cad867000-7f0cad8a2000 r-xp 00000000 00:23 42781                      /usr/lib64/libunistring.so.5.0.0
7f0cad8a2000-7f0cada10000 r--p 0003b000 00:23 42781                      /usr/lib64/libunistring.so.5.0.0
7f0cada10000-7f0cada14000 r--p 001a9000 00:23 42781                      /usr/lib64/libunistring.so.5.0.0
7f0cada14000-7f0cada15000 rw-p 001ad000 00:23 42781                      /usr/lib64/libunistring.so.5.0.0
7f0cada15000-7f0cadaaf000 r-xp 00000000 00:23 224429                     /usr/lib64/libvlccore.so.9.0.1
7f0cadaaf000-7f0cadaf7000 r--p 0009a000 00:23 224429                     /usr/lib64/libvlccore.so.9.0.1
7f0cadaf7000-7f0cadafd000 r--p 000e2000 00:23 224429                     /usr/lib64/libvlccore.so.9.0.1
7f0cadafd000-7f0cadafe000 rw-p 000e8000 00:23 224429                     /usr/lib64/libvlccore.so.9.0.1
7f0cadafe000-7f0cadb00000 rw-p 00000000 00:00 0 
7f0cadb00000-7f0cadb04000 ---p 00000000 00:00 0 
7f0cadb04000-7f0cadc00000 rw-p 00000000 00:00 0 
7f0cadc00000-7f0cadc1e000 r-xp 00000000 00:23 975579                     /home/caleb/.cache/JNA/temp/jna13300285577492237966.tmp (deleted)
7f0cadc1e000-7f0cade1d000 ---p 0001e000 00:23 975579                     /home/caleb/.cache/JNA/temp/jna13300285577492237966.tmp (deleted)
7f0cade1d000-7f0cade1e000 rw-p 0001d000 00:23 975579                     /home/caleb/.cache/JNA/temp/jna13300285577492237966.tmp (deleted)
7f0cade1e000-7f0cade1f000 rw-p 00000000 00:00 0 
7f0cade1f000-7f0cade20000 r--s 00000000 00:23 22671                      /usr/lib/fontconfig/cache/39377a11d38956c26ecfe23db50b3cd3-le64.cache-9
7f0cade20000-7f0cade2d000 r-xp 00000000 00:23 319927                     /usr/lib64/libXi.so.6.1.0
7f0cade2d000-7f0cade31000 r--p 0000d000 00:23 319927                     /usr/lib64/libXi.so.6.1.0
7f0cade31000-7f0cade32000 r--p 00011000 00:23 319927                     /usr/lib64/libXi.so.6.1.0
7f0cade32000-7f0cade33000 rw-p 00012000 00:23 319927                     /usr/lib64/libXi.so.6.1.0
7f0cade33000-7f0cade3c000 r-xp 00000000 00:23 41280                      /usr/lib64/libbrotlidec.so.1.2.0
7f0cade3c000-7f0cade40000 r--p 00009000 00:23 41280                      /usr/lib64/libbrotlidec.so.1.2.0
7f0cade40000-7f0cade41000 r--p 0000c000 00:23 41280                      /usr/lib64/libbrotlidec.so.1.2.0
7f0cade41000-7f0cade42000 rw-p 00000000 00:00 0 
7f0cade42000-7f0cade74000 r--p 00000000 00:23 224456                     /usr/share/locale/en_GB/LC_MESSAGES/vlc.mo
7f0cade74000-7f0cade75000 r--s 00000000 00:23 475709                     /usr/lib/fontconfig/cache/6fcb01a03a016cc71057b587cdea6709-le64.cache-9
7f0cade75000-7f0cade76000 r-xp 00000000 00:23 41045                      /usr/lib64/libXdamage.so.1.1.0
7f0cade76000-7f0cade77000 r--p 00001000 00:23 41045                      /usr/lib64/libXdamage.so.1.1.0
7f0cade77000-7f0cade78000 r--p 00001000 00:23 41045                      /usr/lib64/libXdamage.so.1.1.0
7f0cade78000-7f0cade79000 rw-p 00000000 00:00 0 
7f0cade79000-7f0cade88000 r-xp 00000000 00:23 41329                      /usr/lib64/libbz2.so.1.0.8
7f0cade88000-7f0cade8b000 r--p 0000f000 00:23 41329                      /usr/lib64/libbz2.so.1.0.8
7f0cade8b000-7f0cade8c000 r--p 00011000 00:23 41329                      /usr/lib64/libbz2.so.1.0.8
7f0cade8c000-7f0cade8d000 rw-p 00012000 00:23 41329                      /usr/lib64/libbz2.so.1.0.8
7f0cade8d000-7f0cadead000 r-xp 00000000 00:23 40087                      /usr/lib64/libGL.so.1.7.0
7f0cadead000-7f0cadef0000 r--p 00020000 00:23 40087                      /usr/lib64/libGL.so.1.7.0
7f0cadef0000-7f0cadefe000 r--p 00063000 00:23 40087                      /usr/lib64/libGL.so.1.7.0
7f0cadefe000-7f0cadeff000 rw-p 00071000 00:23 40087                      /usr/lib64/libGL.so.1.7.0
7f0cadeff000-7f0cadf00000 rw-p 00000000 00:00 0 
7f0cadf00000-7f0cadf04000 ---p 00000000 00:00 0 
7f0cadf04000-7f0cae000000 rw-p 00000000 00:00 0 
7f0cae000000-7f0cbbe92000 r--p 00000000 00:23 317406                     /usr/lib/locale/locale-archive
7f0cbbe92000-7f0cbbe94000 r--s 00000000 00:23 22678                      /usr/lib/fontconfig/cache/9162ae45def2e036f06e4d1913f17ba7-le64.cache-9
7f0cbbe94000-7f0cbbea0000 r-xp 00000000 00:23 41047                      /usr/lib64/libXext.so.6.4.0
7f0cbbea0000-7f0cbbea6000 r--p 0000c000 00:23 41047                      /usr/lib64/libXext.so.6.4.0
7f0cbbea6000-7f0cbbea7000 r--p 00011000 00:23 41047                      /usr/lib64/libXext.so.6.4.0
7f0cbbea7000-7f0cbbea8000 rw-p 00012000 00:23 41047                      /usr/lib64/libXext.so.6.4.0
7f0cbbea8000-7f0cbbede000 r-xp 00000000 00:23 41529                      /usr/lib64/libdbus-1.so.3.38.3
7f0cbbede000-7f0cbbefd000 r--p 00036000 00:23 41529                      /usr/lib64/libdbus-1.so.3.38.3
7f0cbbefd000-7f0cbbeff000 r--p 00054000 00:23 41529                      /usr/lib64/libdbus-1.so.3.38.3
7f0cbbeff000-7f0cbbf00000 rw-p 00056000 00:23 41529                      /usr/lib64/libdbus-1.so.3.38.3
7f0cbbf00000-7f0cbbf04000 ---p 00000000 00:00 0 
7f0cbbf04000-7f0cbc000000 rw-p 00000000 00:00 0 
7f0cbc000000-7f0cbc420000 rw-p 00000000 00:00 0 
7f0cbc420000-7f0cbc440000 rw-p 00000000 00:00 0 
7f0cbc440000-7f0cbc480000 rw-p 00000000 00:00 0 
7f0cbc480000-7f0cbc500000 rw-p 00000000 00:00 0 
7f0cbc500000-7f0cbc700000 rw-p 00000000 00:00 0 
7f0cbc700000-7f0cbc740000 rw-p 00000000 00:00 0 
7f0cbc740000-7f0cbc780000 rw-p 00000000 00:00 0 
7f0cbc780000-7f0cbc880000 rw-p 00000000 00:00 0 
7f0cbc880000-7f0cbc900000 rw-p 00000000 00:00 0 
7f0cbc900000-7f0cbca60000 rw-p 00000000 00:00 0 
7f0cbca60000-7f0cbca80000 rw-p 00000000 00:00 0 
7f0cbca80000-7f0cbcb00000 rw-p 00000000 00:00 0 
7f0cbcb00000-7f0cbcd00000 rw-p 00000000 00:00 0 
7f0cbcd00000-7f0cbd200000 rw-p 00000000 00:00 0 
7f0cbd200000-7f0cbd300000 rw-p 00000000 00:00 0 
7f0cbd300000-7f0cbd400000 rw-p 00000000 00:00 0 
7f0cbd400000-7f0cbd4e0000 rw-p 00000000 00:00 0 
7f0cbd4e0000-7f0cbd500000 rw-p 00000000 00:00 0 
7f0cbd500000-7f0cbd700000 rw-p 00000000 00:00 0 
7f0cbd700000-7f0cbdf00000 rw-p 00000000 00:00 0 
7f0cbdf00000-7f0cbe000000 rw-p 00000000 00:00 0 
7f0cbe000000-7f0cbe2a0000 rw-p 00000000 00:00 0 
7f0cbe2a0000-7f0cbe300000 ---p 00000000 00:00 0 
7f0cbe300000-7f0cbe320000 rw-p 00000000 00:00 0 
7f0cbe320000-7f0cc0000000 ---p 00000000 00:00 0 
7f0cc0000000-7f0cc0021000 rw-p 00000000 00:00 0 
7f0cc0021000-7f0cc4000000 ---p 00000000 00:00 0 
7f0cc4000000-7f0cc4021000 rw-p 00000000 00:00 0 
7f0cc4021000-7f0cc8000000 ---p 00000000 00:00 0 
7f0cc8000000-7f0cc8021000 rw-p 00000000 00:00 0 
7f0cc8021000-7f0ccc000000 ---p 00000000 00:00 0 
7f0ccc000000-7f0ccc021000 rw-p 00000000 00:00 0 
7f0ccc021000-7f0cd0000000 ---p 00000000 00:00 0 
7f0cd0000000-7f0cd0021000 rw-p 00000000 00:00 0 
7f0cd0021000-7f0cd4000000 ---p 00000000 00:00 0 
7f0cd4000000-7f0cd4021000 rw-p 00000000 00:00 0 
7f0cd4021000-7f0cd8000000 ---p 00000000 00:00 0 
7f0cd8000000-7f0cd8021000 rw-p 00000000 00:00 0 
7f0cd8021000-7f0cdc000000 ---p 00000000 00:00 0 
7f0cdc000000-7f0cdc001000 r-xp 00000000 00:23 323062                     /usr/lib64/libwayland-egl.so.1.25.0
7f0cdc001000-7f0cdc002000 r--p 00001000 00:23 323062                     /usr/lib64/libwayland-egl.so.1.25.0
7f0cdc002000-7f0cdc003000 r--p 00001000 00:23 323062                     /usr/lib64/libwayland-egl.so.1.25.0
7f0cdc003000-7f0cdc004000 rw-p 00000000 00:00 0 
7f0cdc004000-7f0cdc00a000 r-xp 00000000 00:23 42138                      /usr/lib64/libidn2.so.0.4.0
7f0cdc00a000-7f0cdc052000 r--p 00006000 00:23 42138                      /usr/lib64/libidn2.so.0.4.0
7f0cdc052000-7f0cdc054000 r--p 0004d000 00:23 42138                      /usr/lib64/libidn2.so.0.4.0
7f0cdc054000-7f0cdc055000 rw-p 00000000 00:00 0 
7f0cdc055000-7f0cdc079000 r-xp 00000000 00:23 316748                     /usr/lib64/libgcc_s-16-20260515.so.1
7f0cdc079000-7f0cdc080000 r--p 00024000 00:23 316748                     /usr/lib64/libgcc_s-16-20260515.so.1
7f0cdc080000-7f0cdc081000 r--p 0002b000 00:23 316748                     /usr/lib64/libgcc_s-16-20260515.so.1
7f0cdc081000-7f0cdc082000 rw-p 00000000 00:00 0 
7f0cdc082000-7f0cdc083000 r--s 00000000 00:23 22667                      /usr/lib/fontconfig/cache/2a90ec7ec7fc01d3a9f58fddf8db0237-le64.cache-9
7f0cdc083000-7f0cdc084000 r--s 00000000 00:23 22665                      /usr/lib/fontconfig/cache/22f06f3be2d16d058da85b73ae1dc5b1-le64.cache-9
7f0cdc084000-7f0cdc085000 r--s 00000000 00:23 22681                      /usr/lib/fontconfig/cache/a1059391c956b3cbc42a78cac70f430a-le64.cache-9
7f0cdc085000-7f0cdc086000 r--s 00000000 00:23 22683                      /usr/lib/fontconfig/cache/aa02322cc1375fea2382deabf4339973-le64.cache-9
7f0cdc086000-7f0cdc08f000 r--s 00000000 00:23 22673                      /usr/lib/fontconfig/cache/6cdba951d5a16891afaaf2fee13e80e7-le64.cache-9
7f0cdc08f000-7f0cdc092000 r--s 00000000 00:23 22691                      /usr/lib/fontconfig/cache/feeafda3627faad7596d025cfacea73f-le64.cache-9
7f0cdc092000-7f0cdc095000 r--s 00000000 00:23 22664                      /usr/lib/fontconfig/cache/18f520a508f13854f77176faf7889ae9-le64.cache-9
7f0cdc095000-7f0cdc098000 r--s 00000000 00:23 22668                      /usr/lib/fontconfig/cache/3196f05a030874ca00722cbf1e991434-le64.cache-9
7f0cdc098000-7f0cdc09b000 r--s 00000000 00:23 22682                      /usr/lib/fontconfig/cache/a11fef9c6b59ddb48eba670bb9bf2c6a-le64.cache-9
7f0cdc09b000-7f0cdc0ad000 r-xp 00000000 00:23 224427                     /usr/lib64/libvlc.so.5.6.1
7f0cdc0ad000-7f0cdc0bc000 r--p 00012000 00:23 224427                     /usr/lib64/libvlc.so.5.6.1
7f0cdc0bc000-7f0cdc0bd000 r--p 00021000 00:23 224427                     /usr/lib64/libvlc.so.5.6.1
7f0cdc0bd000-7f0cdc0be000 rw-p 00022000 00:23 224427                     /usr/lib64/libvlc.so.5.6.1
7f0cdc0be000-7f0cdc0c2000 ---p 00000000 00:00 0 
7f0cdc0c2000-7f0cdc0e0000 rw-p 00000000 00:00 0 
7f0cdc0e0000-7f0cdc0e2000 r--p 00000000 00:4d 216011558                  /tmp/.mount_openflCl8K9q/lib/runtime/lib/libzip.so
7f0cdc0e2000-7f0cdc0f5000 r-xp 00002000 00:4d 216011558                  /tmp/.mount_openflCl8K9q/lib/runtime/lib/libzip.so
7f0cdc0f5000-7f0cdc0fc000 r--p 00015000 00:4d 216011558                  /tmp/.mount_openflCl8K9q/lib/runtime/lib/libzip.so
7f0cdc0fc000-7f0cdc0fd000 r--p 0001c000 00:4d 216011558                  /tmp/.mount_openflCl8K9q/lib/runtime/lib/libzip.so
7f0cdc0fd000-7f0cdc0fe000 rw-p 0001d000 00:4d 216011558                  /tmp/.mount_openflCl8K9q/lib/runtime/lib/libzip.so
7f0cdc0fe000-7f0cdc102000 ---p 00000000 00:00 0 
7f0cdc102000-7f0cdc1fe000 rw-p 00000000 00:00 0 
7f0cdc1fe000-7f0cdc202000 ---p 00000000 00:00 0 
7f0cdc202000-7f0cdc2fe000 rw-p 00000000 00:00 0 
7f0cdc2fe000-7f0cdc302000 ---p 00000000 00:00 0 
7f0cdc302000-7f0cdc3fe000 rw-p 00000000 00:00 0 
7f0cdc3fe000-7f0cdc402000 ---p 00000000 00:00 0 
7f0cdc402000-7f0cdc4fe000 rw-p 00000000 00:00 0 
7f0cdc4fe000-7f0cdc502000 ---p 00000000 00:00 0 
7f0cdc502000-7f0cdc5fe000 rw-p 00000000 00:00 0 
7f0cdc5fe000-7f0cdc602000 ---p 00000000 00:00 0 
7f0cdc602000-7f0cdc6fe000 rw-p 00000000 00:00 0 
7f0cdc6fe000-7f0cdc702000 ---p 00000000 00:00 0 
7f0cdc702000-7f0cdca00000 rw-p 00000000 00:00 0 
7f0cdca00000-7f0cdea00000 rw-p 00000000 00:00 0 
7f0cdea00000-7f0cdea02000 r--s 00000000 00:23 22670                      /usr/lib/fontconfig/cache/383aa4c3ea81d46e4a1459cd427fba23-le64.cache-9
7f0cdea02000-7f0cdea09000 r--s 00000000 00:23 477977                     /usr/lib64/gconv/gconv-modules.cache
7f0cdea09000-7f0cdea0d000 r-xp 00000000 00:23 41060                      /usr/lib64/libXtst.so.6.1.0
7f0cdea0d000-7f0cdea0f000 r--p 00004000 00:23 41060                      /usr/lib64/libXtst.so.6.1.0
7f0cdea0f000-7f0cdea10000 r--p 00005000 00:23 41060                      /usr/lib64/libXtst.so.6.1.0
7f0cdea10000-7f0cdea11000 rw-p 00006000 00:23 41060                      /usr/lib64/libXtst.so.6.1.0
7f0cdea11000-7f0cdeaed000 rw-p 00000000 00:00 0 
7f0cdeaed000-7f0cdebee000 rw-p 00000000 00:00 0 
7f0cdebee000-7f0cdec5e000 rw-p 00000000 00:00 0 
7f0cdec5e000-7f0cdee0e000 ---p 00000000 00:00 0 
7f0cdee0e000-7f0cdee26000 rw-p 00000000 00:00 0 
7f0cdee26000-7f0cdeece000 ---p 00000000 00:00 0 
7f0cdeece000-7f0cdeed6000 rw-p 00000000 00:00 0 
7f0cdeed6000-7f0ce19fe000 ---p 00000000 00:00 0 
7f0ce19fe000-7f0ce1dbe000 rwxp 00000000 00:00 0 
7f0ce1dbe000-7f0ce8f36000 ---p 00000000 00:00 0 
7f0ce8f36000-7f0ce91a6000 rwxp 00000000 00:00 0 
7f0ce91a6000-7f0ce94c8000 ---p 00000000 00:00 0 
7f0ce94c8000-7f0ce9738000 rwxp 00000000 00:00 0 
7f0ce9738000-7f0cf0a00000 ---p 00000000 00:00 0 
7f0cf0a00000-7f0cf3ef9000 r--s 00000000 00:4d 216011622                  /tmp/.mount_openflCl8K9q/lib/runtime/lib/modules
7f0cf3ef9000-7f0cf3efb000 r--s 00000000 00:23 22686                      /usr/lib/fontconfig/cache/cc4435afd06e20625c417ffcddec4f51-le64.cache-9
7f0cf3efb000-7f0cf3efc000 r-xp 00000000 00:23 41052                      /usr/lib64/libXinerama.so.1.0.0
7f0cf3efc000-7f0cf3efd000 r--p 00001000 00:23 41052                      /usr/lib64/libXinerama.so.1.0.0
7f0cf3efd000-7f0cf3efe000 r--p 00001000 00:23 41052                      /usr/lib64/libXinerama.so.1.0.0
7f0cf3efe000-7f0cf3eff000 rw-p 00002000 00:23 41052                      /usr/lib64/libXinerama.so.1.0.0
7f0cf3eff000-7f0cf4000000 rw-p 00000000 00:00 0 
7f0cf4000000-7f0cf4792000 rw-p 00000000 00:00 0 
7f0cf4792000-7f0cf8000000 ---p 00000000 00:00 0 
7f0cf8000000-7f0cf8001000 r--s 00000000 00:23 22661                      /usr/lib/fontconfig/cache/0f80fa86029ae75a63f21d682b864529-le64.cache-9
7f0cf8001000-7f0cf8003000 r-xp 00000000 00:23 41041                      /usr/lib64/libXau.so.6.0.0
7f0cf8003000-7f0cf8004000 r--p 00002000 00:23 41041                      /usr/lib64/libXau.so.6.0.0
7f0cf8004000-7f0cf8005000 r--p 00003000 00:23 41041                      /usr/lib64/libXau.so.6.0.0
7f0cf8005000-7f0cf8007000 rw-p 00000000 00:00 0 
7f0cf8007000-7f0cf8008000 r-xp 00000000 00:33 1577                       /tmp/ffiRfPRfl (deleted)
7f0cf8008000-7f0cf800b000 rw-p 00000000 00:00 0 
7f0cf800b000-7f0cf800c000 r--p 00000000 00:00 0 
7f0cf800c000-7f0cf800d000 rw-p 00000000 00:00 0 
7f0cf800d000-7f0cf800e000 r-xp 00000000 00:33 1577                       /tmp/ffiRfPRfl (deleted)
7f0cf800e000-7f0cf8010000 rw-p 00000000 00:00 0 
7f0cf8010000-7f0cf8011000 r--p 00000000 00:4d 216011310                  /tmp/.mount_openflCl8K9q/lib/runtime/lib/libsimdsort.so
7f0cf8011000-7f0cf804a000 r-xp 00001000 00:4d 216011310                  /tmp/.mount_openflCl8K9q/lib/runtime/lib/libsimdsort.so
7f0cf804a000-7f0cf8050000 r--p 0003a000 00:4d 216011310                  /tmp/.mount_openflCl8K9q/lib/runtime/lib/libsimdsort.so
7f0cf8050000-7f0cf8051000 r--p 0003f000 00:4d 216011310                  /tmp/.mount_openflCl8K9q/lib/runtime/lib/libsimdsort.so
7f0cf8051000-7f0cf8052000 rw-p 00040000 00:4d 216011310                  /tmp/.mount_openflCl8K9q/lib/runtime/lib/libsimdsort.so
7f0cf8052000-7f0cf889b000 rw-p 00000000 00:00 0 
7f0cf889b000-7f0cf8b9e000 rw-p 00000000 00:00 0 
7f0cf8b9e000-7f0cf8bac000 rw-p 00000000 00:00 0 
7f0cf8bac000-7f0cf8be2000 ---p 00000000 00:00 0 
7f0cf8be2000-7f0cf8be5000 rw-p 00000000 00:00 0 
7f0cf8be5000-7f0cf8bfa000 ---p 00000000 00:00 0 
7f0cf8bfa000-7f0cf8bfb000 rw-p 00000000 00:00 0 
7f0cf8bfb000-7f0cf9160000 ---p 00000000 00:00 0 
7f0cf9160000-7f0cf916e000 rw-p 00000000 00:00 0 
7f0cf916e000-7f0cf91a4000 ---p 00000000 00:00 0 
7f0cf91a4000-7f0cf91a7000 rw-p 00000000 00:00 0 
7f0cf91a7000-7f0cf91bc000 ---p 00000000 00:00 0 
7f0cf91bc000-7f0cf91bd000 rw-p 00000000 00:00 0 
7f0cf91bd000-7f0cf9722000 ---p 00000000 00:00 0 
7f0cf9722000-7f0cf9f2f000 rw-p 00000000 00:00 0 
7f0cf9f2f000-7f0cfa015000 ---p 00000000 00:00 0 
7f0cfa015000-7f0cfa01d000 rw-p 00000000 00:00 0 
7f0cfa01d000-7f0cfa100000 ---p 00000000 00:00 0 
7f0cfa100000-7f0cfa104000 ---p 00000000 00:00 0 
7f0cfa104000-7f0cfa200000 rw-p 00000000 00:00 0 
7f0cfa200000-7f0cfa4e3000 r--p 00000000 00:4d 216013766                  /tmp/.mount_openflCl8K9q/lib/runtime/lib/server/libjvm.so
7f0cfa4e3000-7f0cfb56f000 r-xp 002e3000 00:4d 216013766                  /tmp/.mount_openflCl8K9q/lib/runtime/lib/server/libjvm.so
7f0cfb56f000-7f0cfb880000 r--p 0136f000 00:4d 216013766                  /tmp/.mount_openflCl8K9q/lib/runtime/lib/server/libjvm.so
7f0cfb880000-7f0cfb96b000 r--p 01680000 00:4d 216013766                  /tmp/.mount_openflCl8K9q/lib/runtime/lib/server/libjvm.so
7f0cfb96b000-7f0cfb996000 rw-p 0176b000 00:4d 216013766                  /tmp/.mount_openflCl8K9q/lib/runtime/lib/server/libjvm.so
7f0cfb996000-7f0cfba12000 rw-p 00000000 00:00 0 
7f0cfba12000-7f0cfba15000 r--p 00000000 00:4d 216011142                  /tmp/.mount_openflCl8K9q/lib/runtime/lib/libnet.so
7f0cfba15000-7f0cfba1d000 r-xp 00003000 00:4d 216011142                  /tmp/.mount_openflCl8K9q/lib/runtime/lib/libnet.so
7f0cfba1d000-7f0cfba1f000 r--p 0000b000 00:4d 216011142                  /tmp/.mount_openflCl8K9q/lib/runtime/lib/libnet.so
7f0cfba1f000-7f0cfba20000 r--p 0000c000 00:4d 216011142                  /tmp/.mount_openflCl8K9q/lib/runtime/lib/libnet.so
7f0cfba20000-7f0cfba21000 rw-p 0000d000 00:4d 216011142                  /tmp/.mount_openflCl8K9q/lib/runtime/lib/libnet.so
7f0cfba21000-7f0cfba29000 r--p 00000000 00:4d 216011198                  /tmp/.mount_openflCl8K9q/lib/runtime/lib/libnio.so
7f0cfba29000-7f0cfba32000 r-xp 00008000 00:4d 216011198                  /tmp/.mount_openflCl8K9q/lib/runtime/lib/libnio.so
7f0cfba32000-7f0cfba36000 r--p 00011000 00:4d 216011198                  /tmp/.mount_openflCl8K9q/lib/runtime/lib/libnio.so
7f0cfba36000-7f0cfba37000 r--p 00015000 00:4d 216011198                  /tmp/.mount_openflCl8K9q/lib/runtime/lib/libnio.so
7f0cfba37000-7f0cfba38000 rw-p 00016000 00:4d 216011198                  /tmp/.mount_openflCl8K9q/lib/runtime/lib/libnio.so
7f0cfba38000-7f0cfba98000 rw-p 00000000 00:00 0 
7f0cfba98000-7f0cfbaa6000 r--p 00000000 00:4d 216010574                  /tmp/.mount_openflCl8K9q/lib/runtime/lib/libjava.so
7f0cfbaa6000-7f0cfbab4000 r-xp 0000e000 00:4d 216010574                  /tmp/.mount_openflCl8K9q/lib/runtime/lib/libjava.so
7f0cfbab4000-7f0cfbab9000 r--p 0001c000 00:4d 216010574                  /tmp/.mount_openflCl8K9q/lib/runtime/lib/libjava.so
7f0cfbab9000-7f0cfbaba000 r--p 00021000 00:4d 216010574                  /tmp/.mount_openflCl8K9q/lib/runtime/lib/libjava.so
7f0cfbaba000-7f0cfbabb000 rw-p 00022000 00:4d 216010574                  /tmp/.mount_openflCl8K9q/lib/runtime/lib/libjava.so
7f0cfbabb000-7f0cfbabc000 rw-p 00000000 00:00 0 
7f0cfbabc000-7f0cfbac0000 r--p 00000000 00:4d 216010758                  /tmp/.mount_openflCl8K9q/lib/runtime/lib/libjimage.so
7f0cfbac0000-7f0cfbad8000 r-xp 00004000 00:4d 216010758                  /tmp/.mount_openflCl8K9q/lib/runtime/lib/libjimage.so
7f0cfbad8000-7f0cfbade000 r--p 0001c000 00:4d 216010758                  /tmp/.mount_openflCl8K9q/lib/runtime/lib/libjimage.so
7f0cfbade000-7f0cfbae0000 r--p 00021000 00:4d 216010758                  /tmp/.mount_openflCl8K9q/lib/runtime/lib/libjimage.so
7f0cfbae0000-7f0cfbae1000 rw-p 00023000 00:4d 216010758                  /tmp/.mount_openflCl8K9q/lib/runtime/lib/libjimage.so
7f0cfbae1000-7f0cfbb70000 r-xp 00000000 00:23 477957                     /usr/lib64/libm.so.6
7f0cfbb70000-7f0cfbbf6000 r--p 0008f000 00:23 477957                     /usr/lib64/libm.so.6
7f0cfbbf6000-7f0cfbbf7000 r--p 00114000 00:23 477957                     /usr/lib64/libm.so.6
7f0cfbbf7000-7f0cfbbf8000 rw-p 00115000 00:23 477957                     /usr/lib64/libm.so.6
7f0cfbbf8000-7f0cfbbf9000 r-xp 00000000 00:23 477965                     /usr/lib64/librt.so.1
7f0cfbbf9000-7f0cfbbfa000 r--p 00001000 00:23 477965                     /usr/lib64/librt.so.1
7f0cfbbfa000-7f0cfbbfb000 r--p 00001000 00:23 477965                     /usr/lib64/librt.so.1
7f0cfbbfb000-7f0cfbbfc000 rw-p 00000000 00:00 0 
7f0cfbbfc000-7f0cfbbff000 r--p 00000000 00:4d 216010822                  /tmp/.mount_openflCl8K9q/lib/runtime/lib/libjli.so
7f0cfbbff000-7f0cfbc10000 r-xp 00003000 00:4d 216010822                  /tmp/.mount_openflCl8K9q/lib/runtime/lib/libjli.so
7f0cfbc10000-7f0cfbc17000 r--p 00014000 00:4d 216010822                  /tmp/.mount_openflCl8K9q/lib/runtime/lib/libjli.so
7f0cfbc17000-7f0cfbc18000 r--p 0001a000 00:4d 216010822                  /tmp/.mount_openflCl8K9q/lib/runtime/lib/libjli.so
7f0cfbc18000-7f0cfbc19000 rw-p 0001b000 00:4d 216010822                  /tmp/.mount_openflCl8K9q/lib/runtime/lib/libjli.so
7f0cfbc19000-7f0cfbc1c000 rw-p 00000000 00:00 0 
7f0cfbc1c000-7f0cfbd8e000 r-xp 00000000 00:23 477955                     /usr/lib64/libc.so.6
7f0cfbd8e000-7f0cfbe07000 r--p 00172000 00:23 477955                     /usr/lib64/libc.so.6
7f0cfbe07000-7f0cfbe0b000 r--p 001eb000 00:23 477955                     /usr/lib64/libc.so.6
7f0cfbe0b000-7f0cfbe0d000 rw-p 001ef000 00:23 477955                     /usr/lib64/libc.so.6
7f0cfbe0d000-7f0cfbe15000 rw-p 00000000 00:00 0 
7f0cfbe15000-7f0cfbe16000 r-xp 00000000 00:23 477963                     /usr/lib64/libpthread.so.0
7f0cfbe16000-7f0cfbe17000 r--p 00001000 00:23 477963                     /usr/lib64/libpthread.so.0
7f0cfbe17000-7f0cfbe18000 r--p 00001000 00:23 477963                     /usr/lib64/libpthread.so.0
7f0cfbe18000-7f0cfbe19000 rw-p 00000000 00:00 0 
7f0cfbe19000-7f0cfbe1a000 r-xp 00000000 00:23 477956                     /usr/lib64/libdl.so.2
7f0cfbe1a000-7f0cfbe1b000 r--p 00001000 00:23 477956                     /usr/lib64/libdl.so.2
7f0cfbe1b000-7f0cfbe1c000 r--p 00001000 00:23 477956                     /usr/lib64/libdl.so.2
7f0cfbe1c000-7f0cfbe1f000 rw-p 00000000 00:00 0 
7f0cfbe1f000-7f0cfbe20000 rw-p 00000000 00:00 0 
7f0cfbe20000-7f0cfbe21000 r--p 00000000 00:23 317374                     /usr/share/locale/en_GB/LC_MESSAGES/libc.mo
7f0cfbe21000-7f0cfbe26000 rw-p 00000000 00:00 0 
7f0cfbe26000-7f0cfbe2d000 ---p 00000000 00:00 0 
7f0cfbe2d000-7f0cfbe35000 rw-s 00000000 00:33 1576                       /tmp/hsperfdata_caleb/14462
7f0cfbe35000-7f0cfbe36000 ---p 00000000 00:00 0 
7f0cfbe36000-7f0cfbe37000 r--p 00000000 00:00 0 
7f0cfbe37000-7f0cfbe38000 ---p 00000000 00:00 0 
7f0cfbe38000-7f0cfbe3c000 r--p 00000000 00:00 0                          [vvar]
7f0cfbe3c000-7f0cfbe3e000 r--p 00000000 00:00 0                          [vvar_vclock]
7f0cfbe3e000-7f0cfbe40000 r-xp 00000000 00:00 0                          [vdso]
7f0cfbe40000-7f0cfbe6b000 r-xp 00000000 00:23 477952                     /usr/lib64/ld-linux-x86-64.so.2
7f0cfbe6b000-7f0cfbe77000 r--p 0002b000 00:23 477952                     /usr/lib64/ld-linux-x86-64.so.2
7f0cfbe77000-7f0cfbe79000 r--p 00037000 00:23 477952                     /usr/lib64/ld-linux-x86-64.so.2
7f0cfbe79000-7f0cfbe7a000 rw-p 00039000 00:23 477952                     /usr/lib64/ld-linux-x86-64.so.2
7f0cfbe7a000-7f0cfbe7b000 rw-p 00000000 00:00 0 
7ffe63386000-7ffe633a7000 rw-p 00000000 00:00 0                          [stack]
ffffffffff600000-ffffffffff601000 --xp 00000000 00:00 0                  [vsyscall]
Total number of mappings: 886

JVMTI agents: none


VM Arguments:
jvm_args: -Djpackage.app-version=1.0.0 -Dcompose.application.resources.dir=/tmp/.mount_openflCl8K9q/lib/app/resources -Dcompose.application.configure.swing.globals=true -Dskiko.library.path=/tmp/.mount_openflCl8K9q/lib/app -Djpackage.app-path=/tmp/.mount_openflCl8K9q/bin/OpenFlixDesktop 
java_command: com.calebms.openflix.desktop.MainKt
java_class_path (initial): /tmp/.mount_openflCl8K9q/lib/app/openflix-desktop-351a4c36f7284a87b66cd0802e94371a.jar:/tmp/.mount_openflCl8K9q/lib/app/animation-core-desktop-1.6.11-f6bda2293864bf7fb78e7d97c1f783.jar:/tmp/.mount_openflCl8K9q/lib/app/animation-desktop-1.6.11-421ef34d9e87c3adeeaef576e9ca771.jar:/tmp/.mount_openflCl8K9q/lib/app/annotation-jvm-1.8.0-3c74b73c0c75521f67964f11b28dec9.jar:/tmp/.mount_openflCl8K9q/lib/app/annotations-23.0.0-8484cd17d040d837983323f760b2c660.jar:/tmp/.mount_openflCl8K9q/lib/app/atomicfu-jvm-0.23.2-5e4f88ed1c37222d791f5dcadf481498.jar:/tmp/.mount_openflCl8K9q/lib/app/collection-jvm-1.4.0-3f0597ec99a52ecdbf6f3962c5dc77a.jar:/tmp/.mount_openflCl8K9q/lib/app/core-common-2.2.0-2212d240dfe1e8a7598ee117ccc316d.jar:/tmp/.mount_openflCl8K9q/lib/app/desktop-jvm-1.6.11-e52a91ad685258dcfa37a67fcd2715.jar:/tmp/.mount_openflCl8K9q/lib/app/foundation-desktop-1.6.11-d57ca3c56cf347041370b1b7f7d1fd.jar:/tmp/.mount_openflCl8K9q/lib/app/foundation-layout-desktop-1.6.11-3b8aaccd5c58a7ac358f9562b221cee.jar:/tmp/.mount_openflCl8K9q/lib/app/jmdns-3.5.9-662cf9a0dfa577afe5ac75b4e1e26c.jar:/tmp/.mount_openflCl8K9q/lib/app/jna-jpms-5.14.0-c3a153b373aa94253a6742420ef51e3.jar:/tmp/.mount_openflCl8K9q/lib/app/jna-platform-jpms-5.14.0-e47bdb4498394d706a5dfb217306531.jar:/tmp/.mount_openflCl8K9q/lib/app/kotlin-stdlib-2.1.10-dab42e1d4845bfe80baaa808d2c5e43.jar:/tmp/.mount_openflCl8K9q/lib/app/kotlin-stdlib-jdk7-1.9.23-3818d01fbd742c4ef31bdccaa1825524.jar:/tmp/.mount_openflCl8K9q/lib/app/kotlin-stdlib-jdk8-1.9.23-c98840426f611d821234387f646e8.jar:/tmp/.mount_openflCl8K9q/lib/app/kotlinx-coroutines-core-jvm-1.9.0-7c86c3f6dbf92d46634a45f7727a3f6.jar:/tmp/.mount_openflCl8K9q/lib/app/kotlinx-coroutines-jdk8-1.9.0-aaa3712eb33442538e8d990902997d.jar:/tmp/.mount_openflCl8K9q/lib/app/kotlinx-coroutines-slf4j-1.9.0-1a48998873e7c916b2f79c52995367.jar:/tmp/.mount_openflCl8K9q/lib/app/kotlinx-coroutines-swing-1.9.0-306070691d4c995786916b28d04e9290.jar:/tmp/.mount_openflCl8K9q/lib/app/kotlinx-datetime-jvm-0.6.0-d083c24780d072bb42f9867184758f13.jar:/tmp/.mount_openflCl8K9q/lib/app/kotlinx-serialization-core-jvm-1.6.3-a53de86f751fdde057be40958fad42ac.jar:/tmp/.mount_openflCl8K9q/lib/app/kotlinx-serialization-json-jvm-1.6.3-f748e5e9c7239a8197747ced7208c13.jar:/tmp/.mount_openflCl8K9q/lib/app/ktor-client-cio-jvm-2.3.12-a3ba43e763e683bab047fec0bb3d55d0.jar:/tmp/.mount_openflCl8K9q/lib/app/ktor-client-core-jvm-2.3.12-49c74273196e5b8bf493e226c5bf55.jar:/tmp/.mount_openflCl8K9q/lib/app/ktor-client-websockets-jvm-2.3.12-1491d475d9ff39244b84665799242c.jar:/tmp/.mount_openflCl8K9q/lib/app/ktor-events-jvm-2.3.12-4aa2065903e308418c8ad72edf538a2.jar:/tmp/.mount_openflCl8K9q/lib/app/ktor-http-cio-jvm-2.3.12-2147a372c27296c8e1b55bf981c3ff8.jar:/tmp/.mount_openflCl8K9q/lib/app/ktor-http-jvm-2.3.12-9596dc65bb42bbdbc9cc97c078ad71.jar:/tmp/.mount_openflCl8K9q/lib/app/ktor-io-jvm-2.3.12-ac1278c7729e46fbca88ca1c3ac267cb.jar:/tmp/.mount_openflCl8K9q/lib/app/ktor-network-jvm-2.3.12-7a75af51b323fc92e8c94a81cc576.jar:/tmp/.mount_openflCl8K9q/lib/app/ktor-network-tls-jvm-2.3.12-954231771ef6ea4a64879e4ba651ac.jar:/tmp/.mount_openflCl8K9q/lib/app/ktor-serialization-jvm-2.3.12-2ac340dee787d8502f6f6738472b5e1d.jar:/tmp/.mount_openflCl8K9q/lib/app/ktor-utils-jvm-2.3.12-37b09af08940b0a3f01f8631a34645f7.jar:/tmp/.mount_openflCl8K9q/lib/app/ktor-websocket-serialization-jvm-2.3.12-84fbf395e7e91c63ea3a77cbc2ce57.jar:/tmp/.mount_openflCl8K9q/lib/app/ktor-websockets-jvm-2.3.12-fe6825d7b4f0f4ec9d7855f08d553cbb.jar:/tmp/.mount_openflCl8K9q/lib/app/lifecycle-common-jvm-2.8.0-8c81b745cb7664b0f78619d2e523d018.jar:/tmp/.mount_openflCl8K9q/lib/app/lifecycle-runtime-compose-desktop-2.8.0-61a1ae9c54eba4fff14f826359eaa068.jar:/tmp/.mount_openflCl8K9q/lib/app/lifecycle-runtime-desktop-2.8.0-7fc568586d392d3d5dbda79492e18d.jar:/tmp/.mount_openflCl8K9q/lib/app/lifecycle-viewmodel-desktop-2.8.0-4d5e53f5de6b49d3f3473ec75c92bf.jar:/tmp/.mount_openflCl8K9q/lib/app/material-desktop-1.6.11-763f2a3ffac95a961165ac457d95134.jar:/tmp/.mount_openflCl8K9q/lib/app/material-icons-core-desktop-1.6.11-4395614468f1d94339341dbef681bef.jar:/tmp/.mount_openflCl8K9q/lib/app/material-icons-extended-desktop-1.6.11-e590a9e464f4b8ba48135f6075a864b7.jar:/tmp/.mount_openflCl8K9q/lib/app/material-ripple-desktop-1.6.11-5bea7737b38682ed4ff518823d5fadfb.jar:/tmp/.mount_openflCl8K9q/lib/app/material3-desktop-1.6.11-e1966b40ef45dde3f0b3109e4d7c226.jar:/tmp/.mount_openflCl8K9q/lib/app/runtime-desktop-1.6.11-c4c7435bd1b5e7358975e707f9755b4.jar:/tmp/.mount_openflCl8K9q/lib/app/runtime-saveable-desktop-1.6.11-51768b3f4657857dfafdac2638c34d6e.jar:/tmp/.mount_openflCl8K9q/lib/app/skiko-awt-0.8.4-dc4d7370d91848f24fb446893b07c29.jar:/tmp/.mount_openflCl8K9q/lib/app/skiko-awt-runtime-linux-x64-0.8.4-5eb7509027dcaafe2cccfb53096697.jar:/tmp/.mount_openflCl8K9q/lib/app/slf4j-api-2.0.7-403dffa46cdd2e3c82da19df4f394a4c.jar:/tmp/.mount_openflCl8K9q/lib/app/ui-desktop-1.6.11-ed76707e98a555acd548642c28ada762.jar:/tmp/.mount_openflCl8K9q/lib/app/ui-geometry-desktop-1.6.11-27e6b8999564c5014dd9a26f6a34cfb.jar:/tmp/.mount_openflCl8K9q/lib/app/ui-graphics-desktop-1.6.11-6424628696c3992640c7459bfab43f69.jar:/tmp/.mount_openflCl8K9q/lib/app/ui-text-desktop-1.6.11-391e7e5b65e997685d94977fd3d3a23e.jar:/tmp/.mount_openflCl8K9q/lib/app/ui-tooling-preview-desktop-1.6.11-f86e811916e9fcecb72a5e1ce6eac638.jar:/tmp/.mount_openflCl8K9q/lib/app/ui-unit-desktop-1.6.11-ba41f960a6b8ce70b221a84418782ad.jar:/tmp/.mount_openflCl8K9q/lib/app/ui-util-desktop-1.6.11-8328c72186b6aef847af879d0bdb726.jar:/tmp/.mount_openflCl8K9q/lib/app/vlcj-4.8.3-d1a1f24be783244e351f42e4462e319.jar:/tmp/.mount_openflCl8K9q/lib/app/vlcj-natives-4.8.3-b7745b2f9a723c7f83fe24adb7d70bb.jar
Launcher Type: SUN_STANDARD

[Global flags]
     intx CICompilerCount                          = 4                                         {product} {ergonomic}
     uint ConcGCThreads                            = 2                                         {product} {ergonomic}
     uint G1ConcRefinementThreads                  = 8                                         {product} {ergonomic}
   size_t G1HeapRegionSize                         = 2097152                                   {product} {ergonomic}
   size_t InitialHeapSize                          = 195035136                                 {product} {ergonomic}
   size_t MarkStackSize                            = 4194304                                   {product} {ergonomic}
   size_t MarkStackSizeMax                         = 536870912                                 {product} {ergonomic}
   size_t MaxHeapSize                              = 3091202048                                {product} {ergonomic}
   size_t MaxNewSize                               = 1853882368                                {product} {ergonomic}
   size_t MinHeapDeltaBytes                        = 2097152                                   {product} {ergonomic}
   size_t MinHeapSize                              = 8388608                                   {product} {ergonomic}
    uintx NonNMethodCodeHeapSize                   = 5840896                                {pd product} {ergonomic}
    uintx NonProfiledCodeHeapSize                  = 122912768                              {pd product} {ergonomic}
    uintx ProfiledCodeHeapSize                     = 122912768                              {pd product} {ergonomic}
    uintx ReservedCodeCacheSize                    = 251666432                              {pd product} {ergonomic}
     bool SegmentedCodeCache                       = true                                      {product} {ergonomic}
   size_t SoftMaxHeapSize                          = 3091202048                             {manageable} {ergonomic}
     bool UseCompressedOops                        = true                           {product lp64_product} {ergonomic}
     bool UseG1GC                                  = true                                      {product} {ergonomic}

Logging:
Log output configuration:
 #0: stdout all=warning uptime,level,tags foldmultilines=false
 #1: stderr all=off uptime,level,tags foldmultilines=false

Release file:
JAVA_VERSION="25.0.3"
MODULES="java.base java.datatransfer java.xml java.prefs java.desktop java.logging jdk.crypto.ec"

Environment Variables:
PATH=/home/caleb/.local/bin:/home/caleb/bin:/usr/local/bin:/usr/bin:/usr/local/sbin:/usr/sbin
LD_LIBRARY_PATH=:/tmp/.mount_openflCl8K9q/lib/app
SHELL=/bin/bash
DISPLAY=:0
WAYLAND_DISPLAY=wayland-0
LANG=en_GB.UTF-8
TERM=dumb

Active Locale:
LC_ALL=en_GB.UTF-8
LC_COLLATE=en_GB.UTF-8
LC_CTYPE=en_GB.UTF-8
LC_MESSAGES=en_GB.UTF-8
LC_MONETARY=en_GB.UTF-8
LC_NUMERIC=en_GB.UTF-8
LC_TIME=en_GB.UTF-8

Signal Handlers:
   SIGSEGV: crash_handler in libjvm.so, mask=11100100010111111101111111111110, flags=SA_RESTART|SA_SIGINFO, unblocked
    SIGBUS: crash_handler in libjvm.so, mask=11100100010111111101111111111110, flags=SA_RESTART|SA_SIGINFO, unblocked
    SIGFPE: crash_handler in libjvm.so, mask=11100100010111111101111111111110, flags=SA_RESTART|SA_SIGINFO, unblocked
   SIGPIPE: javaSignalHandler in libjvm.so, mask=11100100010111111101111111111110, flags=SA_RESTART|SA_SIGINFO, blocked
   SIGXFSZ: javaSignalHandler in libjvm.so, mask=11100100010111111101111111111110, flags=SA_RESTART|SA_SIGINFO, blocked
    SIGILL: crash_handler in libjvm.so, mask=11100100010111111101111111111110, flags=SA_RESTART|SA_SIGINFO, unblocked
   SIGUSR2: SR_handler in libjvm.so, mask=00000000000000000000000000000000, flags=SA_RESTART|SA_SIGINFO, blocked
    SIGHUP: UserHandler in libjvm.so, mask=11100100010111111101111111111110, flags=SA_RESTART|SA_SIGINFO, blocked
    SIGINT: UserHandler in libjvm.so, mask=11100100010111111101111111111110, flags=SA_RESTART|SA_SIGINFO, blocked
   SIGTERM: UserHandler in libjvm.so, mask=11100100010111111101111111111110, flags=SA_RESTART|SA_SIGINFO, blocked
   SIGQUIT: UserHandler in libjvm.so, mask=11100100010111111101111111111110, flags=SA_RESTART|SA_SIGINFO, blocked
   SIGTRAP: crash_handler in libjvm.so, mask=11100100010111111101111111111110, flags=SA_RESTART|SA_SIGINFO, unblocked


Compilation memory statistics disabled.

Periodic native trim disabled

---------------  S Y S T E M  ---------------

OS:
Fedora release 44 (Forty Four)
uname: Linux 7.1.8-200.fc44.x86_64 #1 SMP PREEMPT_DYNAMIC Mon Aug 10 03:35:23 UTC 2026 x86_64
OS uptime: 0 days 1:36 hours
libc: glibc 2.43 NPTL 2.43 
rlimit (soft/hard): STACK 8192k/infinity , CORE infinity/infinity , NPROC 46929/46929 , NOFILE 524288/524288 , AS infinity/infinity , CPU infinity/infinity , DATA infinity/infinity , FSIZE infinity/infinity , MEMLOCK 8192k/8192k
load average: 1.58 1.52 1.82

/proc/meminfo:
MemTotal:       12074684 kB
MemFree:          201776 kB
MemAvailable:    3574588 kB
Buffers:             576 kB
Cached:          4192032 kB
SwapCached:         5032 kB
Active:          4677828 kB
Inactive:        4999540 kB
Active(anon):    3620080 kB
Inactive(anon):  2503812 kB
Active(file):    1057748 kB
Inactive(file):  2495728 kB
Unevictable:      264956 kB
Mlocked:             132 kB
SwapTotal:       8388604 kB
SwapFree:        4740708 kB
Zswap:                 0 kB
Zswapped:              0 kB
Dirty:              4292 kB
Writeback:             0 kB
AnonPages:       5748228 kB
Mapped:           869572 kB
Shmem:            639440 kB
KReclaimable:     112536 kB
Slab:             359036 kB
SReclaimable:     112536 kB
SUnreclaim:       246500 kB
KernelStack:       24240 kB
PageTables:        91968 kB
SecPageTables:      2056 kB
NFS_Unstable:          0 kB
Bounce:                0 kB
WritebackTmp:          0 kB
CommitLimit:    14425944 kB
Committed_AS:   27694056 kB
VmallocTotal:   34359738367 kB
VmallocUsed:      102116 kB
VmallocChunk:          0 kB
Percpu:             5696 kB
HardwareCorrupted:     0 kB
AnonHugePages:         0 kB
ShmemHugePages:        0 kB
ShmemPmdMapped:        0 kB
FileHugePages:         0 kB
FilePmdMapped:         0 kB
CmaTotal:              0 kB
CmaFree:               0 kB
Unaccepted:            0 kB
Balloon:               0 kB
GPUActive:             0 kB
GPUReclaim:            0 kB
HugePages_Total:       0
HugePages_Free:        0
HugePages_Rsvd:        0
HugePages_Surp:        0
Hugepagesize:       2048 kB
Hugetlb:               0 kB
DirectMap4k:      296544 kB
DirectMap2M:     6883328 kB
DirectMap1G:     5242880 kB

/sys/kernel/mm/transparent_hugepage/enabled: always [madvise] never
/sys/kernel/mm/transparent_hugepage/hpage_pmd_size: 2097152
/sys/kernel/mm/transparent_hugepage/shmem_enabled: always within_size advise [never] deny force
/sys/kernel/mm/transparent_hugepage/defrag (defrag/compaction efforts parameter): always defer defer+madvise [madvise] never

Process Memory:
Virtual Size: 8798920K (peak: 8799996K)
Resident Set Size: 251388K (peak: 251388K) (anon: 164300K, file: 87044K, shmem: 44K)
Swapped out: 0K
C-Heap outstanding allocations: 59911K, retained: 35020K
glibc malloc tunables: (default)

/proc/sys/kernel/threads-max (system-wide limit on the number of threads): 93859
/proc/sys/vm/max_map_count (maximum number of memory map areas a process may have): 1048576
/proc/sys/vm/swappiness (control to define how aggressively the kernel swaps out anonymous memory): 60
/proc/sys/kernel/pid_max (system-wide limit on number of process identifiers): 4194304

container information not found.
Steal ticks since vm start: 0
Steal ticks percentage since vm start:  0.000

CPU: total 8 (initial active 8) (4 cores per cpu, 2 threads per core) family 6 model 142 stepping 10 microcode 0xf6, cx8, cmov, fxsr, ht, mmx, 3dnowpref, sse, sse2, sse3, ssse3, sse4.1, sse4.2, popcnt, lzcnt, tsc, tscinvbit, avx, avx2, aes, erms, clmul, bmi1, bmi2, adx, fma, vzeroupper, clflush, clflushopt, rdtscp, f16c
CPU Model and flags from /proc/cpuinfo:
model name	: Intel(R) Core(TM) i5-8350U CPU @ 1.70GHz
flags		: fpu vme de pse tsc msr pae mce cx8 apic sep mtrr pge mca cmov pat pse36 clflush dts acpi mmx fxsr sse sse2 ss ht tm pbe syscall nx pdpe1gb rdtscp lm constant_tsc art arch_perfmon pebs bts rep_good nopl xtopology nonstop_tsc cpuid aperfmperf pni pclmulqdq dtes64 monitor ds_cpl vmx smx est tm2 ssse3 sdbg fma cx16 xtpr pdcm pcid sse4_1 sse4_2 x2apic movbe popcnt tsc_deadline_timer aes xsave avx f16c rdrand lahf_lm abm 3dnowprefetch cpuid_fault epb pti ssbd ibrs ibpb stibp tpr_shadow flexpriority ept vpid ept_ad fsgsbase tsc_adjust bmi1 avx2 smep bmi2 erms invpcid mpx rdseed adx smap clflushopt intel_pt xsaveopt xsavec xgetbv1 xsaves dtherm ida arat pln pts hwp hwp_notify hwp_act_window hwp_epp vnmi md_clear flush_l1d arch_capabilities

Online cpus: 0-7
Offline cpus: 
BIOS frequency limitation: <Not Available>
Frequency switch latency (ns): 0
Available cpu frequencies: <Not Available>
Current governor: powersave
Core performance/turbo boost: <Not Available>

Memory: 4k page, physical 12074684k(3574588k free), swap 8388604k(4740724k free)
Page Sizes: 4k

vm_info: OpenJDK 64-Bit Server VM (25.0.3+9-LTS) for linux-amd64 JRE (25.0.3+9-LTS), built on 2026-04-21T00:00:00Z with gcc 14.2.0

END.
